reference,comparison,metric,reference_mean,comparison_mean,difference,favorable_direction,oriented_improvement
rsg_complete,cgdc_complete,accuracy,0.7645379023883697,0.7525960539979232,-0.011941848390446541,1,-0.011941848390446541
rsg_complete,cgdc_complete,macro_f1,0.747550888495354,0.7324998413678889,-0.015051047127465078,1,-0.015051047127465078
rsg_complete,cgdc_complete,target_recall,0.7290836653386454,0.7290836653386454,0.0,1,0.0
rsg_complete,cgdc_complete,target_miss_rate,0.27091633466135456,0.27091633466135456,0.0,-1,-0.0
rsg_complete,cgdc_complete,ti_to_target_intrusion_rate,0.08418194161575017,0.10319076714188731,0.01900882552613714,-1,-0.01900882552613714
rsg_complete,cgdc_complete,metallic_to_target_intrusion_rate,0.11174242424242424,0.13257575757575757,0.02083333333333333,-1,-0.02083333333333333
rsg_complete,cgdc_complete,direct_accuracy,0.7596053997923157,0.7440290758047767,-0.015576323987538943,0,-0.0
rsg_complete,cgdc_complete,mapped_accuracy,0.7663551401869159,0.7518172377985461,-0.014537902388369717,0,-0.0
rsg_complete,cgdc_complete,fused_accuracy,0.7645379023883697,0.7525960539979232,-0.011941848390446541,1,-0.011941848390446541
rsg_complete,cgdc_complete,oracle_accuracy,0.7871235721703012,0.7715472481827622,-0.015576323987538943,0,-0.0
rsg_complete,cgdc_complete,expert_prediction_disagreement_rate,0.056074766355140186,0.061266874350986496,0.0051921079958463096,0,0.0
rsg_complete,cgdc_complete,one_right_one_wrong_rate,0.048286604361370715,0.047248182762201454,-0.0010384215991692605,0,-0.0
rsg_complete,cgdc_complete,one_right_gate_selection_accuracy,0.5801457194899817,0.5350554917719097,-0.04509022771807203,1,-0.04509022771807203
rsg_complete,cgdc_complete,mean_routing_regret_nll,0.08087104776739357,0.08016254413291796,-0.0007085036344756102,-1,0.0007085036344756102
rsg_complete,cgdc_complete,complementarity_recovery,-0.08619047619047676,0.032070707070709616,0.11826118326118637,1,0.11826118326118637
rsg_complete,cgdc_complete,brier_score,0.370170454270061,0.37837182547336035,0.008201371203299335,-1,-0.008201371203299335
rsg_complete,cgdc_complete,expected_calibration_error,0.12900819444444442,0.12871484449636553,-0.0002933499480788915,-1,0.0002933499480788915
rsg_complete,cgdc_shared_features,accuracy,0.7645379023883697,0.7502596053997923,-0.01427829698857741,1,-0.01427829698857741
rsg_complete,cgdc_shared_features,macro_f1,0.747550888495354,0.7300963269856449,-0.017454561509709143,1,-0.017454561509709143
rsg_complete,cgdc_shared_features,target_recall,0.7290836653386454,0.7051792828685259,-0.0239043824701195,1,-0.0239043824701195
rsg_complete,cgdc_shared_features,target_miss_rate,0.27091633466135456,0.29482071713147406,0.0239043824701195,-1,-0.0239043824701195
rsg_complete,cgdc_shared_features,ti_to_target_intrusion_rate,0.08418194161575017,0.09300746775288526,0.008825526137135095,-1,-0.008825526137135095
rsg_complete,cgdc_shared_features,metallic_to_target_intrusion_rate,0.11174242424242424,0.10984848484848485,-0.0018939393939393923,-1,0.0018939393939393923
rsg_complete,cgdc_shared_features,direct_accuracy,0.7596053997923157,0.740134994807892,-0.01947040498442365,0,-0.0
rsg_complete,cgdc_shared_features,mapped_accuracy,0.7663551401869159,0.7510384215991693,-0.015316718587746525,0,-0.0
rsg_complete,cgdc_shared_features,fused_accuracy,0.7645379023883697,0.7502596053997923,-0.01427829698857741,1,-0.01427829698857741
rsg_complete,cgdc_shared_features,oracle_accuracy,0.7871235721703012,0.7702492211838006,-0.016874350986500586,0,-0.0
rsg_complete,cgdc_shared_features,expert_prediction_disagreement_rate,0.056074766355140186,0.061266874350986496,0.0051921079958463096,0,0.0
rsg_complete,cgdc_shared_features,one_right_one_wrong_rate,0.048286604361370715,0.049325025960539975,0.0010384215991692605,0,0.0
rsg_complete,cgdc_shared_features,one_right_gate_selection_accuracy,0.5801457194899817,0.5815909637106464,0.001445244220664721,1,0.001445244220664721
rsg_complete,cgdc_shared_features,mean_routing_regret_nll,0.08087104776739357,0.08031070560747663,-0.0005603421599169323,-1,0.0005603421599169323
rsg_complete,cgdc_shared_features,complementarity_recovery,-0.08619047619047676,-0.044733044733047254,0.04145743145742951,1,0.04145743145742951
rsg_complete,cgdc_shared_features,brier_score,0.370170454270061,0.384750662996128,0.014580208726066968,-1,-0.014580208726066968
rsg_complete,cgdc_shared_features,expected_calibration_error,0.12900819444444442,0.127482007788162,-0.00152618665628243,-1,0.00152618665628243
rsg_complete,cgdc_unconditional,accuracy,0.7645379023883697,0.7593457943925234,-0.005192107995846351,1,-0.005192107995846351
rsg_complete,cgdc_unconditional,macro_f1,0.747550888495354,0.7411285928315111,-0.006422295663842892,1,-0.006422295663842892
rsg_complete,cgdc_unconditional,target_recall,0.7290836653386454,0.7569721115537849,0.027888446215139417,1,0.027888446215139417
rsg_complete,cgdc_unconditional,target_miss_rate,0.27091633466135456,0.24302788844621515,-0.027888446215139417,-1,0.027888446215139417
rsg_complete,cgdc_unconditional,ti_to_target_intrusion_rate,0.08418194161575017,0.10794297352342158,0.023761031907671412,-1,-0.023761031907671412
rsg_complete,cgdc_unconditional,metallic_to_target_intrusion_rate,0.11174242424242424,0.1268939393939394,0.015151515151515152,-1,-0.015151515151515152
rsg_complete,cgdc_unconditional,direct_accuracy,0.7596053997923157,0.7505192107995846,-0.009086188992731059,0,-0.0
rsg_complete,cgdc_unconditional,mapped_accuracy,0.7663551401869159,0.759865005192108,-0.0064901349948078835,0,-0.0
rsg_complete,cgdc_unconditional,fused_accuracy,0.7645379023883697,0.7593457943925234,-0.005192107995846351,1,-0.005192107995846351
rsg_complete,cgdc_unconditional,oracle_accuracy,0.7871235721703012,0.7795950155763239,-0.00752855659397722,0,-0.0
rsg_complete,cgdc_unconditional,expert_prediction_disagreement_rate,0.056074766355140186,0.059968847352024915,0.0038940809968847287,0,0.0
rsg_complete,cgdc_unconditional,one_right_one_wrong_rate,0.048286604361370715,0.04880581516095535,0.0005192107995846337,0,0.0
rsg_complete,cgdc_unconditional,one_right_gate_selection_accuracy,0.5801457194899817,0.5545130614180968,-0.025632658071884973,1,-0.025632658071884973
rsg_complete,cgdc_unconditional,mean_routing_regret_nll,0.08087104776739357,0.07926590550363448,-0.0016051422637590879,-1,0.0016051422637590879
rsg_complete,cgdc_unconditional,complementarity_recovery,-0.08619047619047676,-0.036796536796539984,0.04939393939393678,1,0.04939393939393678
rsg_complete,cgdc_unconditional,brier_score,0.370170454270061,0.3869940213484475,0.016823567078386503,-1,-0.016823567078386503
rsg_complete,cgdc_unconditional,expected_calibration_error,0.12900819444444442,0.14341142445482868,0.014403230010384266,-1,-0.014403230010384266
rsg_complete,cgdc_no_decomposition_loss,accuracy,0.7645379023883697,0.7538940809968847,-0.010643821391485009,1,-0.010643821391485009
rsg_complete,cgdc_no_decomposition_loss,macro_f1,0.747550888495354,0.7351875464475656,-0.01236334204778844,1,-0.01236334204778844
rsg_complete,cgdc_no_decomposition_loss,target_recall,0.7290836653386454,0.7144754316069057,-0.014608233731739695,1,-0.014608233731739695
rsg_complete,cgdc_no_decomposition_loss,target_miss_rate,0.27091633466135456,0.2855245683930943,0.01460823373173975,-1,-0.01460823373173975
rsg_complete,cgdc_no_decomposition_loss,ti_to_target_intrusion_rate,0.08418194161575017,0.08961303462321792,0.005431093007467747,-1,-0.005431093007467747
rsg_complete,cgdc_no_decomposition_loss,metallic_to_target_intrusion_rate,0.11174242424242424,0.11553030303030302,0.0037878787878787845,-1,-0.0037878787878787845
rsg_complete,cgdc_no_decomposition_loss,direct_accuracy,0.7596053997923157,0.751557632398754,-0.008047767393561722,0,-0.0
rsg_complete,cgdc_no_decomposition_loss,mapped_accuracy,0.7663551401869159,0.7536344755970924,-0.01272066458982346,0,-0.0
rsg_complete,cgdc_no_decomposition_loss,fused_accuracy,0.7645379023883697,0.7538940809968847,-0.010643821391485009,1,-0.010643821391485009
rsg_complete,cgdc_no_decomposition_loss,oracle_accuracy,0.7871235721703012,0.7751817237798546,-0.011941848390446541,0,-0.0
rsg_complete,cgdc_no_decomposition_loss,expert_prediction_disagreement_rate,0.056074766355140186,0.0563343717549325,0.0002596053997923134,0,0.0
rsg_complete,cgdc_no_decomposition_loss,one_right_one_wrong_rate,0.048286604361370715,0.045171339563862926,-0.0031152647975077885,0,-0.0
rsg_complete,cgdc_no_decomposition_loss,one_right_gate_selection_accuracy,0.5801457194899817,0.5110054993318089,-0.06914022015817278,1,-0.06914022015817278
rsg_complete,cgdc_no_decomposition_loss,mean_routing_regret_nll,0.08087104776739357,0.08724058255451714,0.006369534787123571,-1,-0.006369534787123571
rsg_complete,cgdc_no_decomposition_loss,complementarity_recovery,-0.08619047619047676,-0.1083333333333337,-0.022142857142856937,1,-0.022142857142856937
rsg_complete,cgdc_no_decomposition_loss,brier_score,0.370170454270061,0.3939064410216788,0.02373598675161781,-1,-0.02373598675161781
rsg_complete,cgdc_no_decomposition_loss,expected_calibration_error,0.12900819444444442,0.1545770184319834,0.025568823987538986,-1,-0.025568823987538986
