image_id,relative_path,mineral_label,four_class_label,four_class_id,mindat_photo_id,split_group_id,split,confirmation_subset,outer_fold,tc_subset,tc_protocol_version
VTM-000037,raw_positive/ilmenite_ti_mineral/ilmenite_mindat_p081338_025_raw.jpg,ilmenite,target_mineral,0,81338,DG-134533c2ee9a,train,expert_fit,1,expert_stop,tc_oos_rsg_v1
VTM-000045,raw_positive/ilmenite_ti_mineral/ilmenite_mindat_p1047579_231_raw.jpg,ilmenite,target_mineral,0,1047579,DG-e57922e4a4ef,train,expert_fit,1,expert_stop,tc_oos_rsg_v1
VTM-000079,raw_positive/ilmenite_ti_mineral/ilmenite_mindat_p1298637_166_raw.jpg,ilmenite,target_mineral,0,1298637,DG-865801959617,train,expert_fit,1,expert_stop,tc_oos_rsg_v1
VTM-000080,raw_positive/ilmenite_ti_mineral/ilmenite_mindat_p1298638_168_raw.jpg,ilmenite,target_mineral,0,1298638,DG-7e62cc22da7f,train,gate_fit,1,expert_stop,tc_oos_rsg_v1
VTM-000126,raw_positive/ilmenite_ti_mineral/ilmenite_mindat_p155036_312_raw.jpg,ilmenite,target_mineral,0,155036,DG-c9aba633a410,train,expert_fit,1,expert_stop,tc_oos_rsg_v1
VTM-000130,raw_positive/ilmenite_ti_mineral/ilmenite_mindat_p157697_349_raw.jpg,ilmenite,target_mineral,0,157697,DG-c93fa69bd002,train,expert_fit,1,expert_stop,tc_oos_rsg_v1
VTM-000204,raw_positive/ilmenite_ti_mineral/ilmenite_mindat_p340714_324_raw.jpg,ilmenite,target_mineral,0,340714,DG-7d9cd3ff4e34,train,expert_fit,1,expert_stop,tc_oos_rsg_v1
VTM-000210,raw_positive/ilmenite_ti_mineral/ilmenite_mindat_p368290_068_raw.jpg,ilmenite,target_mineral,0,368290,DG-3d63ccadf9a9,train,expert_fit,1,expert_stop,tc_oos_rsg_v1
VTM-000214,raw_positive/ilmenite_ti_mineral/ilmenite_mindat_p384800_233_raw.jpg,ilmenite,target_mineral,0,384800,DG-e243cfd0a50c,train,gate_stop,1,expert_stop,tc_oos_rsg_v1
VTM-000216,raw_positive/ilmenite_ti_mineral/ilmenite_mindat_p405338_135_raw.jpg,ilmenite,target_mineral,0,405338,DG-89f8774a7c9a,train,expert_fit,1,expert_stop,tc_oos_rsg_v1
VTM-000217,raw_positive/ilmenite_ti_mineral/ilmenite_mindat_p411733_139_raw.jpg,ilmenite,target_mineral,0,411733,DG-aaf59fa905f6,train,gate_stop,1,expert_stop,tc_oos_rsg_v1
VTM-000239,raw_positive/ilmenite_ti_mineral/ilmenite_mindat_p519805_300_raw.jpg,ilmenite,target_mineral,0,519805,DG-eafba2c762ae,train,expert_fit,1,expert_stop,tc_oos_rsg_v1
VTM-000298,raw_positive/ilmenite_ti_mineral/ilmenite_mindat_p778043_238_raw.jpg,ilmenite,target_mineral,0,778043,DG-92e88f8c1435,train,expert_fit,1,expert_stop,tc_oos_rsg_v1
VTM-000365,raw_positive/magnetite_proxy/magnetite_mindat_p014934_1309_raw.jpg,magnetite,target_mineral,0,14934,DG-403301c9b56e,train,gate_fit,1,expert_stop,tc_oos_rsg_v1
VTM-000374,raw_positive/magnetite_proxy/magnetite_mindat_p020778_257_raw.jpg,magnetite,target_mineral,0,20778,DG-f4e221fe8b8b,train,expert_fit,1,expert_stop,tc_oos_rsg_v1
VTM-000395,raw_positive/magnetite_proxy/magnetite_mindat_p035599_449_raw.jpg,magnetite,target_mineral,0,35599,DG-34f56aa81876,train,gate_stop,1,expert_stop,tc_oos_rsg_v1
VTM-000400,raw_positive/magnetite_proxy/magnetite_mindat_p037701_488_raw.jpg,magnetite,target_mineral,0,37701,DG-8e132efe57df,train,gate_fit,1,expert_stop,tc_oos_rsg_v1
VTM-000420,raw_positive/magnetite_proxy/magnetite_mindat_p045200_1010_raw.jpg,magnetite,target_mineral,0,45200,DG-bea3245792a5,train,expert_fit,1,expert_stop,tc_oos_rsg_v1
VTM-000449,raw_positive/magnetite_proxy/magnetite_mindat_p062684_798_raw.jpg,magnetite,target_mineral,0,62684,DG-f157fe6a84d8,train,expert_fit,1,expert_stop,tc_oos_rsg_v1
VTM-000456,raw_positive/magnetite_proxy/magnetite_mindat_p067915_087_raw.jpg,magnetite,target_mineral,0,67915,DG-613c67a9466d,train,expert_fit,1,expert_stop,tc_oos_rsg_v1
VTM-000494,raw_positive/magnetite_proxy/magnetite_mindat_p091044_279_raw.jpg,magnetite,target_mineral,0,91044,DG-2a5290c5d7d8,train,gate_stop,1,expert_stop,tc_oos_rsg_v1
VTM-000509,raw_positive/magnetite_proxy/magnetite_mindat_p097372_260_raw.jpg,magnetite,target_mineral,0,97372,DG-c4c2974889e2,train,expert_fit,1,expert_stop,tc_oos_rsg_v1
VTM-000537,raw_positive/magnetite_proxy/magnetite_mindat_p1021034_218_raw.jpg,magnetite,target_mineral,0,1021034,DG-7da574bee125,train,expert_fit,1,expert_stop,tc_oos_rsg_v1
VTM-000549,raw_positive/magnetite_proxy/magnetite_mindat_p1040903_952_raw.jpg,magnetite,target_mineral,0,1040903,DG-ecd00147484f,train,expert_stop,1,expert_stop,tc_oos_rsg_v1
VTM-000574,raw_positive/magnetite_proxy/magnetite_mindat_p1069607_539_raw.jpg,magnetite,target_mineral,0,1069607,DG-d2a6f15126ec,train,expert_fit,1,expert_stop,tc_oos_rsg_v1
VTM-000627,raw_positive/magnetite_proxy/magnetite_mindat_p1147001_1223_raw.jpg,magnetite,target_mineral,0,1147001,DG-915428cedd5a,train,gate_fit,1,expert_stop,tc_oos_rsg_v1
VTM-000632,raw_positive/magnetite_proxy/magnetite_mindat_p1151552_595_raw.jpg,magnetite,target_mineral,0,1151552,DG-106e1814764b,train,expert_stop,1,expert_stop,tc_oos_rsg_v1
VTM-000633,raw_positive/magnetite_proxy/magnetite_mindat_p1156927_750_raw.jpg,magnetite,target_mineral,0,1156927,DG-6b47596344a6,train,expert_stop,1,expert_stop,tc_oos_rsg_v1
VTM-000681,raw_positive/magnetite_proxy/magnetite_mindat_p1209355_917_raw.jpg,magnetite,target_mineral,0,1209355,DG-35c7c8b5abb3,train,expert_fit,1,expert_stop,tc_oos_rsg_v1
VTM-000693,raw_positive/magnetite_proxy/magnetite_mindat_p1217402_687_raw.jpg,magnetite,target_mineral,0,1217402,DG-215e87cde7ce,train,expert_fit,1,expert_stop,tc_oos_rsg_v1
VTM-000738,raw_positive/magnetite_proxy/magnetite_mindat_p1303012_726_raw.jpg,magnetite,target_mineral,0,1303012,DG-acfec52406c0,train,gate_stop,1,expert_stop,tc_oos_rsg_v1
VTM-000780,raw_positive/magnetite_proxy/magnetite_mindat_p1338541_1221_raw.jpg,magnetite,target_mineral,0,1338541,DG-a79c8336c383,train,expert_fit,1,expert_stop,tc_oos_rsg_v1
VTM-000782,raw_positive/magnetite_proxy/magnetite_mindat_p1344547_679_raw.jpg,magnetite,target_mineral,0,1344547,DG-c2d5781a014e,train,expert_fit,1,expert_stop,tc_oos_rsg_v1
VTM-000806,raw_positive/magnetite_proxy/magnetite_mindat_p1373662_904_raw.jpg,magnetite,target_mineral,0,1373662,DG-14863fef1d86,train,expert_fit,1,expert_stop,tc_oos_rsg_v1
VTM-000860,raw_positive/magnetite_proxy/magnetite_mindat_p1430009_524_raw.jpg,magnetite,target_mineral,0,1430009,DG-eb5b42e3110a,train,gate_fit,1,expert_stop,tc_oos_rsg_v1
VTM-000899,raw_positive/magnetite_proxy/magnetite_mindat_p1486655_1128_raw.jpg,magnetite,target_mineral,0,1486655,DG-8dab9197caa1,train,gate_fit,1,expert_stop,tc_oos_rsg_v1
VTM-000912,raw_positive/magnetite_proxy/magnetite_mindat_p150588_859_raw.jpg,magnetite,target_mineral,0,150588,DG-06fccb2adcda,train,expert_stop,1,expert_stop,tc_oos_rsg_v1
VTM-000927,raw_positive/magnetite_proxy/magnetite_mindat_p155328_470_raw.jpg,magnetite,target_mineral,0,155328,DG-2d91e78bf98a,train,gate_fit,1,expert_stop,tc_oos_rsg_v1
VTM-000961,raw_positive/magnetite_proxy/magnetite_mindat_p1706312_628_raw.jpg,magnetite,target_mineral,0,1706312,DG-e0491f2bf943,train,expert_fit,1,expert_stop,tc_oos_rsg_v1
VTM-001057,raw_positive/magnetite_proxy/magnetite_mindat_p261847_702_raw.jpg,magnetite,target_mineral,0,261847,DG-21ea50fc5028,train,expert_fit,1,expert_stop,tc_oos_rsg_v1
VTM-001071,raw_positive/magnetite_proxy/magnetite_mindat_p275100_061_raw.jpg,magnetite,target_mineral,0,275100,DG-87a01d60685b,train,gate_fit,1,expert_stop,tc_oos_rsg_v1
VTM-001080,raw_positive/magnetite_proxy/magnetite_mindat_p284006_043_raw.jpg,magnetite,target_mineral,0,284006,DG-2ced1c21c3c2,train,expert_stop,1,expert_stop,tc_oos_rsg_v1
VTM-001140,raw_positive/magnetite_proxy/magnetite_mindat_p338511_025_raw.jpg,magnetite,target_mineral,0,338511,DG-cebb57320b27,train,expert_fit,1,expert_stop,tc_oos_rsg_v1
VTM-001164,raw_positive/magnetite_proxy/magnetite_mindat_p358665_887_raw.jpg,magnetite,target_mineral,0,358665,DG-a3b1959b14cb,train,gate_fit,1,expert_stop,tc_oos_rsg_v1
VTM-001234,raw_positive/magnetite_proxy/magnetite_mindat_p437207_146_raw.jpg,magnetite,target_mineral,0,437207,DG-cf75256b5a08,train,gate_stop,1,expert_stop,tc_oos_rsg_v1
VTM-001242,raw_positive/magnetite_proxy/magnetite_mindat_p449628_710_raw.jpg,magnetite,target_mineral,0,449628,DG-40ce2a937e56,train,expert_fit,1,expert_stop,tc_oos_rsg_v1
VTM-001243,raw_positive/magnetite_proxy/magnetite_mindat_p450232_1204_raw.jpg,magnetite,target_mineral,0,450232,DG-8ba6353e9b7a,train,expert_stop,1,expert_stop,tc_oos_rsg_v1
VTM-001283,raw_positive/magnetite_proxy/magnetite_mindat_p502051_227_raw.jpg,magnetite,target_mineral,0,502051,DG-f241854c4277,train,gate_fit,1,expert_stop,tc_oos_rsg_v1
VTM-001293,raw_positive/magnetite_proxy/magnetite_mindat_p515867_297_raw.jpg,magnetite,target_mineral,0,515867,DG-4a5557a56c44,train,gate_fit,1,expert_stop,tc_oos_rsg_v1
VTM-001345,raw_positive/magnetite_proxy/magnetite_mindat_p552793_1100_raw.jpg,magnetite,target_mineral,0,552793,DG-dc02ff5add68,train,expert_fit,1,expert_stop,tc_oos_rsg_v1
VTM-001396,raw_positive/magnetite_proxy/magnetite_mindat_p622096_742_raw.jpg,magnetite,target_mineral,0,622096,DG-a150f7a82498,train,expert_fit,1,expert_stop,tc_oos_rsg_v1
VTM-001407,raw_positive/magnetite_proxy/magnetite_mindat_p631140_1091_raw.jpg,magnetite,target_mineral,0,631140,DG-4fa6df91d021,train,gate_fit,1,expert_stop,tc_oos_rsg_v1
VTM-001481,raw_positive/magnetite_proxy/magnetite_mindat_p724319_616_raw.jpg,magnetite,target_mineral,0,724319,DG-9028d210b513,train,gate_fit,1,expert_stop,tc_oos_rsg_v1
VTM-001498,raw_positive/magnetite_proxy/magnetite_mindat_p747396_584_raw.jpg,magnetite,target_mineral,0,747396,DG-7843e4ee19c4,train,expert_fit,1,expert_stop,tc_oos_rsg_v1
VTM-001519,raw_positive/magnetite_proxy/magnetite_mindat_p776338_1283_raw.jpg,magnetite,target_mineral,0,776338,DG-747199ca4761,train,expert_fit,1,expert_stop,tc_oos_rsg_v1
VTM-001520,raw_positive/magnetite_proxy/magnetite_mindat_p780230_1291_raw.jpg,magnetite,target_mineral,0,780230,DG-c862f13dc29b,train,gate_fit,1,expert_stop,tc_oos_rsg_v1
VTM-001523,raw_positive/magnetite_proxy/magnetite_mindat_p781380_1065_raw.jpg,magnetite,target_mineral,0,781380,DG-1ba8910309e1,train,expert_fit,1,expert_stop,tc_oos_rsg_v1
VTM-001530,raw_positive/magnetite_proxy/magnetite_mindat_p792985_1203_raw.jpg,magnetite,target_mineral,0,792985,DG-61cd5e270c58,train,expert_fit,1,expert_stop,tc_oos_rsg_v1
VTM-001538,raw_positive/magnetite_proxy/magnetite_mindat_p797962_215_raw.jpg,magnetite,target_mineral,0,797962,DG-7fac339e4292,train,expert_fit,1,expert_stop,tc_oos_rsg_v1
VTM-001550,raw_positive/magnetite_proxy/magnetite_mindat_p808624_124_raw.jpg,magnetite,target_mineral,0,808624,DG-895bc6badd0a,train,expert_fit,1,expert_stop,tc_oos_rsg_v1
VTM-001571,raw_positive/magnetite_proxy/magnetite_mindat_p851393_1117_raw.jpg,magnetite,target_mineral,0,851393,DG-eee01346f14d,train,expert_fit,1,expert_stop,tc_oos_rsg_v1
VTM-001600,raw_positive/magnetite_proxy/magnetite_mindat_p881327_298_raw.jpg,magnetite,target_mineral,0,881327,DG-ed58393ac6b4,train,gate_fit,1,expert_stop,tc_oos_rsg_v1
VTM-001608,raw_positive/magnetite_proxy/magnetite_mindat_p882898_1214_raw.jpg,magnetite,target_mineral,0,882898,DG-c12cc4bec9e4,train,gate_stop,1,expert_stop,tc_oos_rsg_v1
VTM-001612,raw_positive/magnetite_proxy/magnetite_mindat_p884253_672_raw.jpg,magnetite,target_mineral,0,884253,DG-ac26e312fdec,train,expert_fit,1,expert_stop,tc_oos_rsg_v1
VTM-001631,raw_positive/magnetite_proxy/magnetite_mindat_p899502_327_raw.jpg,magnetite,target_mineral,0,899502,DG-42529c9edd64,train,gate_fit,1,expert_stop,tc_oos_rsg_v1
VTM-001655,raw_positive/magnetite_proxy/magnetite_mindat_p945061_458_raw.jpg,magnetite,target_mineral,0,945061,DG-ffd90f8c496f,train,expert_fit,1,expert_stop,tc_oos_rsg_v1
VTM-001671,raw_positive/titanomagnetite_core/titanomagnetite_mindat_p079662_005_raw.jpg,titanomagnetite,target_mineral,0,79662,DG-a5ee170f9ded,train,gate_stop,1,expert_stop,tc_oos_rsg_v1
VTM-001728,raw_negative/gangue_negative/calcite/calcite_mindat_p026120_page8_026_raw.jpg,calcite,gangue_negative,2,26120,DG-df4c8a563a24,train,gate_stop,1,expert_stop,tc_oos_rsg_v1
VTM-001740,raw_negative/gangue_negative/calcite/calcite_mindat_p034553_page1_038_raw.jpg,calcite,gangue_negative,2,34553,DG-4b56e6a07cac,train,gate_stop,1,expert_stop,tc_oos_rsg_v1
VTM-001743,raw_negative/gangue_negative/calcite/calcite_mindat_p039797_page9_036_raw.jpg,calcite,gangue_negative,2,39797,DG-3c5a76a0fd1e,train,gate_stop,1,expert_stop,tc_oos_rsg_v1
VTM-001781,raw_negative/gangue_negative/calcite/calcite_mindat_p068199_page9_042_raw.jpg,calcite,gangue_negative,2,68199,DG-eb9cf64254b4,train,expert_fit,1,expert_stop,tc_oos_rsg_v1
VTM-001831,raw_negative/gangue_negative/calcite/calcite_mindat_p116106_page8_066_raw.jpg,calcite,gangue_negative,2,116106,DG-31912d161108,train,expert_fit,1,expert_stop,tc_oos_rsg_v1
VTM-001834,raw_negative/gangue_negative/calcite/calcite_mindat_p116385_page1_025_raw.jpg,calcite,gangue_negative,2,116385,DG-ef83fc7b1744,train,expert_fit,1,expert_stop,tc_oos_rsg_v1
VTM-001847,raw_negative/gangue_negative/calcite/calcite_mindat_p1215718_page2_003_raw.jpg,calcite,gangue_negative,2,1215718,DG-f585fb0c979c,train,expert_fit,1,expert_stop,tc_oos_rsg_v1
VTM-001889,raw_negative/gangue_negative/calcite/calcite_mindat_p1452504_page2_008_raw.jpg,calcite,gangue_negative,2,1452504,DG-3e55fcbac659,train,expert_fit,1,expert_stop,tc_oos_rsg_v1
VTM-001915,raw_negative/gangue_negative/calcite/calcite_mindat_p159976_page8_027_raw.jpg,calcite,gangue_negative,2,159976,DG-06cd442d5c0c,train,expert_fit,1,expert_stop,tc_oos_rsg_v1
VTM-001962,raw_negative/gangue_negative/calcite/calcite_mindat_p398365_page1_058_raw.jpg,calcite,gangue_negative,2,398365,DG-cae5140d5d04,train,expert_fit,1,expert_stop,tc_oos_rsg_v1
VTM-001984,raw_negative/gangue_negative/calcite/calcite_mindat_p486978_page6_035_raw.jpg,calcite,gangue_negative,2,486978,DG-89652f612d09,train,expert_fit,1,expert_stop,tc_oos_rsg_v1
VTM-002013,raw_negative/gangue_negative/calcite/calcite_mindat_p592345_page1_014_raw.jpg,calcite,gangue_negative,2,592345,DG-e759b87cec15,train,expert_fit,1,expert_stop,tc_oos_rsg_v1
VTM-002025,raw_negative/gangue_negative/calcite/calcite_mindat_p654988_page6_043_raw.jpg,calcite,gangue_negative,2,654988,DG-bf2ebb1198da,train,gate_fit,1,expert_stop,tc_oos_rsg_v1
VTM-002046,raw_negative/gangue_negative/feldspar/feldspar_mindat_p015406_page5_024_raw.jpg,feldspar,gangue_negative,2,15406,DG-168ff7c2fa35,train,expert_fit,1,expert_stop,tc_oos_rsg_v1
VTM-002093,raw_negative/gangue_negative/feldspar/feldspar_mindat_p089666_page6_029_raw.jpg,feldspar,gangue_negative,2,89666,DG-41defb57d166,train,expert_fit,1,expert_stop,tc_oos_rsg_v1
VTM-002181,raw_negative/gangue_negative/feldspar/feldspar_mindat_p202845_page1_031_raw.jpg,feldspar,gangue_negative,2,202845,DG-d7019067d0cc,train,expert_fit,1,expert_stop,tc_oos_rsg_v1
VTM-002190,raw_negative/gangue_negative/feldspar/feldspar_mindat_p213218_page5_051_raw.jpg,feldspar,gangue_negative,2,213218,DG-970982c8d5ca,train,gate_stop,1,expert_stop,tc_oos_rsg_v1
VTM-002198,raw_negative/gangue_negative/feldspar/feldspar_mindat_p219058_page4_007_raw.jpg,feldspar,gangue_negative,2,219058,DG-41c1fd800583,train,gate_fit,1,expert_stop,tc_oos_rsg_v1
VTM-002201,raw_negative/gangue_negative/feldspar/feldspar_mindat_p227542_page5_053_raw.jpg,feldspar,gangue_negative,2,227542,DG-69f32fd0a13b,train,expert_stop,1,expert_stop,tc_oos_rsg_v1
VTM-002212,raw_negative/gangue_negative/feldspar/feldspar_mindat_p255659_page4_014_raw.jpg,feldspar,gangue_negative,2,255659,DG-47fc26f33286,train,gate_stop,1,expert_stop,tc_oos_rsg_v1
VTM-002251,raw_negative/gangue_negative/feldspar/feldspar_mindat_p372554_page6_038_raw.jpg,feldspar,gangue_negative,2,372554,DG-eee866698909,train,expert_stop,1,expert_stop,tc_oos_rsg_v1
VTM-002285,raw_negative/gangue_negative/feldspar/feldspar_mindat_p531914_page5_057_raw.jpg,feldspar,gangue_negative,2,531914,DG-dd2052ca10f5,train,gate_fit,1,expert_stop,tc_oos_rsg_v1
VTM-002290,raw_negative/gangue_negative/feldspar/feldspar_mindat_p537939_page6_070_raw.jpg,feldspar,gangue_negative,2,537939,DG-3961b2f3475e,train,expert_fit,1,expert_stop,tc_oos_rsg_v1
VTM-002292,raw_negative/gangue_negative/feldspar/feldspar_mindat_p541719_page3_037_raw.jpg,feldspar,gangue_negative,2,541719,DG-aec648ea2cdc,train,expert_fit,1,expert_stop,tc_oos_rsg_v1
VTM-002319,raw_negative/gangue_negative/feldspar/feldspar_mindat_p684766_page2_002_raw.jpg,feldspar,gangue_negative,2,684766,DG-096e6302dea3,train,gate_stop,1,expert_stop,tc_oos_rsg_v1
VTM-002358,raw_negative/gangue_negative/fluorapatite/fluorapatite_mindat_p006829_page1_017_raw.jpg,fluorapatite,gangue_negative,2,6829,DG-c8215fda6914,train,expert_fit,1,expert_stop,tc_oos_rsg_v1
VTM-002363,raw_negative/gangue_negative/fluorapatite/fluorapatite_mindat_p009638_page9_058_raw.jpg,fluorapatite,gangue_negative,2,9638,DG-4d61e2e8c9ea,train,gate_fit,1,expert_stop,tc_oos_rsg_v1
VTM-002377,raw_negative/gangue_negative/fluorapatite/fluorapatite_mindat_p024034_page9_065_raw.jpg,fluorapatite,gangue_negative,2,24034,DG-4949a603ee5a,train,expert_fit,1,expert_stop,tc_oos_rsg_v1
VTM-002379,raw_negative/gangue_negative/fluorapatite/fluorapatite_mindat_p026473_page9_060_raw.jpg,fluorapatite,gangue_negative,2,26473,DG-7f8c0c5a6496,train,expert_fit,1,expert_stop,tc_oos_rsg_v1
VTM-002426,raw_negative/gangue_negative/fluorapatite/fluorapatite_mindat_p067537_page4_046_raw.jpg,fluorapatite,gangue_negative,2,67537,DG-70ae871f721c,train,expert_fit,1,expert_stop,tc_oos_rsg_v1
VTM-002438,raw_negative/gangue_negative/fluorapatite/fluorapatite_mindat_p074774_page8_043_raw.jpg,fluorapatite,gangue_negative,2,74774,DG-86d5432fe9c6,train,expert_fit,1,expert_stop,tc_oos_rsg_v1
VTM-002441,raw_negative/gangue_negative/fluorapatite/fluorapatite_mindat_p079307_page1_069_raw.jpg,fluorapatite,gangue_negative,2,79307,DG-186a6d3e9dbe,train,gate_stop,1,expert_stop,tc_oos_rsg_v1
VTM-002521,raw_negative/gangue_negative/fluorapatite/fluorapatite_mindat_p1269193_page7_074_raw.jpg,fluorapatite,gangue_negative,2,1269193,DG-9a2c41549880,train,expert_fit,1,expert_stop,tc_oos_rsg_v1
VTM-002539,raw_negative/gangue_negative/fluorapatite/fluorapatite_mindat_p132043_page8_050_raw.jpg,fluorapatite,gangue_negative,2,132043,DG-9840407bf324,train,expert_fit,1,expert_stop,tc_oos_rsg_v1
VTM-002595,raw_negative/gangue_negative/fluorapatite/fluorapatite_mindat_p158177_page9_057_raw.jpg,fluorapatite,gangue_negative,2,158177,DG-3bbe07533535,train,expert_fit,1,expert_stop,tc_oos_rsg_v1
VTM-002639,raw_negative/gangue_negative/fluorapatite/fluorapatite_mindat_p213315_page4_012_raw.jpg,fluorapatite,gangue_negative,2,213315,DG-d59be955cb06,train,expert_fit,1,expert_stop,tc_oos_rsg_v1
VTM-002672,raw_negative/gangue_negative/fluorapatite/fluorapatite_mindat_p300698_page5_005_raw.jpg,fluorapatite,gangue_negative,2,300698,DG-541249a33c15,train,expert_fit,1,expert_stop,tc_oos_rsg_v1
VTM-002684,raw_negative/gangue_negative/fluorapatite/fluorapatite_mindat_p316318_page9_024_raw.jpg,fluorapatite,gangue_negative,2,316318,DG-d01a6509ec5e,train,expert_fit,1,expert_stop,tc_oos_rsg_v1
VTM-002690,raw_negative/gangue_negative/fluorapatite/fluorapatite_mindat_p324123_page7_015_raw.jpg,fluorapatite,gangue_negative,2,324123,DG-2e3b35e0a62a,train,expert_stop,1,expert_stop,tc_oos_rsg_v1
VTM-002708,raw_negative/gangue_negative/fluorapatite/fluorapatite_mindat_p352724_page7_035_raw.jpg,fluorapatite,gangue_negative,2,352724,DG-e6a42d9d99b7,train,expert_fit,1,expert_stop,tc_oos_rsg_v1
VTM-002732,raw_negative/gangue_negative/fluorapatite/fluorapatite_mindat_p397786_page1_030_raw.jpg,fluorapatite,gangue_negative,2,397786,DG-3fde00040150,train,expert_fit,1,expert_stop,tc_oos_rsg_v1
VTM-002733,raw_negative/gangue_negative/fluorapatite/fluorapatite_mindat_p402584_page4_061_raw.jpg,fluorapatite,gangue_negative,2,402584,DG-da2ce27c52e8,train,expert_fit,1,expert_stop,tc_oos_rsg_v1
VTM-002747,raw_negative/gangue_negative/fluorapatite/fluorapatite_mindat_p415859_page8_006_raw.jpg,fluorapatite,gangue_negative,2,415859,DG-28816c31cbef,train,expert_fit,1,expert_stop,tc_oos_rsg_v1
VTM-002772,raw_negative/gangue_negative/fluorapatite/fluorapatite_mindat_p471875_page7_056_raw.jpg,fluorapatite,gangue_negative,2,471875,DG-be4ab2bcc955,train,gate_fit,1,expert_stop,tc_oos_rsg_v1
VTM-002790,raw_negative/gangue_negative/fluorapatite/fluorapatite_mindat_p527849_page8_014_raw.jpg,fluorapatite,gangue_negative,2,527849,DG-e68a1a5c5b3a,train,expert_fit,1,expert_stop,tc_oos_rsg_v1
VTM-002871,raw_negative/gangue_negative/fluorapatite/fluorapatite_mindat_p814916_page4_075_raw.jpg,fluorapatite,gangue_negative,2,814916,DG-df382346e67f,train,gate_fit,1,expert_stop,tc_oos_rsg_v1
VTM-002890,raw_negative/gangue_negative/pyroxene/pyroxene_mindat_p011791_page7_022_raw.jpg,pyroxene,gangue_negative,2,11791,DG-11491d7706ee,train,expert_fit,1,expert_stop,tc_oos_rsg_v1
VTM-002906,raw_negative/gangue_negative/pyroxene/pyroxene_mindat_p040214_page10_075_raw.jpg,pyroxene,gangue_negative,2,40214,DG-b16fad4d3847,train,expert_fit,1,expert_stop,tc_oos_rsg_v1
VTM-002946,raw_negative/gangue_negative/pyroxene/pyroxene_mindat_p063723_page1_028_raw.jpg,pyroxene,gangue_negative,2,63723,DG-ec5d242d389f,train,gate_fit,1,expert_stop,tc_oos_rsg_v1
VTM-002976,raw_negative/gangue_negative/pyroxene/pyroxene_mindat_p097382_page1_069_raw.jpg,pyroxene,gangue_negative,2,97382,DG-cdaffff70d2b,train,expert_fit,1,expert_stop,tc_oos_rsg_v1
VTM-002989,raw_negative/gangue_negative/pyroxene/pyroxene_mindat_p1103208_page7_018_raw.jpg,pyroxene,gangue_negative,2,1103208,DG-4b523dce0848,train,expert_stop,1,expert_stop,tc_oos_rsg_v1
VTM-002992,raw_negative/gangue_negative/pyroxene/pyroxene_mindat_p1127802_page7_010_raw.jpg,pyroxene,gangue_negative,2,1127802,DG-fc957ab58e9b,train,gate_fit,1,expert_stop,tc_oos_rsg_v1
VTM-002994,raw_negative/gangue_negative/pyroxene/pyroxene_mindat_p113796_page7_015_raw.jpg,pyroxene,gangue_negative,2,113796,DG-844c37912472,train,gate_stop,1,expert_stop,tc_oos_rsg_v1
VTM-003038,raw_negative/gangue_negative/pyroxene/pyroxene_mindat_p137705_page2_023_raw.jpg,pyroxene,gangue_negative,2,137705,DG-cc2d318d7866,train,expert_fit,1,expert_stop,tc_oos_rsg_v1
VTM-003067,raw_negative/gangue_negative/pyroxene/pyroxene_mindat_p1579562_page10_026_raw.jpg,pyroxene,gangue_negative,2,1579562,DG-2634c9e90787,train,expert_fit,1,expert_stop,tc_oos_rsg_v1
VTM-003153,raw_negative/gangue_negative/pyroxene/pyroxene_mindat_p271365_page2_021_raw.jpg,pyroxene,gangue_negative,2,271365,DG-09bec96d834d,train,expert_fit,1,expert_stop,tc_oos_rsg_v1
VTM-003161,raw_negative/gangue_negative/pyroxene/pyroxene_mindat_p288524_page8_003_raw.jpg,pyroxene,gangue_negative,2,288524,DG-f9eebbbfa68a,train,expert_fit,1,expert_stop,tc_oos_rsg_v1
VTM-003204,raw_negative/gangue_negative/pyroxene/pyroxene_mindat_p420821_page10_017_raw.jpg,pyroxene,gangue_negative,2,420821,DG-856bb9735d7a,train,expert_fit,1,expert_stop,tc_oos_rsg_v1
VTM-003292,raw_negative/gangue_negative/pyroxene/pyroxene_mindat_p541904_page6_062_raw.jpg,pyroxene,gangue_negative,2,541904,DG-eddf3fe91859,train,expert_fit,1,expert_stop,tc_oos_rsg_v1
VTM-003295,raw_negative/gangue_negative/pyroxene/pyroxene_mindat_p558123_page2_008_raw.jpg,pyroxene,gangue_negative,2,558123,DG-d59fd9a05c51,train,expert_fit,1,expert_stop,tc_oos_rsg_v1
VTM-003302,raw_negative/gangue_negative/pyroxene/pyroxene_mindat_p572942_page7_052_raw.jpg,pyroxene,gangue_negative,2,572942,DG-772534a4f5c4,train,expert_fit,1,expert_stop,tc_oos_rsg_v1
VTM-003311,raw_negative/gangue_negative/pyroxene/pyroxene_mindat_p606550_page7_060_raw.jpg,pyroxene,gangue_negative,2,606550,DG-e85c640a9c96,train,expert_fit,1,expert_stop,tc_oos_rsg_v1
VTM-003338,raw_negative/gangue_negative/pyroxene/pyroxene_mindat_p654328_page10_048_raw.jpg,pyroxene,gangue_negative,2,654328,DG-cdfb9c9f9be3,train,expert_fit,1,expert_stop,tc_oos_rsg_v1
VTM-003347,raw_negative/gangue_negative/pyroxene/pyroxene_mindat_p692821_page6_051_raw.jpg,pyroxene,gangue_negative,2,692821,DG-8e73f47e0006,train,expert_stop,1,expert_stop,tc_oos_rsg_v1
VTM-003360,raw_negative/gangue_negative/pyroxene/pyroxene_mindat_p792012_page10_069_raw.jpg,pyroxene,gangue_negative,2,792012,DG-8944adb9e4d0,train,gate_stop,1,expert_stop,tc_oos_rsg_v1
VTM-003410,raw_negative/gangue_negative/quartz/quartz_mindat_p061266_page6_007_raw.jpg,quartz,gangue_negative,2,61266,DG-7c7d670e261b,train,expert_fit,1,expert_stop,tc_oos_rsg_v1
VTM-003419,raw_negative/gangue_negative/quartz/quartz_mindat_p068878_page3_001_raw.jpg,quartz,gangue_negative,2,68878,DG-de2486e323f4,train,expert_fit,1,expert_stop,tc_oos_rsg_v1
VTM-003459,raw_negative/gangue_negative/quartz/quartz_mindat_p112388_page1_019_raw.jpg,quartz,gangue_negative,2,112388,DG-38eaf93373e9,train,expert_fit,1,expert_stop,tc_oos_rsg_v1
VTM-003471,raw_negative/gangue_negative/quartz/quartz_mindat_p115861_page6_025_raw.jpg,quartz,gangue_negative,2,115861,DG-d05efbc57529,train,gate_fit,1,expert_stop,tc_oos_rsg_v1
VTM-003482,raw_negative/gangue_negative/quartz/quartz_mindat_p1209184_page2_012_raw.jpg,quartz,gangue_negative,2,1209184,DG-bfed05c4de06,train,expert_fit,1,expert_stop,tc_oos_rsg_v1
VTM-003494,raw_negative/gangue_negative/quartz/quartz_mindat_p1317337_page3_022_raw.jpg,quartz,gangue_negative,2,1317337,DG-72216b530afd,train,expert_fit,1,expert_stop,tc_oos_rsg_v1
VTM-003513,raw_negative/gangue_negative/quartz/quartz_mindat_p1373020_page3_016_raw.jpg,quartz,gangue_negative,2,1373020,DG-cf3123da1ef5,train,gate_stop,1,expert_stop,tc_oos_rsg_v1
VTM-003545,raw_negative/gangue_negative/quartz/quartz_mindat_p185731_page3_048_raw.jpg,quartz,gangue_negative,2,185731,DG-09051d5fe4a8,train,expert_fit,1,expert_stop,tc_oos_rsg_v1
VTM-003586,raw_negative/gangue_negative/quartz/quartz_mindat_p505535_page3_010_raw.jpg,quartz,gangue_negative,2,505535,DG-70bb8d5054ed,train,expert_fit,1,expert_stop,tc_oos_rsg_v1
VTM-003621,raw_negative/gangue_negative/quartz/quartz_mindat_p838024_page2_015_raw.jpg,quartz,gangue_negative,2,838024,DG-775ff89ce72f,train,gate_stop,1,expert_stop,tc_oos_rsg_v1
VTM-003671,raw_negative/gangue_negative/vesuvianite/vesuvianite_mindat_p056535_page6_068_raw.jpg,vesuvianite,gangue_negative,2,56535,DG-3e00c1c23538,train,gate_fit,1,expert_stop,tc_oos_rsg_v1
VTM-003677,raw_negative/gangue_negative/vesuvianite/vesuvianite_mindat_p067914_page1_046_raw.jpg,vesuvianite,gangue_negative,2,67914,DG-1c277c481e71,train,expert_fit,1,expert_stop,tc_oos_rsg_v1
VTM-003732,raw_negative/gangue_negative/vesuvianite/vesuvianite_mindat_p115810_page7_009_raw.jpg,vesuvianite,gangue_negative,2,115810,DG-4da9660a3e4a,train,expert_fit,1,expert_stop,tc_oos_rsg_v1
VTM-003756,raw_negative/gangue_negative/vesuvianite/vesuvianite_mindat_p1198261_page4_003_raw.jpg,vesuvianite,gangue_negative,2,1198261,DG-92ec902d3a06,train,gate_stop,1,expert_stop,tc_oos_rsg_v1
VTM-003772,raw_negative/gangue_negative/vesuvianite/vesuvianite_mindat_p1230341_page11_031_raw.jpg,vesuvianite,gangue_negative,2,1230341,DG-4755415e8730,train,expert_fit,1,expert_stop,tc_oos_rsg_v1
VTM-003782,raw_negative/gangue_negative/vesuvianite/vesuvianite_mindat_p1251712_page7_070_raw.jpg,vesuvianite,gangue_negative,2,1251712,DG-fd86295b3985,train,gate_stop,1,expert_stop,tc_oos_rsg_v1
VTM-003823,raw_negative/gangue_negative/vesuvianite/vesuvianite_mindat_p1663050_page16_006_raw.jpg,vesuvianite,gangue_negative,2,1663050,DG-761d07d6b728,train,expert_stop,1,expert_stop,tc_oos_rsg_v1
VTM-003827,raw_negative/gangue_negative/vesuvianite/vesuvianite_mindat_p1663062_page16_010_raw.jpg,vesuvianite,gangue_negative,2,1663062,DG-285a110f7562,train,expert_fit,1,expert_stop,tc_oos_rsg_v1
VTM-003871,raw_negative/gangue_negative/vesuvianite/vesuvianite_mindat_p251483_page1_040_raw.jpg,vesuvianite,gangue_negative,2,251483,DG-1f03c396a434,train,expert_fit,1,expert_stop,tc_oos_rsg_v1
VTM-003872,raw_negative/gangue_negative/vesuvianite/vesuvianite_mindat_p252876_page9_007_raw.jpg,vesuvianite,gangue_negative,2,252876,DG-363bac7fa853,train,expert_fit,1,expert_stop,tc_oos_rsg_v1
VTM-003878,raw_negative/gangue_negative/vesuvianite/vesuvianite_mindat_p265755_page4_005_raw.jpg,vesuvianite,gangue_negative,2,265755,DG-811759214977,train,expert_fit,1,expert_stop,tc_oos_rsg_v1
VTM-003887,raw_negative/gangue_negative/vesuvianite/vesuvianite_mindat_p286716_page7_022_raw.jpg,vesuvianite,gangue_negative,2,286716,DG-64d015783567,train,expert_stop,1,expert_stop,tc_oos_rsg_v1
VTM-003895,raw_negative/gangue_negative/vesuvianite/vesuvianite_mindat_p297150_page15_055_raw.jpg,vesuvianite,gangue_negative,2,297150,DG-bcc95ade6281,train,expert_stop,1,expert_stop,tc_oos_rsg_v1
VTM-003921,raw_negative/gangue_negative/vesuvianite/vesuvianite_mindat_p369682_page15_071_raw.jpg,vesuvianite,gangue_negative,2,369682,DG-d6f3bfcc82a3,train,expert_fit,1,expert_stop,tc_oos_rsg_v1
VTM-003975,raw_negative/gangue_negative/vesuvianite/vesuvianite_mindat_p540840_page11_002_raw.jpg,vesuvianite,gangue_negative,2,540840,DG-e3ec539d209e,train,expert_stop,1,expert_stop,tc_oos_rsg_v1
VTM-004038,raw_negative/gangue_negative/vesuvianite/vesuvianite_mindat_p624733_page10_020_raw.jpg,vesuvianite,gangue_negative,2,624733,DG-8eea071c79a8,train,expert_fit,1,expert_stop,tc_oos_rsg_v1
VTM-004060,raw_negative/gangue_negative/vesuvianite/vesuvianite_mindat_p660533_page7_033_raw.jpg,vesuvianite,gangue_negative,2,660533,DG-40cc236e2a0b,train,expert_fit,1,expert_stop,tc_oos_rsg_v1
VTM-004104,raw_negative/gangue_negative/vesuvianite/vesuvianite_mindat_p812628_page10_016_raw.jpg,vesuvianite,gangue_negative,2,812628,DG-f9940d52117c,train,gate_stop,1,expert_stop,tc_oos_rsg_v1
VTM-004111,raw_negative/gangue_negative/vesuvianite/vesuvianite_mindat_p828286_page7_063_raw.jpg,vesuvianite,gangue_negative,2,828286,DG-1704c11ac22f,train,expert_fit,1,expert_stop,tc_oos_rsg_v1
VTM-004118,raw_negative/gangue_negative/vesuvianite/vesuvianite_mindat_p852101_page2_005_raw.jpg,vesuvianite,gangue_negative,2,852101,DG-c598d42c9630,train,gate_stop,1,expert_stop,tc_oos_rsg_v1
VTM-004158,raw_negative/metallic_hard_negative/chalcopyrite/chalcopyrite_mindat_p056385_page1_028_raw.jpg,chalcopyrite,metallic_hard_negative,3,56385,DG-93521f3682a4,train,expert_fit,1,expert_stop,tc_oos_rsg_v1
VTM-004159,raw_negative/metallic_hard_negative/chalcopyrite/chalcopyrite_mindat_p056484_page1_002_raw.jpg,chalcopyrite,metallic_hard_negative,3,56484,DG-32645abe6c40,train,expert_fit,1,expert_stop,tc_oos_rsg_v1
VTM-004178,raw_negative/metallic_hard_negative/chalcopyrite/chalcopyrite_mindat_p093067_page1_022_raw.jpg,chalcopyrite,metallic_hard_negative,3,93067,DG-b6746205a70e,train,expert_fit,1,expert_stop,tc_oos_rsg_v1
VTM-004198,raw_negative/metallic_hard_negative/chalcopyrite/chalcopyrite_mindat_p1154922_page6_026_raw.jpg,chalcopyrite,metallic_hard_negative,3,1154922,DG-37f012c18419,train,gate_stop,1,expert_stop,tc_oos_rsg_v1
VTM-004287,raw_negative/metallic_hard_negative/chalcopyrite/chalcopyrite_mindat_p267655_page4_037_raw.jpg,chalcopyrite,metallic_hard_negative,3,267655,DG-2ab3ac641bbf,train,expert_fit,1,expert_stop,tc_oos_rsg_v1
VTM-004294,raw_negative/metallic_hard_negative/chalcopyrite/chalcopyrite_mindat_p275946_page1_040_raw.jpg,chalcopyrite,metallic_hard_negative,3,275946,DG-d9feb4e78672,train,gate_fit,1,expert_stop,tc_oos_rsg_v1
VTM-004306,raw_negative/metallic_hard_negative/chalcopyrite/chalcopyrite_mindat_p348331_page4_017_raw.jpg,chalcopyrite,metallic_hard_negative,3,348331,DG-e140b99834b5,train,expert_fit,1,expert_stop,tc_oos_rsg_v1
VTM-004321,raw_negative/metallic_hard_negative/chalcopyrite/chalcopyrite_mindat_p425344_page4_016_raw.jpg,chalcopyrite,metallic_hard_negative,3,425344,DG-3fd5a86d3dac,train,expert_stop,1,expert_stop,tc_oos_rsg_v1
VTM-004334,raw_negative/metallic_hard_negative/chalcopyrite/chalcopyrite_mindat_p472416_page3_029_raw.jpg,chalcopyrite,metallic_hard_negative,3,472416,DG-29fda21c9e78,train,expert_fit,1,expert_stop,tc_oos_rsg_v1
VTM-004393,raw_negative/metallic_hard_negative/chalcopyrite/chalcopyrite_mindat_p663338_page4_064_raw.jpg,chalcopyrite,metallic_hard_negative,3,663338,DG-f6de48be9d8a,train,gate_stop,1,expert_stop,tc_oos_rsg_v1
VTM-004403,raw_negative/metallic_hard_negative/chalcopyrite/chalcopyrite_mindat_p681275_page3_050_raw.jpg,chalcopyrite,metallic_hard_negative,3,681275,DG-94ab2759d137,train,gate_fit,1,expert_stop,tc_oos_rsg_v1
VTM-004416,raw_negative/metallic_hard_negative/chalcopyrite/chalcopyrite_mindat_p770040_page6_025_raw.jpg,chalcopyrite,metallic_hard_negative,3,770040,DG-f4b897cc3bc8,train,gate_fit,1,expert_stop,tc_oos_rsg_v1
VTM-004422,raw_negative/metallic_hard_negative/chalcopyrite/chalcopyrite_mindat_p817468_page1_075_raw.jpg,chalcopyrite,metallic_hard_negative,3,817468,DG-379750c68c74,train,expert_fit,1,expert_stop,tc_oos_rsg_v1
VTM-004462,raw_negative/metallic_hard_negative/goethite/goethite_mindat_p043186_page1_028_raw.jpg,goethite,metallic_hard_negative,3,43186,DG-bd1a42e1d4c1,train,expert_fit,1,expert_stop,tc_oos_rsg_v1
VTM-004465,raw_negative/metallic_hard_negative/goethite/goethite_mindat_p044311_page1_047_raw.jpg,goethite,metallic_hard_negative,3,44311,DG-b25c7d12c261,train,expert_fit,1,expert_stop,tc_oos_rsg_v1
VTM-004486,raw_negative/metallic_hard_negative/goethite/goethite_mindat_p090235_page5_001_raw.jpg,goethite,metallic_hard_negative,3,90235,DG-18487160a8ca,train,expert_stop,1,expert_stop,tc_oos_rsg_v1
VTM-004488,raw_negative/metallic_hard_negative/goethite/goethite_mindat_p093090_page3_005_raw.jpg,goethite,metallic_hard_negative,3,93090,DG-2decccec0010,train,expert_fit,1,expert_stop,tc_oos_rsg_v1
VTM-004546,raw_negative/metallic_hard_negative/goethite/goethite_mindat_p146825_page5_003_raw.jpg,goethite,metallic_hard_negative,3,146825,DG-65709de5e0bc,train,expert_fit,1,expert_stop,tc_oos_rsg_v1
VTM-004565,raw_negative/metallic_hard_negative/goethite/goethite_mindat_p212559_page3_033_raw.jpg,goethite,metallic_hard_negative,3,212559,DG-0b9ec2c49631,train,expert_fit,1,expert_stop,tc_oos_rsg_v1
VTM-004566,raw_negative/metallic_hard_negative/goethite/goethite_mindat_p218650_page3_022_raw.jpg,goethite,metallic_hard_negative,3,218650,DG-a96f9eb81289,train,expert_stop,1,expert_stop,tc_oos_rsg_v1
VTM-004571,raw_negative/metallic_hard_negative/goethite/goethite_mindat_p250393_page1_056_raw.jpg,goethite,metallic_hard_negative,3,250393,DG-e11f0c422035,train,expert_stop,1,expert_stop,tc_oos_rsg_v1
VTM-004650,raw_negative/metallic_hard_negative/goethite/goethite_mindat_p581334_page3_039_raw.jpg,goethite,metallic_hard_negative,3,581334,DG-9815786e0c94,train,expert_fit,1,expert_stop,tc_oos_rsg_v1
VTM-004687,raw_negative/metallic_hard_negative/goethite/goethite_mindat_p722393_page3_058_raw.jpg,goethite,metallic_hard_negative,3,722393,DG-2eded55bf079,train,expert_fit,1,expert_stop,tc_oos_rsg_v1
VTM-004702,raw_negative/metallic_hard_negative/goethite/goethite_mindat_p853681_page4_041_raw.jpg,goethite,metallic_hard_negative,3,853681,DG-2388cefcbc69,train,expert_fit,1,expert_stop,tc_oos_rsg_v1
VTM-004739,raw_negative/metallic_hard_negative/hematite/hematite_mindat_p057088_page1_022_raw.jpg,hematite,metallic_hard_negative,3,57088,DG-6d00a5116720,train,gate_stop,1,expert_stop,tc_oos_rsg_v1
VTM-004762,raw_negative/metallic_hard_negative/hematite/hematite_mindat_p1017574_page6_012_raw.jpg,hematite,metallic_hard_negative,3,1017574,DG-077df9c0c992,train,expert_stop,1,expert_stop,tc_oos_rsg_v1
VTM-004782,raw_negative/metallic_hard_negative/hematite/hematite_mindat_p1150576_page4_046_raw.jpg,hematite,metallic_hard_negative,3,1150576,DG-f56c45d152cc,train,expert_fit,1,expert_stop,tc_oos_rsg_v1
VTM-004786,raw_negative/metallic_hard_negative/hematite/hematite_mindat_p1182324_page5_070_raw.jpg,hematite,metallic_hard_negative,3,1182324,DG-f3a4e0b6555c,train,expert_fit,1,expert_stop,tc_oos_rsg_v1
VTM-004789,raw_negative/metallic_hard_negative/hematite/hematite_mindat_p120643_page1_024_raw.jpg,hematite,metallic_hard_negative,3,120643,DG-04594b9157a2,train,gate_fit,1,expert_stop,tc_oos_rsg_v1
VTM-004829,raw_negative/metallic_hard_negative/hematite/hematite_mindat_p160164_page4_011_raw.jpg,hematite,metallic_hard_negative,3,160164,DG-f591186f588c,train,expert_fit,1,expert_stop,tc_oos_rsg_v1
VTM-004835,raw_negative/metallic_hard_negative/hematite/hematite_mindat_p160172_page4_008_raw.jpg,hematite,metallic_hard_negative,3,160172,DG-fec79f6d7821,train,expert_fit,1,expert_stop,tc_oos_rsg_v1
VTM-004846,raw_negative/metallic_hard_negative/hematite/hematite_mindat_p184194_page6_002_raw.jpg,hematite,metallic_hard_negative,3,184194,DG-63b89c9f3af6,train,gate_fit,1,expert_stop,tc_oos_rsg_v1
VTM-004959,raw_negative/metallic_hard_negative/hematite/hematite_mindat_p591169_page5_004_raw.jpg,hematite,metallic_hard_negative,3,591169,DG-d491c306fa10,train,expert_fit,1,expert_stop,tc_oos_rsg_v1
VTM-004969,raw_negative/metallic_hard_negative/hematite/hematite_mindat_p632990_page5_034_raw.jpg,hematite,metallic_hard_negative,3,632990,DG-0552f6f86183,train,expert_fit,1,expert_stop,tc_oos_rsg_v1
VTM-004980,raw_negative/metallic_hard_negative/hematite/hematite_mindat_p681606_page5_057_raw.jpg,hematite,metallic_hard_negative,3,681606,DG-7d3162471b4a,train,expert_fit,1,expert_stop,tc_oos_rsg_v1
VTM-005017,raw_negative/metallic_hard_negative/hematite/hematite_mindat_p929647_page5_061_raw.jpg,hematite,metallic_hard_negative,3,929647,DG-08624827eeb4,train,expert_fit,1,expert_stop,tc_oos_rsg_v1
VTM-005041,raw_negative/metallic_hard_negative/pyrite/pyrite_mindat_p029902_page6_017_raw.jpg,pyrite,metallic_hard_negative,3,29902,DG-f9ff48610c57,train,expert_fit,1,expert_stop,tc_oos_rsg_v1
VTM-005047,raw_negative/metallic_hard_negative/pyrite/pyrite_mindat_p031477_page1_064_raw.jpg,pyrite,metallic_hard_negative,3,31477,DG-f8c1bc1f2034,train,gate_fit,1,expert_stop,tc_oos_rsg_v1
VTM-005059,raw_negative/metallic_hard_negative/pyrite/pyrite_mindat_p045928_page5_026_raw.jpg,pyrite,metallic_hard_negative,3,45928,DG-58e451eb94e6,train,expert_fit,1,expert_stop,tc_oos_rsg_v1
VTM-005087,raw_negative/metallic_hard_negative/pyrite/pyrite_mindat_p082723_page1_052_raw.jpg,pyrite,metallic_hard_negative,3,82723,DG-40b31d56e866,train,expert_fit,1,expert_stop,tc_oos_rsg_v1
VTM-005089,raw_negative/metallic_hard_negative/pyrite/pyrite_mindat_p094543_page6_021_raw.jpg,pyrite,metallic_hard_negative,3,94543,DG-d8242605da4b,train,gate_stop,1,expert_stop,tc_oos_rsg_v1
VTM-005145,raw_negative/metallic_hard_negative/pyrite/pyrite_mindat_p142160_page6_009_raw.jpg,pyrite,metallic_hard_negative,3,142160,DG-17eb62a05995,train,gate_fit,1,expert_stop,tc_oos_rsg_v1
VTM-005155,raw_negative/metallic_hard_negative/pyrite/pyrite_mindat_p1457247_page3_019_raw.jpg,pyrite,metallic_hard_negative,3,1457247,DG-1a35dfc5262e,train,gate_stop,1,expert_stop,tc_oos_rsg_v1
VTM-005156,raw_negative/metallic_hard_negative/pyrite/pyrite_mindat_p1457250_page3_026_raw.jpg,pyrite,metallic_hard_negative,3,1457250,DG-584bc22b746e,train,expert_fit,1,expert_stop,tc_oos_rsg_v1
VTM-005241,raw_negative/metallic_hard_negative/pyrite/pyrite_mindat_p332029_page4_037_raw.jpg,pyrite,metallic_hard_negative,3,332029,DG-bb537794a606,train,expert_fit,1,expert_stop,tc_oos_rsg_v1
VTM-005260,raw_negative/metallic_hard_negative/pyrite/pyrite_mindat_p429056_page5_046_raw.jpg,pyrite,metallic_hard_negative,3,429056,DG-cf2b5b853f60,train,expert_fit,1,expert_stop,tc_oos_rsg_v1
VTM-005261,raw_negative/metallic_hard_negative/pyrite/pyrite_mindat_p438052_page4_051_raw.jpg,pyrite,metallic_hard_negative,3,438052,DG-d67d0916e5ca,train,expert_fit,1,expert_stop,tc_oos_rsg_v1
VTM-005278,raw_negative/metallic_hard_negative/pyrite/pyrite_mindat_p477602_page3_003_raw.jpg,pyrite,metallic_hard_negative,3,477602,DG-97483df71079,train,expert_fit,1,expert_stop,tc_oos_rsg_v1
VTM-005403,raw_negative/ti_bearing_negative/anatase/anatase_mindat_p026564_224_raw.jpg,anatase,ti_bearing_negative,1,26564,DG-ae68f6ca0273,train,expert_stop,1,expert_stop,tc_oos_rsg_v1
VTM-005423,raw_negative/ti_bearing_negative/anatase/anatase_mindat_p032857_007_raw.jpg,anatase,ti_bearing_negative,1,32857,DG-4c7d5ac23365,train,expert_fit,1,expert_stop,tc_oos_rsg_v1
VTM-005441,raw_negative/ti_bearing_negative/anatase/anatase_mindat_p036026_189_raw.jpg,anatase,ti_bearing_negative,1,36026,DG-bd7b0b4b4801,train,expert_fit,1,expert_stop,tc_oos_rsg_v1
VTM-005463,raw_negative/ti_bearing_negative/anatase/anatase_mindat_p043690_122_raw.jpg,anatase,ti_bearing_negative,1,43690,DG-48c31bb6bb02,train,expert_stop,1,expert_stop,tc_oos_rsg_v1
VTM-005522,raw_negative/ti_bearing_negative/anatase/anatase_mindat_p066898_100_raw.jpg,anatase,ti_bearing_negative,1,66898,DG-d716ebd0e882,train,expert_fit,1,expert_stop,tc_oos_rsg_v1
VTM-005543,raw_negative/ti_bearing_negative/anatase/anatase_mindat_p075916_110_raw.jpg,anatase,ti_bearing_negative,1,75916,DG-54baed70d497,train,expert_fit,1,expert_stop,tc_oos_rsg_v1
VTM-005546,raw_negative/ti_bearing_negative/anatase/anatase_mindat_p075997_105_raw.jpg,anatase,ti_bearing_negative,1,75997,DG-9d1b4dd9aa01,train,expert_fit,1,expert_stop,tc_oos_rsg_v1
VTM-005555,raw_negative/ti_bearing_negative/anatase/anatase_mindat_p079022_221_raw.jpg,anatase,ti_bearing_negative,1,79022,DG-2431c71db8f9,train,expert_fit,1,expert_stop,tc_oos_rsg_v1
VTM-005581,raw_negative/ti_bearing_negative/anatase/anatase_mindat_p089891_047_raw.jpg,anatase,ti_bearing_negative,1,89891,DG-524bc56b61d1,train,expert_fit,1,expert_stop,tc_oos_rsg_v1
VTM-005591,raw_negative/ti_bearing_negative/anatase/anatase_mindat_p093527_095_raw.jpg,anatase,ti_bearing_negative,1,93527,DG-ddeacfa06f62,train,gate_stop,1,expert_stop,tc_oos_rsg_v1
VTM-005667,raw_negative/ti_bearing_negative/anatase/anatase_mindat_p111475_033_raw.jpg,anatase,ti_bearing_negative,1,111475,DG-08b3928b3dda,train,expert_fit,1,expert_stop,tc_oos_rsg_v1
VTM-005668,raw_negative/ti_bearing_negative/anatase/anatase_mindat_p111677_147_raw.jpg,anatase,ti_bearing_negative,1,111677,DG-3607bc835666,train,expert_fit,1,expert_stop,tc_oos_rsg_v1
VTM-005679,raw_negative/ti_bearing_negative/anatase/anatase_mindat_p1126666_086_raw.jpg,anatase,ti_bearing_negative,1,1126666,DG-60d3e0d69972,train,expert_fit,1,expert_stop,tc_oos_rsg_v1
VTM-005771,raw_negative/ti_bearing_negative/anatase/anatase_mindat_p1279590_075_raw.jpg,anatase,ti_bearing_negative,1,1279590,DG-542ce0b31257,train,expert_fit,1,expert_stop,tc_oos_rsg_v1
VTM-005801,raw_negative/ti_bearing_negative/anatase/anatase_mindat_p1323136_131_raw.jpg,anatase,ti_bearing_negative,1,1323136,DG-4295db12e2f3,train,expert_fit,1,expert_stop,tc_oos_rsg_v1
VTM-005807,raw_negative/ti_bearing_negative/anatase/anatase_mindat_p133797_027_raw.jpg,anatase,ti_bearing_negative,1,133797,DG-e9df3f657a1d,train,gate_fit,1,expert_stop,tc_oos_rsg_v1
VTM-005812,raw_negative/ti_bearing_negative/anatase/anatase_mindat_p135939_196_raw.jpg,anatase,ti_bearing_negative,1,135939,DG-db49001f8287,train,expert_stop,1,expert_stop,tc_oos_rsg_v1
VTM-005843,raw_negative/ti_bearing_negative/anatase/anatase_mindat_p139155_096_raw.jpg,anatase,ti_bearing_negative,1,139155,DG-9971cc2be60b,train,expert_stop,1,expert_stop,tc_oos_rsg_v1
VTM-005885,raw_negative/ti_bearing_negative/anatase/anatase_mindat_p1586552_043_raw.jpg,anatase,ti_bearing_negative,1,1586552,DG-2ae7725e28bb,train,expert_fit,1,expert_stop,tc_oos_rsg_v1
VTM-005903,raw_negative/ti_bearing_negative/anatase/anatase_mindat_p162970_096_raw.jpg,anatase,ti_bearing_negative,1,162970,DG-ae7c76abd0e7,train,gate_fit,1,expert_stop,tc_oos_rsg_v1
VTM-005918,raw_negative/ti_bearing_negative/anatase/anatase_mindat_p171128_244_raw.jpg,anatase,ti_bearing_negative,1,171128,DG-1a9d016a380a,train,expert_fit,1,expert_stop,tc_oos_rsg_v1
VTM-005935,raw_negative/ti_bearing_negative/anatase/anatase_mindat_p182226_065_raw.jpg,anatase,ti_bearing_negative,1,182226,DG-f8fc1824da1b,train,gate_fit,1,expert_stop,tc_oos_rsg_v1
VTM-005937,raw_negative/ti_bearing_negative/anatase/anatase_mindat_p185076_132_raw.jpg,anatase,ti_bearing_negative,1,185076,DG-4425f339563f,train,expert_fit,1,expert_stop,tc_oos_rsg_v1
VTM-005961,raw_negative/ti_bearing_negative/anatase/anatase_mindat_p208522_028_raw.jpg,anatase,ti_bearing_negative,1,208522,DG-1aced9ca1e30,train,gate_fit,1,expert_stop,tc_oos_rsg_v1
VTM-005972,raw_negative/ti_bearing_negative/anatase/anatase_mindat_p211090_062_raw.jpg,anatase,ti_bearing_negative,1,211090,DG-aca2dfc4a505,train,expert_stop,1,expert_stop,tc_oos_rsg_v1
VTM-005983,raw_negative/ti_bearing_negative/anatase/anatase_mindat_p213619_148_raw.jpg,anatase,ti_bearing_negative,1,213619,DG-8a7f42b10c85,train,expert_fit,1,expert_stop,tc_oos_rsg_v1
VTM-005990,raw_negative/ti_bearing_negative/anatase/anatase_mindat_p222575_160_raw.jpg,anatase,ti_bearing_negative,1,222575,DG-418900fddbbd,train,gate_fit,1,expert_stop,tc_oos_rsg_v1
VTM-006017,raw_negative/ti_bearing_negative/anatase/anatase_mindat_p237045_146_raw.jpg,anatase,ti_bearing_negative,1,237045,DG-bd75fac5c82b,train,expert_fit,1,expert_stop,tc_oos_rsg_v1
VTM-006051,raw_negative/ti_bearing_negative/anatase/anatase_mindat_p261094_112_raw.jpg,anatase,ti_bearing_negative,1,261094,DG-601f95d04581,train,expert_stop,1,expert_stop,tc_oos_rsg_v1
VTM-006090,raw_negative/ti_bearing_negative/anatase/anatase_mindat_p289642_145_raw.jpg,anatase,ti_bearing_negative,1,289642,DG-6e7925c3ca49,train,expert_fit,1,expert_stop,tc_oos_rsg_v1
VTM-006094,raw_negative/ti_bearing_negative/anatase/anatase_mindat_p291531_165_raw.jpg,anatase,ti_bearing_negative,1,291531,DG-6a834fd64d19,train,gate_stop,1,expert_stop,tc_oos_rsg_v1
VTM-006096,raw_negative/ti_bearing_negative/anatase/anatase_mindat_p291952_108_raw.jpg,anatase,ti_bearing_negative,1,291952,DG-b807419f51c0,train,expert_fit,1,expert_stop,tc_oos_rsg_v1
VTM-006123,raw_negative/ti_bearing_negative/anatase/anatase_mindat_p318647_061_raw.jpg,anatase,ti_bearing_negative,1,318647,DG-473628e6ebc0,train,gate_stop,1,expert_stop,tc_oos_rsg_v1
VTM-006134,raw_negative/ti_bearing_negative/anatase/anatase_mindat_p325451_039_raw.jpg,anatase,ti_bearing_negative,1,325451,DG-268e20a41bdb,train,gate_stop,1,expert_stop,tc_oos_rsg_v1
VTM-006161,raw_negative/ti_bearing_negative/anatase/anatase_mindat_p342454_008_raw.jpg,anatase,ti_bearing_negative,1,342454,DG-929f3459e00c,train,gate_stop,1,expert_stop,tc_oos_rsg_v1
VTM-006237,raw_negative/ti_bearing_negative/anatase/anatase_mindat_p421841_114_raw.jpg,anatase,ti_bearing_negative,1,421841,DG-7d88b6dc8036,train,expert_fit,1,expert_stop,tc_oos_rsg_v1
VTM-006244,raw_negative/ti_bearing_negative/anatase/anatase_mindat_p426943_147_raw.jpg,anatase,ti_bearing_negative,1,426943,DG-87fee055cb0f,train,gate_stop,1,expert_stop,tc_oos_rsg_v1
VTM-006300,raw_negative/ti_bearing_negative/anatase/anatase_mindat_p513236_065_raw.jpg,anatase,ti_bearing_negative,1,513236,DG-979e6edfce44,train,expert_fit,1,expert_stop,tc_oos_rsg_v1
VTM-006389,raw_negative/ti_bearing_negative/anatase/anatase_mindat_p668627_051_raw.jpg,anatase,ti_bearing_negative,1,668627,DG-ad689a6386d1,train,expert_fit,1,expert_stop,tc_oos_rsg_v1
VTM-006405,raw_negative/ti_bearing_negative/anatase/anatase_mindat_p690858_110_raw.jpg,anatase,ti_bearing_negative,1,690858,DG-ccad4f1667a9,train,expert_fit,1,expert_stop,tc_oos_rsg_v1
VTM-006424,raw_negative/ti_bearing_negative/anatase/anatase_mindat_p724016_072_raw.jpg,anatase,ti_bearing_negative,1,724016,DG-5da5a118c314,train,gate_fit,1,expert_stop,tc_oos_rsg_v1
VTM-006425,raw_negative/ti_bearing_negative/anatase/anatase_mindat_p725899_071_raw.jpg,anatase,ti_bearing_negative,1,725899,DG-50bb2716923d,train,expert_fit,1,expert_stop,tc_oos_rsg_v1
VTM-006444,raw_negative/ti_bearing_negative/anatase/anatase_mindat_p764287_035_raw.jpg,anatase,ti_bearing_negative,1,764287,DG-6d2c5f841b9d,train,expert_stop,1,expert_stop,tc_oos_rsg_v1
VTM-006457,raw_negative/ti_bearing_negative/anatase/anatase_mindat_p818236_013_raw.jpg,anatase,ti_bearing_negative,1,818236,DG-595b39e5fc32,train,expert_fit,1,expert_stop,tc_oos_rsg_v1
VTM-006471,raw_negative/ti_bearing_negative/anatase/anatase_mindat_p848514_103_raw.jpg,anatase,ti_bearing_negative,1,848514,DG-3e20b73fe28f,train,gate_fit,1,expert_stop,tc_oos_rsg_v1
VTM-006490,raw_negative/ti_bearing_negative/anatase/anatase_mindat_p899503_070_raw.jpg,anatase,ti_bearing_negative,1,899503,DG-a2f7e9929fc5,train,gate_stop,1,expert_stop,tc_oos_rsg_v1
VTM-006491,raw_negative/ti_bearing_negative/anatase/anatase_mindat_p908413_056_raw.jpg,anatase,ti_bearing_negative,1,908413,DG-f5501b5261fe,train,gate_stop,1,expert_stop,tc_oos_rsg_v1
VTM-006507,raw_negative/ti_bearing_negative/anatase/anatase_mindat_p931675_064_raw.jpg,anatase,ti_bearing_negative,1,931675,DG-572b493302a8,train,gate_fit,1,expert_stop,tc_oos_rsg_v1
VTM-006538,raw_negative/ti_bearing_negative/perovskite/perovskite_mindat_p042642_072_raw.jpg,perovskite,ti_bearing_negative,1,42642,DG-e935d470a029,train,expert_fit,1,expert_stop,tc_oos_rsg_v1
VTM-006570,raw_negative/ti_bearing_negative/perovskite/perovskite_mindat_p094551_174_raw.jpg,perovskite,ti_bearing_negative,1,94551,DG-ca69ccc90dac,train,expert_fit,1,expert_stop,tc_oos_rsg_v1
VTM-006591,raw_negative/ti_bearing_negative/perovskite/perovskite_mindat_p1067508_106_raw.jpg,perovskite,ti_bearing_negative,1,1067508,DG-1d2cf2cae958,train,expert_fit,1,expert_stop,tc_oos_rsg_v1
VTM-006596,raw_negative/ti_bearing_negative/perovskite/perovskite_mindat_p110551_017_raw.jpg,perovskite,ti_bearing_negative,1,110551,DG-e959e1343827,train,expert_fit,1,expert_stop,tc_oos_rsg_v1
VTM-006659,raw_negative/ti_bearing_negative/perovskite/perovskite_mindat_p1430489_282_raw.jpg,perovskite,ti_bearing_negative,1,1430489,DG-ce2da1460d7b,train,expert_fit,1,expert_stop,tc_oos_rsg_v1
VTM-006696,raw_negative/ti_bearing_negative/perovskite/perovskite_mindat_p214655_014_raw.jpg,perovskite,ti_bearing_negative,1,214655,DG-6fff10d14ad7,train,gate_fit,1,expert_stop,tc_oos_rsg_v1
VTM-006707,raw_negative/ti_bearing_negative/perovskite/perovskite_mindat_p234471_027_raw.jpg,perovskite,ti_bearing_negative,1,234471,DG-520e790099f2,train,gate_stop,1,expert_stop,tc_oos_rsg_v1
VTM-006711,raw_negative/ti_bearing_negative/perovskite/perovskite_mindat_p253589_225_raw.jpg,perovskite,ti_bearing_negative,1,253589,DG-802b12d8ab34,train,expert_fit,1,expert_stop,tc_oos_rsg_v1
VTM-006714,raw_negative/ti_bearing_negative/perovskite/perovskite_mindat_p259921_408_raw.jpg,perovskite,ti_bearing_negative,1,259921,DG-fc602967d82d,train,expert_fit,1,expert_stop,tc_oos_rsg_v1
VTM-006730,raw_negative/ti_bearing_negative/perovskite/perovskite_mindat_p283710_161_raw.jpg,perovskite,ti_bearing_negative,1,283710,DG-74572bc9edd8,train,expert_fit,1,expert_stop,tc_oos_rsg_v1
VTM-006737,raw_negative/ti_bearing_negative/perovskite/perovskite_mindat_p286997_406_raw.jpg,perovskite,ti_bearing_negative,1,286997,DG-89d926901ec3,train,expert_fit,1,expert_stop,tc_oos_rsg_v1
VTM-006755,raw_negative/ti_bearing_negative/perovskite/perovskite_mindat_p317344_443_raw.jpg,perovskite,ti_bearing_negative,1,317344,DG-d5af4a87efad,train,expert_fit,1,expert_stop,tc_oos_rsg_v1
VTM-006794,raw_negative/ti_bearing_negative/perovskite/perovskite_mindat_p435098_350_raw.jpg,perovskite,ti_bearing_negative,1,435098,DG-a7c729a56102,train,expert_fit,1,expert_stop,tc_oos_rsg_v1
VTM-006838,raw_negative/ti_bearing_negative/perovskite/perovskite_mindat_p603459_446_raw.jpg,perovskite,ti_bearing_negative,1,603459,DG-86610b92c7f8,train,expert_fit,1,expert_stop,tc_oos_rsg_v1
VTM-006875,raw_negative/ti_bearing_negative/perovskite/perovskite_mindat_p801278_352_raw.jpg,perovskite,ti_bearing_negative,1,801278,DG-fb1970d2ff6f,train,expert_fit,1,expert_stop,tc_oos_rsg_v1
VTM-006899,raw_negative/ti_bearing_negative/rutile/rutile_mindat_p002559_388_raw.jpg,rutile,ti_bearing_negative,1,2559,DG-d3ca4a74edc3,train,expert_stop,1,expert_stop,tc_oos_rsg_v1
VTM-006944,raw_negative/ti_bearing_negative/rutile/rutile_mindat_p029430_046_raw.jpg,rutile,ti_bearing_negative,1,29430,DG-d88bd2775e72,train,expert_fit,1,expert_stop,tc_oos_rsg_v1
VTM-006976,raw_negative/ti_bearing_negative/rutile/rutile_mindat_p042262_353_raw.jpg,rutile,ti_bearing_negative,1,42262,DG-da93d215b880,train,expert_fit,1,expert_stop,tc_oos_rsg_v1
VTM-006991,raw_negative/ti_bearing_negative/rutile/rutile_mindat_p048993_067_raw.jpg,rutile,ti_bearing_negative,1,48993,DG-a10644b32c6d,train,expert_fit,1,expert_stop,tc_oos_rsg_v1
VTM-007017,raw_negative/ti_bearing_negative/rutile/rutile_mindat_p062078_259_raw.jpg,rutile,ti_bearing_negative,1,62078,DG-d9d90bf42e53,train,gate_fit,1,expert_stop,tc_oos_rsg_v1
VTM-007049,raw_negative/ti_bearing_negative/rutile/rutile_mindat_p075175_179_raw.jpg,rutile,ti_bearing_negative,1,75175,DG-4715ac3ecf84,train,gate_stop,1,expert_stop,tc_oos_rsg_v1
VTM-007127,raw_negative/ti_bearing_negative/rutile/rutile_mindat_p108650_055_raw.jpg,rutile,ti_bearing_negative,1,108650,DG-6e910964969a,train,expert_fit,1,expert_stop,tc_oos_rsg_v1
VTM-007131,raw_negative/ti_bearing_negative/rutile/rutile_mindat_p1096883_239_raw.jpg,rutile,ti_bearing_negative,1,1096883,DG-1eacf4e0b0ca,train,expert_fit,1,expert_stop,tc_oos_rsg_v1
VTM-007169,raw_negative/ti_bearing_negative/rutile/rutile_mindat_p1142923_012_raw.jpg,rutile,ti_bearing_negative,1,1142923,DG-76b90016b13c,train,gate_stop,1,expert_stop,tc_oos_rsg_v1
VTM-007175,raw_negative/ti_bearing_negative/rutile/rutile_mindat_p116258_231_raw.jpg,rutile,ti_bearing_negative,1,116258,DG-22cde3cc3600,train,expert_fit,1,expert_stop,tc_oos_rsg_v1
VTM-007188,raw_negative/ti_bearing_negative/rutile/rutile_mindat_p1171728_465_raw.jpg,rutile,ti_bearing_negative,1,1171728,DG-ba55049b90a6,train,expert_fit,1,expert_stop,tc_oos_rsg_v1
VTM-007304,raw_negative/ti_bearing_negative/rutile/rutile_mindat_p1409117_129_raw.jpg,rutile,ti_bearing_negative,1,1409117,DG-f070b42c1dd7,train,expert_fit,1,expert_stop,tc_oos_rsg_v1
VTM-007309,raw_negative/ti_bearing_negative/rutile/rutile_mindat_p1411235_104_raw.jpg,rutile,ti_bearing_negative,1,1411235,DG-ca5040bd20bc,train,gate_fit,1,expert_stop,tc_oos_rsg_v1
VTM-007314,raw_negative/ti_bearing_negative/rutile/rutile_mindat_p1414617_106_raw.jpg,rutile,ti_bearing_negative,1,1414617,DG-eafc6da806c0,train,gate_fit,1,expert_stop,tc_oos_rsg_v1
VTM-007331,raw_negative/ti_bearing_negative/rutile/rutile_mindat_p144218_526_raw.jpg,rutile,ti_bearing_negative,1,144218,DG-8cc20c992753,train,expert_fit,1,expert_stop,tc_oos_rsg_v1
VTM-007351,raw_negative/ti_bearing_negative/rutile/rutile_mindat_p145800_195_raw.jpg,rutile,ti_bearing_negative,1,145800,DG-eb6501221356,train,expert_fit,1,expert_stop,tc_oos_rsg_v1
VTM-007358,raw_negative/ti_bearing_negative/rutile/rutile_mindat_p1476863_108_raw.jpg,rutile,ti_bearing_negative,1,1476863,DG-9e1d872992ef,train,expert_fit,1,expert_stop,tc_oos_rsg_v1
VTM-007359,raw_negative/ti_bearing_negative/rutile/rutile_mindat_p147988_035_raw.jpg,rutile,ti_bearing_negative,1,147988,DG-199c7997a512,train,gate_fit,1,expert_stop,tc_oos_rsg_v1
VTM-007377,raw_negative/ti_bearing_negative/rutile/rutile_mindat_p155362_002_raw.jpg,rutile,ti_bearing_negative,1,155362,DG-eb9bc8a2a73f,train,expert_stop,1,expert_stop,tc_oos_rsg_v1
VTM-007380,raw_negative/ti_bearing_negative/rutile/rutile_mindat_p155614_155_raw.jpg,rutile,ti_bearing_negative,1,155614,DG-fdce72a1f494,train,expert_fit,1,expert_stop,tc_oos_rsg_v1
VTM-007381,raw_negative/ti_bearing_negative/rutile/rutile_mindat_p1565426_015_raw.jpg,rutile,ti_bearing_negative,1,1565426,DG-95ea1df312d6,train,gate_stop,1,expert_stop,tc_oos_rsg_v1
VTM-007385,raw_negative/ti_bearing_negative/rutile/rutile_mindat_p1572035_297_raw.jpg,rutile,ti_bearing_negative,1,1572035,DG-4897059f854c,train,expert_fit,1,expert_stop,tc_oos_rsg_v1
VTM-007449,raw_negative/ti_bearing_negative/rutile/rutile_mindat_p186093_119_raw.jpg,rutile,ti_bearing_negative,1,186093,DG-a7e54dae10fe,train,gate_stop,1,expert_stop,tc_oos_rsg_v1
VTM-007523,raw_negative/ti_bearing_negative/rutile/rutile_mindat_p234462_400_raw.jpg,rutile,ti_bearing_negative,1,234462,DG-e337aefe7e7e,train,expert_stop,1,expert_stop,tc_oos_rsg_v1
VTM-007527,raw_negative/ti_bearing_negative/rutile/rutile_mindat_p235850_295_raw.jpg,rutile,ti_bearing_negative,1,235850,DG-fa54bd5840ea,train,expert_fit,1,expert_stop,tc_oos_rsg_v1
VTM-007534,raw_negative/ti_bearing_negative/rutile/rutile_mindat_p240411_038_raw.jpg,rutile,ti_bearing_negative,1,240411,DG-2c2e361ae9d1,train,expert_fit,1,expert_stop,tc_oos_rsg_v1
VTM-007549,raw_negative/ti_bearing_negative/rutile/rutile_mindat_p252991_335_raw.jpg,rutile,ti_bearing_negative,1,252991,DG-39de21970102,train,expert_fit,1,expert_stop,tc_oos_rsg_v1
VTM-007557,raw_negative/ti_bearing_negative/rutile/rutile_mindat_p253007_319_raw.jpg,rutile,ti_bearing_negative,1,253007,DG-f0f1acee2624,train,expert_fit,1,expert_stop,tc_oos_rsg_v1
VTM-007572,raw_negative/ti_bearing_negative/rutile/rutile_mindat_p263960_102_raw.jpg,rutile,ti_bearing_negative,1,263960,DG-d0f20e7d2f52,train,expert_fit,1,expert_stop,tc_oos_rsg_v1
VTM-007591,raw_negative/ti_bearing_negative/rutile/rutile_mindat_p270067_476_raw.jpg,rutile,ti_bearing_negative,1,270067,DG-cd6dbe9adde8,train,expert_fit,1,expert_stop,tc_oos_rsg_v1
VTM-007613,raw_negative/ti_bearing_negative/rutile/rutile_mindat_p275682_321_raw.jpg,rutile,ti_bearing_negative,1,275682,DG-f744beb6169c,train,expert_fit,1,expert_stop,tc_oos_rsg_v1
VTM-007614,raw_negative/ti_bearing_negative/rutile/rutile_mindat_p277437_062_raw.jpg,rutile,ti_bearing_negative,1,277437,DG-531e8ed1d209,train,expert_fit,1,expert_stop,tc_oos_rsg_v1
VTM-007657,raw_negative/ti_bearing_negative/rutile/rutile_mindat_p306843_151_raw.jpg,rutile,ti_bearing_negative,1,306843,DG-c08dc9127d8d,train,expert_fit,1,expert_stop,tc_oos_rsg_v1
VTM-007667,raw_negative/ti_bearing_negative/rutile/rutile_mindat_p308714_074_raw.jpg,rutile,ti_bearing_negative,1,308714,DG-e16b556a112b,train,expert_fit,1,expert_stop,tc_oos_rsg_v1
VTM-007691,raw_negative/ti_bearing_negative/rutile/rutile_mindat_p324803_052_raw.jpg,rutile,ti_bearing_negative,1,324803,DG-9e49b8ee0eff,train,expert_stop,1,expert_stop,tc_oos_rsg_v1
VTM-007701,raw_negative/ti_bearing_negative/rutile/rutile_mindat_p330104_062_raw.jpg,rutile,ti_bearing_negative,1,330104,DG-9b582849c3d7,train,expert_fit,1,expert_stop,tc_oos_rsg_v1
VTM-007712,raw_negative/ti_bearing_negative/rutile/rutile_mindat_p340844_164_raw.jpg,rutile,ti_bearing_negative,1,340844,DG-b83e31818a0c,train,expert_fit,1,expert_stop,tc_oos_rsg_v1
VTM-007849,raw_negative/ti_bearing_negative/rutile/rutile_mindat_p458737_210_raw.jpg,rutile,ti_bearing_negative,1,458737,DG-3f90abd10786,train,expert_fit,1,expert_stop,tc_oos_rsg_v1
VTM-007889,raw_negative/ti_bearing_negative/rutile/rutile_mindat_p494753_506_raw.jpg,rutile,ti_bearing_negative,1,494753,DG-e9020133fded,train,expert_fit,1,expert_stop,tc_oos_rsg_v1
VTM-007895,raw_negative/ti_bearing_negative/rutile/rutile_mindat_p504437_565_raw.jpg,rutile,ti_bearing_negative,1,504437,DG-bc791272671a,train,expert_fit,1,expert_stop,tc_oos_rsg_v1
VTM-007949,raw_negative/ti_bearing_negative/rutile/rutile_mindat_p572741_566_raw.jpg,rutile,ti_bearing_negative,1,572741,DG-579a227c8852,train,gate_stop,1,expert_stop,tc_oos_rsg_v1
VTM-007950,raw_negative/ti_bearing_negative/rutile/rutile_mindat_p573854_150_raw.jpg,rutile,ti_bearing_negative,1,573854,DG-f7c6df6839b5,train,expert_fit,1,expert_stop,tc_oos_rsg_v1
VTM-007970,raw_negative/ti_bearing_negative/rutile/rutile_mindat_p597482_285_raw.jpg,rutile,ti_bearing_negative,1,597482,DG-688c2e18cf43,train,expert_fit,1,expert_stop,tc_oos_rsg_v1
VTM-007985,raw_negative/ti_bearing_negative/rutile/rutile_mindat_p618090_255_raw.jpg,rutile,ti_bearing_negative,1,618090,DG-a1436822c297,train,expert_fit,1,expert_stop,tc_oos_rsg_v1
VTM-007999,raw_negative/ti_bearing_negative/rutile/rutile_mindat_p634086_349_raw.jpg,rutile,ti_bearing_negative,1,634086,DG-1b6448900803,train,expert_fit,1,expert_stop,tc_oos_rsg_v1
VTM-008015,raw_negative/ti_bearing_negative/rutile/rutile_mindat_p644945_372_raw.jpg,rutile,ti_bearing_negative,1,644945,DG-e7eba7c0fd05,train,expert_fit,1,expert_stop,tc_oos_rsg_v1
VTM-008036,raw_negative/ti_bearing_negative/rutile/rutile_mindat_p656161_016_raw.jpg,rutile,ti_bearing_negative,1,656161,DG-49324173995c,train,expert_fit,1,expert_stop,tc_oos_rsg_v1
VTM-008060,raw_negative/ti_bearing_negative/rutile/rutile_mindat_p693085_162_raw.jpg,rutile,ti_bearing_negative,1,693085,DG-a35987cf6a3b,train,expert_fit,1,expert_stop,tc_oos_rsg_v1
VTM-008065,raw_negative/ti_bearing_negative/rutile/rutile_mindat_p698998_091_raw.jpg,rutile,ti_bearing_negative,1,698998,DG-c1fe557dee1e,train,expert_fit,1,expert_stop,tc_oos_rsg_v1
VTM-008109,raw_negative/ti_bearing_negative/rutile/rutile_mindat_p752401_090_raw.jpg,rutile,ti_bearing_negative,1,752401,DG-db6038ce6a44,train,expert_fit,1,expert_stop,tc_oos_rsg_v1
VTM-008117,raw_negative/ti_bearing_negative/rutile/rutile_mindat_p760444_104_raw.jpg,rutile,ti_bearing_negative,1,760444,DG-2ce241550a52,train,expert_fit,1,expert_stop,tc_oos_rsg_v1
VTM-008201,raw_negative/ti_bearing_negative/rutile/rutile_mindat_p899689_244_raw.jpg,rutile,ti_bearing_negative,1,899689,DG-8f056936797a,train,expert_fit,1,expert_stop,tc_oos_rsg_v1
VTM-008203,raw_negative/ti_bearing_negative/rutile/rutile_mindat_p901815_107_raw.jpg,rutile,ti_bearing_negative,1,901815,DG-7b9753be8bc3,train,gate_stop,1,expert_stop,tc_oos_rsg_v1
VTM-008222,raw_negative/ti_bearing_negative/rutile/rutile_mindat_p943569_200_raw.jpg,rutile,ti_bearing_negative,1,943569,DG-27ba75fc6243,train,expert_fit,1,expert_stop,tc_oos_rsg_v1
VTM-008284,raw_negative/ti_bearing_negative/titanite/titanite_mindat_p039542_page7_039_raw.jpg,titanite,ti_bearing_negative,1,39542,DG-ecb398c84372,train,expert_fit,1,expert_stop,tc_oos_rsg_v1
VTM-008321,raw_negative/ti_bearing_negative/titanite/titanite_mindat_p065512_page13_007_raw.jpg,titanite,ti_bearing_negative,1,65512,DG-ce970c6214f6,train,expert_stop,1,expert_stop,tc_oos_rsg_v1
VTM-008323,raw_negative/ti_bearing_negative/titanite/titanite_mindat_p068786_page5_020_raw.jpg,titanite,ti_bearing_negative,1,68786,DG-c0ede3d4e248,train,expert_fit,1,expert_stop,tc_oos_rsg_v1
VTM-008324,raw_negative/ti_bearing_negative/titanite/titanite_mindat_p069636_page1_014_raw.jpg,titanite,ti_bearing_negative,1,69636,DG-286832af7c46,train,expert_fit,1,expert_stop,tc_oos_rsg_v1
VTM-008325,raw_negative/ti_bearing_negative/titanite/titanite_mindat_p070273_page14_038_raw.jpg,titanite,ti_bearing_negative,1,70273,DG-38827e03f5f6,train,gate_stop,1,expert_stop,tc_oos_rsg_v1
VTM-008329,raw_negative/ti_bearing_negative/titanite/titanite_mindat_p074875_page14_032_raw.jpg,titanite,ti_bearing_negative,1,74875,DG-9ecbaa852674,train,expert_stop,1,expert_stop,tc_oos_rsg_v1
VTM-008360,raw_negative/ti_bearing_negative/titanite/titanite_mindat_p102086_page14_031_raw.jpg,titanite,ti_bearing_negative,1,102086,DG-a5093433625e,train,expert_fit,1,expert_stop,tc_oos_rsg_v1
VTM-008380,raw_negative/ti_bearing_negative/titanite/titanite_mindat_p1281847_page10_021_raw.jpg,titanite,ti_bearing_negative,1,1281847,DG-6eaffef04e54,train,expert_fit,1,expert_stop,tc_oos_rsg_v1
VTM-008424,raw_negative/ti_bearing_negative/titanite/titanite_mindat_p191175_page9_030_raw.jpg,titanite,ti_bearing_negative,1,191175,DG-5d47435f700f,train,gate_fit,1,expert_stop,tc_oos_rsg_v1
VTM-008449,raw_negative/ti_bearing_negative/titanite/titanite_mindat_p250441_page1_052_raw.jpg,titanite,ti_bearing_negative,1,250441,DG-1caad0f05cb2,train,expert_fit,1,expert_stop,tc_oos_rsg_v1
VTM-008482,raw_negative/ti_bearing_negative/titanite/titanite_mindat_p312629_page9_050_raw.jpg,titanite,ti_bearing_negative,1,312629,DG-1fffaf6ae75b,train,expert_fit,1,expert_stop,tc_oos_rsg_v1
VTM-008491,raw_negative/ti_bearing_negative/titanite/titanite_mindat_p330022_page13_075_raw.jpg,titanite,ti_bearing_negative,1,330022,DG-af7f9e0b3a59,train,gate_stop,1,expert_stop,tc_oos_rsg_v1
VTM-008574,raw_negative/ti_bearing_negative/titanite/titanite_mindat_p640427_page11_004_raw.jpg,titanite,ti_bearing_negative,1,640427,DG-21d29ffc6ed9,train,expert_fit,1,expert_stop,tc_oos_rsg_v1
