image_id,relative_path,file_name,mineral_label,four_class_label,four_class_id,source_site,source_type,mindat_photo_id,detail_page_url,download_source_url,page_title,locality,photographer_or_credit,license_or_rights,screening_decision,manual_review_required,metadata_source_file,metadata_status,metadata_missing_fields,width,height,aspect_ratio,megapixels,file_size_bytes,image_format,image_mode,sha256,dhash64,dimension_pass,quality_status,quality_error,exact_duplicate_group_size,near_duplicate_group_id,near_duplicate_group_size,split_group_id,split
VTM-000369,raw_positive/magnetite_proxy/magnetite_mindat_p017959_874_raw.jpg,magnetite_mindat_p017959_874_raw.jpg,magnetite,target_mineral,0,mindat.org,online_mineral_gallery,17959,https://www.mindat.org/photo-17959.html,https://www.mindat.org/imagecache/a0/e7/09872140017363522984958.jpg,"Magnetite, Calcite","Kovdor Massif, Kovdorsky District, Murmansk Oblast, Russia",Druze of black with blueing crystals of magnetite on a calcite matrix. Size of the specimen is 8x4x4 cm. Max. size of individual crystals is 2 cm.,Mindat photo page rights; verify per photo before republication,mixed_uncertain_review,,mindat_magnetite_manifest.csv,complete_core,,640,272,2.352941,0.1741,60620,JPEG,RGB,dfcb9723ca83b8ae8cf9df0402f71d00eb89fe6beb42bec374d4233443d35c79,98c8c9e820c0f458,False,exclude_low_resolution,,1,DG-1095b0377047,1,DG-1095b0377047,excluded
VTM-000462,raw_positive/magnetite_proxy/magnetite_mindat_p071110_068_raw.jpg,magnetite_mindat_p071110_068_raw.jpg,magnetite,target_mineral,0,mindat.org,online_mineral_gallery,71110,https://www.mindat.org/photo-71110.html,https://www.mindat.org/imagecache/07/69/07136400017365217265827.jpg,Magnetite,"Cerro Huañaquina, Yocalla Municipality, Tomás Frías Province, Potosí, Bolivia","From a wonderful recent find, this specimen is COVERED with razor-sharp magnetite crystals to one centimeter on edge. The crystals show TOP gunmetal metallic luster, REALLY flashy. And unlike many of these specimens from prior finds in Bolivia, there are no areas of corroded or dinged crystals! The matrix shows here and there as well, isolating ...",Mindat photo page rights; verify per photo before republication,keep_prelim,,mindat_magnetite_manifest.csv,complete_core,,640,292,2.191781,0.1869,70270,JPEG,RGB,a6cb4b4a77eebc5cd226c0c36ebed79023b306a9cbd40aa2bc1c6c317369f4ee,9968ece6c2b4c0e1,False,exclude_low_resolution,,1,DG-a12176748eb1,1,DG-a12176748eb1,excluded
VTM-000496,raw_positive/magnetite_proxy/magnetite_mindat_p091046_293_raw.jpg,magnetite_mindat_p091046_293_raw.jpg,magnetite,target_mineral,0,mindat.org,online_mineral_gallery,91046,https://www.mindat.org/photo-91046.html,https://www.mindat.org/imagecache/ee/e0/07998910017372232323565.jpg,Magnetite,"Loire river alluvial deposits, Gien, Montargis, Loiret, Centre-Val de Loire, France",© François Périnet,Mindat photo page rights; verify per photo before republication,keep_prelim,,mindat_magnetite_manifest.csv,complete_core,,640,472,1.355932,0.3021,37096,JPEG,RGB,c6a83a2aed81e55351fd8e7f5c5efaff0d83c2c93963d10fde4742414e22506b,304cb2b2b2b20c30,True,exclude_near_label_conflict,,1,DG-88cbb4bfd680,4,DG-88cbb4bfd680,excluded
VTM-000641,raw_positive/magnetite_proxy/magnetite_mindat_p1163316_602_raw.jpg,magnetite_mindat_p1163316_602_raw.jpg,magnetite,target_mineral,0,mindat.org,online_mineral_gallery,1163316,https://www.mindat.org/photo-1163316.html,https://www.mindat.org/imagecache/42/be/09673630017363720365364.jpg,"Magnetite (Var: Titanium-bearing Magnetite), Microcline, Quartz","Imilchil Cercle, Midelt Province, Drâa-Tafilalet Region, Morocco",© Fabre Minerals https://www.fabreminerals.com,Mindat photo page rights; verify per photo before republication,mixed_uncertain_review,,mindat_magnetite_manifest.csv,complete_core,,640,582,1.099656,0.3725,95314,JPEG,RGB,36903b66a3a6fc09721bc4f1f5063a489db16abf38272eb6dbd5a292df8bfc72,1270f1e1e4dcf0e8,True,exclude_exact_label_conflict,,2,DG-64ffcbb40eb4,2,DG-64ffcbb40eb4,excluded
VTM-000642,raw_positive/magnetite_proxy/magnetite_mindat_p1163636_604_raw.jpg,magnetite_mindat_p1163636_604_raw.jpg,magnetite,target_mineral,0,mindat.org,online_mineral_gallery,1163636,https://www.mindat.org/photo-1163636.html,https://www.mindat.org/imagecache/67/ed/01613570017363720357435.jpg,"Magnetite (Var: Titanium-bearing Magnetite), Microcline, Quartz","Imilchil Cercle, Midelt Province, Drâa-Tafilalet Region, Morocco",© Fabre Minerals https://www.fabreminerals.com,Mindat photo page rights; verify per photo before republication,mixed_uncertain_review,,mindat_magnetite_manifest.csv,complete_core,,640,758,0.844327,0.4851,143679,JPEG,RGB,eaf804423000a599a70118167005cb48efd6458b20f8f28ff5c660dc37bc2639,83d0d4cccccce860,True,exclude_exact_label_conflict,,2,DG-4cfad1d61302,2,DG-4cfad1d61302,excluded
VTM-000655,raw_positive/magnetite_proxy/magnetite_mindat_p1173664_605_raw.jpg,magnetite_mindat_p1173664_605_raw.jpg,magnetite,target_mineral,0,mindat.org,online_mineral_gallery,1173664,https://www.mindat.org/photo-1173664.html,https://www.mindat.org/imagecache/a4/6d/05072330017363720361844.jpg,"Magnetite (Var: Titanium-bearing Magnetite), Microcline, Quartz","Imilchil Cercle, Midelt Province, Drâa-Tafilalet Region, Morocco",© Fabre Minerals https://www.fabreminerals.com,Mindat photo page rights; verify per photo before republication,mixed_uncertain_review,,mindat_magnetite_manifest.csv,complete_core,,640,758,0.844327,0.4851,121278,JPEG,RGB,8367e5833e91813ad3fc61ac95d664c67544e06aa842fc168b46681bbd774e79,33f0c8e8d0e07973,True,exclude_exact_label_conflict,,2,DG-34372c60fc84,2,DG-34372c60fc84,excluded
VTM-000664,raw_positive/magnetite_proxy/magnetite_mindat_p1186432_603_raw.jpg,magnetite_mindat_p1186432_603_raw.jpg,magnetite,target_mineral,0,mindat.org,online_mineral_gallery,1186432,https://www.mindat.org/photo-1186432.html,https://www.mindat.org/imagecache/36/d2/05742270017363720345958.jpg,"Magnetite (Var: Titanium-bearing Magnetite), Microcline, Quartz","Imilchil Cercle, Midelt Province, Drâa-Tafilalet Region, Morocco",© Fabre Minerals https://www.fabreminerals.com,Mindat photo page rights; verify per photo before republication,mixed_uncertain_review,,mindat_magnetite_manifest.csv,complete_core,,640,552,1.15942,0.3533,101090,JPEG,RGB,758b8361db58370e7329cd48971af10e6d93e35d9d2c70bcc612c9800260cc04,26e090c4c4d4d474,True,exclude_exact_label_conflict,,2,DG-3107492c292c,2,DG-3107492c292c,excluded
VTM-000674,raw_positive/magnetite_proxy/magnetite_mindat_p1198602_601_raw.jpg,magnetite_mindat_p1198602_601_raw.jpg,magnetite,target_mineral,0,mindat.org,online_mineral_gallery,1198602,https://www.mindat.org/photo-1198602.html,https://www.mindat.org/imagecache/73/25/09854740017363720355079.jpg,"Magnetite (Var: Titanium-bearing Magnetite), Quartz","Imilchil Cercle, Midelt Province, Drâa-Tafilalet Region, Morocco",© Fabre Minerals https://www.fabreminerals.com,Mindat photo page rights; verify per photo before republication,mixed_uncertain_review,,mindat_magnetite_manifest.csv,complete_core,,640,928,0.689655,0.5939,175659,JPEG,RGB,3ce2c537dea103899fa096ced6755774b03ef9125034664baa4e81f4eb133b6f,b974e4ccecdcc0c0,True,exclude_exact_label_conflict,,2,DG-7fe962444066,2,DG-7fe962444066,excluded
VTM-000712,raw_positive/magnetite_proxy/magnetite_mindat_p1252070_1003_raw.jpg,magnetite_mindat_p1252070_1003_raw.jpg,magnetite,target_mineral,0,mindat.org,online_mineral_gallery,1252070,https://www.mindat.org/photo-1252070.html,https://www.mindat.org/imagecache/ba/29/01787960017365497933930.jpg,Magnetite (Var: Titanium-bearing Magnetite),"Transvaal, South Africa",,Mindat photo page rights; verify per photo before republication,mixed_uncertain_review,,mindat_magnetite_manifest.csv,complete_core,,640,436,1.46789,0.279,120690,JPEG,RGB,02497d7a0ebb04123ac30311116a2c9351d1545d69ada555dc3628e2131435dd,3860cad2b8f8d093,True,exclude_exact_label_conflict,,2,DG-b329915fc120,2,DG-b329915fc120,excluded
VTM-000814,raw_positive/magnetite_proxy/magnetite_mindat_p1378782_231_raw.jpg,magnetite_mindat_p1378782_231_raw.jpg,magnetite,target_mineral,0,mindat.org,online_mineral_gallery,1378782,https://www.mindat.org/photo-1378782.html,https://www.mindat.org/imagecache/af/b6/02392210017362061223278.jpg,"Magnetite, Quartz, Quartzite","Jõhvi magnetic anomaly, Jõhvi, Ida-Viru County, Estonia",© Estonian Geological Survey,Mindat photo page rights; verify per photo before republication,mixed_uncertain_review,,mindat_magnetite_manifest.csv,complete_core,,640,286,2.237762,0.183,93065,JPEG,RGB,1c1fbcfbb582c41d6c6d321ab786832d0862b53cc3ff0d4246ea76c384deb9c9,1d4e0b1b0a2e253e,False,exclude_low_resolution,,1,DG-e83449f13d79,1,DG-e83449f13d79,excluded
VTM-000815,raw_positive/magnetite_proxy/magnetite_mindat_p1378783_233_raw.jpg,magnetite_mindat_p1378783_233_raw.jpg,magnetite,target_mineral,0,mindat.org,online_mineral_gallery,1378783,https://www.mindat.org/photo-1378783.html,https://www.mindat.org/imagecache/aa/e9/03423980017362061295486.jpg,"Magnetite, Quartz, Quartzite","Jõhvi magnetic anomaly, Jõhvi, Ida-Viru County, Estonia",© Estonian Geological Survey,Mindat photo page rights; verify per photo before republication,mixed_uncertain_review,,mindat_magnetite_manifest.csv,complete_core,,640,238,2.689076,0.1523,69218,JPEG,RGB,529184beff7f8c3f4d093f2bac06608a28051d9bf6e157bde2e33a6d7a92a49a,01111b0d8ccd4d2f,False,exclude_low_resolution,,1,DG-49e3dda81443,1,DG-49e3dda81443,excluded
VTM-000816,raw_positive/magnetite_proxy/magnetite_mindat_p1378816_230_raw.jpg,magnetite_mindat_p1378816_230_raw.jpg,magnetite,target_mineral,0,mindat.org,online_mineral_gallery,1378816,https://www.mindat.org/photo-1378816.html,https://www.mindat.org/imagecache/13/d4/02241080017362061335551.jpg,"Magnetite, Garnet Group, Gneiss, Quartzite, Pyrite, Diopside","Jõhvi magnetic anomaly, Jõhvi, Ida-Viru County, Estonia",© Estonian Geological Survey,Mindat photo page rights; verify per photo before republication,mixed_uncertain_review,,mindat_magnetite_manifest.csv,complete_core,,640,256,2.5,0.1638,104377,JPEG,RGB,29695b8ce80bb1a8fd672062e2c613be0abd21f5f2ecef56f7a4424e64b3d7f8,6f41060742706064,False,exclude_low_resolution,,1,DG-3937f4362092,1,DG-3937f4362092,excluded
VTM-000887,raw_positive/magnetite_proxy/magnetite_mindat_p1468553_1264_raw.jpg,magnetite_mindat_p1468553_1264_raw.jpg,magnetite,target_mineral,0,mindat.org,online_mineral_gallery,1468553,https://www.mindat.org/photo-1468553.html,https://www.mindat.org/imagecache/8a/4b/05719180017433983724100.jpg,"Magnetite (Var: Titanium-bearing Magnetite), Epidote, Prehnite","Eas a Bradain, Luib, Isle of Skye, Eilean á Chèo, Highland, Scotland, UK",© Steve Rust,Mindat photo page rights; verify per photo before republication,mixed_uncertain_review,,mindat_magnetite_manifest.csv,complete_core,,640,742,0.862534,0.4749,165609,JPEG,RGB,9dcc36a82e5963d0ead1f407466aad819e832e648f08b2c47f1695924ca955e5,44dcf2215ddb7b37,True,exclude_exact_label_conflict,,2,DG-6d0f1af71823,2,DG-6d0f1af71823,excluded
VTM-000891,raw_positive/magnetite_proxy/magnetite_mindat_p1473728_1263_raw.jpg,magnetite_mindat_p1473728_1263_raw.jpg,magnetite,target_mineral,0,mindat.org,online_mineral_gallery,1473728,https://www.mindat.org/photo-1473728.html,https://www.mindat.org/imagecache/8b/15/02873390017443298071943.jpg,"Magnetite (Var: Titanium-bearing Magnetite), Prehnite, Epidote","Eas a Bradain, Luib, Isle of Skye, Eilean á Chèo, Highland, Scotland, UK",© Steve Rust,Mindat photo page rights; verify per photo before republication,mixed_uncertain_review,,mindat_magnetite_manifest.csv,complete_core,,640,560,1.142857,0.3584,146109,JPEG,RGB,3c1cc790a569b44316faa0e6f7e09839a868a7969f2791936cc836dbb9075918,74f9fbe871386cec,True,exclude_exact_label_conflict,,2,DG-2e1bc7c614d6,2,DG-2e1bc7c614d6,excluded
VTM-000894,raw_positive/magnetite_proxy/magnetite_mindat_p148442_252_raw.jpg,magnetite_mindat_p148442_252_raw.jpg,magnetite,target_mineral,0,mindat.org,online_mineral_gallery,148442,https://www.mindat.org/photo-148442.html,https://www.mindat.org/imagecache/80/96/01752570017365497919138.jpg,"Magnetite (Var: Titanium-bearing Magnetite), Ulvöspinel","Otanmäki Mine, Otanmäki granite, Kajaani, Kainuu, Finland","Titaniferous magnetite with non-visible inclusions of ulvospinel, microscopic examination of a thin-section may reveal exosolutions of ulvospinel in the magnetite. 3 cm example, Excalibur Mineral Company specimen. S234-31",Mindat photo page rights; verify per photo before republication,mixed_uncertain_review,,mindat_magnetite_manifest.csv,complete_core,,640,1146,0.558464,0.7334,163326,JPEG,RGB,5b413e271b06280fdedc27ed7ff090a696c3e908c25de2fcd7d6abf6987f17b8,c1e0ecd8f9e9f9b9,True,exclude_near_label_conflict,,1,DG-a6499382abb2,2,DG-a6499382abb2,excluded
VTM-000903,raw_positive/magnetite_proxy/magnetite_mindat_p149085_274_raw.jpg,magnetite_mindat_p149085_274_raw.jpg,magnetite,target_mineral,0,mindat.org,online_mineral_gallery,149085,https://www.mindat.org/photo-149085.html,https://www.mindat.org/imagecache/c9/35/03559840017367552752326.jpg,Magnetite,"Métou stream alluvial deposits, Vergonzac, Siaugues-Sainte-Marie, Brioude, Haute-Loire, Auvergne-Rhône-Alpes, France",© François Périnet,Mindat photo page rights; verify per photo before republication,keep_prelim,,mindat_magnetite_manifest.csv,complete_core,,640,480,1.333333,0.3072,75766,JPEG,RGB,285289ad3487b7c95b9b3d346fe448e59e70d10c7b4b0504202a24763502fa6b,4cb27161f971b24c,True,exclude_near_label_conflict,,1,DG-3c1fb8d016bd,2,DG-3c1fb8d016bd,excluded
VTM-000905,raw_positive/magnetite_proxy/magnetite_mindat_p1493729_1265_raw.jpg,magnetite_mindat_p1493729_1265_raw.jpg,magnetite,target_mineral,0,mindat.org,online_mineral_gallery,1493729,https://www.mindat.org/photo-1493729.html,https://www.mindat.org/imagecache/41/88/06996830017475947377635.jpg,"Magnetite (Var: Titanium-bearing Magnetite), Prehnite, Feldspar Group, Quartz","Eas a Bradain, Luib, Isle of Skye, Eilean á Chèo, Highland, Scotland, UK",© Steve Rust,Mindat photo page rights; verify per photo before republication,mixed_uncertain_review,,mindat_magnetite_manifest.csv,complete_core,,640,538,1.189591,0.3443,127192,JPEG,RGB,d09e242ed474fe82f080df180be3e46461a74599ba0e8e9bc7f17d1125c735ab,98d84cec3a7ac6d6,True,exclude_exact_label_conflict,,2,DG-0462ca0739ec,2,DG-0462ca0739ec,excluded
VTM-000918,raw_positive/magnetite_proxy/magnetite_mindat_p1513169_958_raw.jpg,magnetite_mindat_p1513169_958_raw.jpg,magnetite,target_mineral,0,mindat.org,online_mineral_gallery,1513169,https://www.mindat.org/photo-1513169.html,https://www.mindat.org/imagecache/30/97/04702280017512872965793.jpg,Magnetite,"Pod Karlíkom, Hodruša-Hámre, Žarnovica District, Banská Bystrica Region, Slovakia",© Juraj Demian,Mindat photo page rights; verify per photo before republication,keep_prelim,,mindat_magnetite_manifest.csv,complete_core,,640,288,2.222222,0.1843,152837,JPEG,RGB,4b828de45ea8c728d3239c7a186bdc9fd2ea8496ea1721a592466de9815eb528,270d74426b636267,False,exclude_low_resolution,,1,DG-ce24afd179b3,1,DG-ce24afd179b3,excluded
VTM-001280,raw_positive/magnetite_proxy/magnetite_mindat_p499078_932_raw.jpg,magnetite_mindat_p499078_932_raw.jpg,magnetite,target_mineral,0,mindat.org,online_mineral_gallery,499078,https://www.mindat.org/photo-499078.html,https://www.mindat.org/imagecache/b3/5a/06038070017363091423652.jpg,Magnetite (Var: Titanium-bearing Magnetite),"Akhmatov mine, Magnitka, Kusinsky District, Chelyabinsk Oblast, Russia","Specimen Size: 9,5x8x4 cm",Mindat photo page rights; verify per photo before republication,mixed_uncertain_review,,mindat_magnetite_manifest.csv,complete_core,,640,480,1.333333,0.3072,58067,JPEG,RGB,39912b829eefafb18e753460862ccafdd2e08848d522af0ca4b23fd0d166ba02,69c8dccccecedae4,True,exclude_near_label_conflict,,1,DG-2be640126a35,2,DG-2be640126a35,excluded
VTM-001325,raw_positive/magnetite_proxy/magnetite_mindat_p537487_795_raw.jpg,magnetite_mindat_p537487_795_raw.jpg,magnetite,target_mineral,0,mindat.org,online_mineral_gallery,537487,https://www.mindat.org/photo-537487.html,https://www.mindat.org/imagecache/a4/fe/05480690017365253985906.jpg,"Magnetite (Var: Titanium-bearing Magnetite), Ulvöspinel","Suwałki Massif, Suwałki County, Podlaskie Voivodeship, Poland",Fragment of drill core from 1600 meters deep. Specimen size: 80 mm. Grzegorz Słowik collection and photo.,Mindat photo page rights; verify per photo before republication,mixed_uncertain_review,,mindat_magnetite_manifest.csv,complete_core,,640,480,1.333333,0.3072,107972,JPEG,RGB,e4dac8dea8174abc4f5b8a32e80f21ed68fb8d557dd03dafccbc36d05b084c4b,13f3b1c58d15b3f9,True,exclude_exact_label_conflict,,2,DG-4069be275364,2,DG-4069be275364,excluded
VTM-001672,raw_positive/titanomagnetite_core/titanomagnetite_mindat_p1163316_026_raw.jpg,titanomagnetite_mindat_p1163316_026_raw.jpg,titanomagnetite,target_mineral,0,Mindat,manual_download,1163316,https://www.mindat.org/photo-1163316.html,https://www.mindat.org/imagecache/42/be/09673630017363720365364.jpg,"Magnetite (Var: Titanium-bearing Magnetite), Microcline, QuartzImilchil Cercle, Midelt Province, Drâa-Tafilalet Region, MoroccoReference: TM46AN2",A novelty at Sainte Marie Virtual 2021. Octahedral crystals of Magnetite (titanium-rich variety) in parallel growths and with an aggregate habit that suggests they represent a pseudomorph after an Ilmenite crystal. The lustrous Magnetite crystals show fine growth lines and are partially covered by Microcline and Quartz  ...© Fabre Minerals https://www.fabreminerals.com,,Mindat photo page rights; verify per photo before republication,mixed_uncertain_review,yes,mindat_titanomagnetite_manifest.csv,complete_core,,640,582,1.099656,0.3725,95314,JPEG,RGB,36903b66a3a6fc09721bc4f1f5063a489db16abf38272eb6dbd5a292df8bfc72,1270f1e1e4dcf0e8,True,exclude_exact_label_conflict,,2,DG-64ffcbb40eb4,2,DG-64ffcbb40eb4,excluded
VTM-001673,raw_positive/titanomagnetite_core/titanomagnetite_mindat_p1163636_028_raw.jpg,titanomagnetite_mindat_p1163636_028_raw.jpg,titanomagnetite,target_mineral,0,Mindat,manual_download,1163636,https://www.mindat.org/photo-1163636.html,https://www.mindat.org/imagecache/67/ed/01613570017363720357435.jpg,"Magnetite (Var: Titanium-bearing Magnetite), Microcline, QuartzImilchil Cercle, Midelt Province, Drâa-Tafilalet Region, MoroccoReference: TB87AN2",A novelty at Sainte Marie Virtual 2021. Druse of octahedral crystals of Magnetite (titanium-rich variety) in parallel growths and with an aggregate habit that suggests they represent a pseudomorph after an Ilmenite crystal. The lustrous Magnetite crystals with fine growth striations are partially covered by Microcline and  ...© Fabre Minerals https://www.fabreminerals.com,,Mindat photo page rights; verify per photo before republication,mixed_uncertain_review,yes,mindat_titanomagnetite_manifest.csv,complete_core,,640,758,0.844327,0.4851,143679,JPEG,RGB,eaf804423000a599a70118167005cb48efd6458b20f8f28ff5c660dc37bc2639,83d0d4cccccce860,True,exclude_exact_label_conflict,,2,DG-4cfad1d61302,2,DG-4cfad1d61302,excluded
VTM-001674,raw_positive/titanomagnetite_core/titanomagnetite_mindat_p1173664_031_raw.jpg,titanomagnetite_mindat_p1173664_031_raw.jpg,titanomagnetite,target_mineral,0,Mindat,manual_download,1173664,https://www.mindat.org/photo-1173664.html,https://www.mindat.org/imagecache/a4/6d/05072330017363720361844.jpg,"Magnetite (Var: Titanium-bearing Magnetite), Microcline, QuartzImilchil Cercle, Midelt Province, Drâa-Tafilalet Region, MoroccoReference: TG27AN2",A novelty at Sainte Marie Virtual 2021. Octahedral crystals of Magnetite (titanium-rich variety) in parallel growths and with an aggregate habit that suggests they represent a pseudomorph after an Ilmenite crystal. The lustrous Magnetite crystals show fine growth lines and are partially covered by Microcline and Quartz  ...© Fabre Minerals https://www.fabreminerals.com,,Mindat photo page rights; verify per photo before republication,mixed_uncertain_review,yes,mindat_titanomagnetite_manifest.csv,complete_core,,640,758,0.844327,0.4851,121278,JPEG,RGB,8367e5833e91813ad3fc61ac95d664c67544e06aa842fc168b46681bbd774e79,33f0c8e8d0e07973,True,exclude_exact_label_conflict,,2,DG-34372c60fc84,2,DG-34372c60fc84,excluded
VTM-001675,raw_positive/titanomagnetite_core/titanomagnetite_mindat_p1186432_027_raw.jpg,titanomagnetite_mindat_p1186432_027_raw.jpg,titanomagnetite,target_mineral,0,Mindat,manual_download,1186432,https://www.mindat.org/photo-1186432.html,https://www.mindat.org/imagecache/36/d2/05742270017363720345958.jpg,"Magnetite (Var: Titanium-bearing Magnetite), Microcline, QuartzImilchil Cercle, Midelt Province, Drâa-Tafilalet Region, MoroccoReference: TV66AN2",A novelty at Sainte Marie Virtual 2021. Octahedral crystals of Magnetite (titanium-rich variety) in parallel growths and with an aggregate habit that suggests they represent a pseudomorph after an Ilmenite crystal. The lustrous Magnetite crystals show fine growth lines and are partially covered by Microcline and Quartz  ...© Fabre Minerals https://www.fabreminerals.com,,Mindat photo page rights; verify per photo before republication,mixed_uncertain_review,yes,mindat_titanomagnetite_manifest.csv,complete_core,,640,552,1.15942,0.3533,101090,JPEG,RGB,758b8361db58370e7329cd48971af10e6d93e35d9d2c70bcc612c9800260cc04,26e090c4c4d4d474,True,exclude_exact_label_conflict,,2,DG-3107492c292c,2,DG-3107492c292c,excluded
VTM-001676,raw_positive/titanomagnetite_core/titanomagnetite_mindat_p1198602_025_raw.jpg,titanomagnetite_mindat_p1198602_025_raw.jpg,titanomagnetite,target_mineral,0,Mindat,manual_download,1198602,https://www.mindat.org/photo-1198602.html,https://www.mindat.org/imagecache/73/25/09854740017363720355079.jpg,"Magnetite (Var: Titanium-bearing Magnetite), QuartzImilchil Cercle, Midelt Province, Drâa-Tafilalet Region, MoroccoReference: TC88AN2","A novelty at Sainte Marie Virtual 2021. Druse of octahedral crystals of Magnetite (titanium-rich variety) in parallel growths and with an aggregate habit that suggests they represent a pseudomorph after an Ilmenite crystal. The Magnetite crystals are lustrous, with fine growth striations, partially covered by Quartz  ...© Fabre Minerals https://www.fabreminerals.com",,Mindat photo page rights; verify per photo before republication,mixed_uncertain_review,yes,mindat_titanomagnetite_manifest.csv,complete_core,,640,928,0.689655,0.5939,175659,JPEG,RGB,3ce2c537dea103899fa096ced6755774b03ef9125034664baa4e81f4eb133b6f,b974e4ccecdcc0c0,True,exclude_exact_label_conflict,,2,DG-7fe962444066,2,DG-7fe962444066,excluded
VTM-001683,raw_positive/titanomagnetite_core/titanomagnetite_mindat_p1252070_029_raw.jpg,titanomagnetite_mindat_p1252070_029_raw.jpg,titanomagnetite,target_mineral,0,Mindat,manual_download,1252070,https://www.mindat.org/photo-1252070.html,https://www.mindat.org/imagecache/ba/29/01787960017365497933930.jpg,"Magnetite (Var: Titanium-bearing Magnetite)Transvaal, South AfricaMassive dark gray metallic titaniferous magnetite.",,,Mindat photo page rights; verify per photo before republication,keep_prelim,yes,mindat_titanomagnetite_manifest.csv,complete_core,,640,436,1.46789,0.279,120690,JPEG,RGB,02497d7a0ebb04123ac30311116a2c9351d1545d69ada555dc3628e2131435dd,3860cad2b8f8d093,True,exclude_exact_label_conflict,,2,DG-b329915fc120,2,DG-b329915fc120,excluded
VTM-001684,raw_positive/titanomagnetite_core/titanomagnetite_mindat_p1468553_021_raw.jpg,titanomagnetite_mindat_p1468553_021_raw.jpg,titanomagnetite,target_mineral,0,Mindat,manual_download,1468553,https://www.mindat.org/photo-1468553.html,https://www.mindat.org/imagecache/8a/4b/05719180017433983724100.jpg,"Magnetite (Var: Titanium-bearing Magnetite), Epidote, PrehniteEas a Bradain, Luib, Isle of Skye, Eilean á Chèo, Highland, Scotland, UKBlack crystals of titanium bearing magnetite with bladed-prismatic crystals of epidote and white-creamy prehnite on undetermined feldspar. It would appear that 'all' of the magnetite from the granites on Skye are titanium bearing. The rough looking terminations on the magnetite crystals are poorly formed, but not damaged.© Steve Rust",,,Mindat photo page rights; verify per photo before republication,mixed_uncertain_review,yes,mindat_titanomagnetite_manifest.csv,complete_core,,640,742,0.862534,0.4749,165609,JPEG,RGB,9dcc36a82e5963d0ead1f407466aad819e832e648f08b2c47f1695924ca955e5,44dcf2215ddb7b37,True,exclude_exact_label_conflict,,2,DG-6d0f1af71823,2,DG-6d0f1af71823,excluded
VTM-001685,raw_positive/titanomagnetite_core/titanomagnetite_mindat_p1473728_020_raw.jpg,titanomagnetite_mindat_p1473728_020_raw.jpg,titanomagnetite,target_mineral,0,Mindat,manual_download,1473728,https://www.mindat.org/photo-1473728.html,https://www.mindat.org/imagecache/8b/15/02873390017443298071943.jpg,"Magnetite (Var: Titanium-bearing Magnetite), Prehnite, EpidoteEas a Bradain, Luib, Isle of Skye, Eilean á Chèo, Highland, Scotland, UKAssociated hair-like crystals of an amphibole on a feldspar matrix.© Steve Rust",,,Mindat photo page rights; verify per photo before republication,mixed_uncertain_review,yes,mindat_titanomagnetite_manifest.csv,complete_core,,640,560,1.142857,0.3584,146109,JPEG,RGB,3c1cc790a569b44316faa0e6f7e09839a868a7969f2791936cc836dbb9075918,74f9fbe871386cec,True,exclude_exact_label_conflict,,2,DG-2e1bc7c614d6,2,DG-2e1bc7c614d6,excluded
VTM-001686,raw_positive/titanomagnetite_core/titanomagnetite_mindat_p148442_003_raw.jpg,titanomagnetite_mindat_p148442_003_raw.jpg,titanomagnetite,target_mineral,0,Mindat,manual_download,148442,https://www.mindat.org/photo-148442.html,https://www.mindat.org/imagecache/80/96/01752570017365497919138.jpg,"Magnetite (Var: Titanium-bearing Magnetite), UlvöspinelOtanmäki Mine, Otanmäki granite, Kajaani, Kainuu, FinlandTitaniferous magnetite with non-visible inclusions of ulvospinel, microscopic examination of a thin-section may reveal exosolutions of ulvospinel in the magnetite.","3 cm example, Excalibur Mineral Company specimen. S234-31© 2008, JGW","3 cm example, Excalibur Mineral Company specimen. S234-31© 2008, JGW",Mindat photo page rights; verify per photo before republication,mixed_uncertain_review,yes,mindat_titanomagnetite_manifest.csv,complete_core,,640,1146,0.558464,0.7334,155525,JPEG,RGB,8426c04a37707eb654ac7822538b77a6cc6264b3a0b5e4b5286f93e8e34870db,c1e0ecd8f9e9f9b9,True,exclude_near_label_conflict,,1,DG-a6499382abb2,2,DG-a6499382abb2,excluded
VTM-001687,raw_positive/titanomagnetite_core/titanomagnetite_mindat_p1493729_022_raw.jpg,titanomagnetite_mindat_p1493729_022_raw.jpg,titanomagnetite,target_mineral,0,Mindat,manual_download,1493729,https://www.mindat.org/photo-1493729.html,https://www.mindat.org/imagecache/41/88/06996830017475947377635.jpg,"Magnetite (Var: Titanium-bearing Magnetite), Prehnite, Feldspar Group, QuartzEas a Bradain, Luib, Isle of Skye, Eilean á Chèo, Highland, Scotland, UK© Steve Rust",,,Mindat photo page rights; verify per photo before republication,mixed_uncertain_review,yes,mindat_titanomagnetite_manifest.csv,complete_core,,640,538,1.189591,0.3443,127192,JPEG,RGB,d09e242ed474fe82f080df180be3e46461a74599ba0e8e9bc7f17d1125c735ab,98d84cec3a7ac6d6,True,exclude_exact_label_conflict,,2,DG-0462ca0739ec,2,DG-0462ca0739ec,excluded
VTM-001699,raw_positive/titanomagnetite_core/titanomagnetite_mindat_p499078_013_raw.jpg,titanomagnetite_mindat_p499078_013_raw.jpg,titanomagnetite,target_mineral,0,Mindat,manual_download,499078,https://www.mindat.org/photo-499078.html,https://www.mindat.org/imagecache/b3/5a/06038070017363091423652.jpg,"Magnetite (Var: Titanium-bearing Magnetite)Akhmatov mine, Magnitka, Kusinsky District, Chelyabinsk Oblast, RussiaSpecimen Size: 9,5x8x4 cm© Marcus V.",,"Magnetite (Var: Titanium-bearing Magnetite)Akhmatov mine, Magnitka, Kusinsky District, Chelyabinsk Oblast, RussiaSpecimen Size: 9,5x8x4 cm© Marcus V.",Mindat photo page rights; verify per photo before republication,keep_prelim,yes,mindat_titanomagnetite_manifest.csv,complete_core,,640,480,1.333333,0.3072,55764,JPEG,RGB,34702238a916e22d57fbe6f93a97fbc5d2525f9658e8fa9ab789f1aff697ee6e,69c8dccccecedae4,True,exclude_near_label_conflict,,1,DG-2be640126a35,2,DG-2be640126a35,excluded
VTM-001700,raw_positive/titanomagnetite_core/titanomagnetite_mindat_p537487_008_raw.jpg,titanomagnetite_mindat_p537487_008_raw.jpg,titanomagnetite,target_mineral,0,Mindat,manual_download,537487,https://www.mindat.org/photo-537487.html,https://www.mindat.org/imagecache/a4/fe/05480690017365253985906.jpg,"Magnetite (Var: Titanium-bearing Magnetite), UlvöspinelSuwałki Massif, Suwałki County, Podlaskie Voivodeship, PolandFragment of drill core from 1600 meters deep. Specimen size: 80 mm. Grzegorz Słowik collection and photo.© Grzegorz Słowik",,"Magnetite (Var: Titanium-bearing Magnetite), UlvöspinelSuwałki Massif, Suwałki County, Podlaskie Voivodeship, PolandFragment of drill core from 1600 meters deep. Specimen size: 80 mm. Grzegorz Słowik collection and photo.© Grzegorz Słowik",Mindat photo page rights; verify per photo before republication,mixed_uncertain_review,yes,mindat_titanomagnetite_manifest.csv,complete_core,,640,480,1.333333,0.3072,107972,JPEG,RGB,e4dac8dea8174abc4f5b8a32e80f21ed68fb8d557dd03dafccbc36d05b084c4b,13f3b1c58d15b3f9,True,exclude_exact_label_conflict,,2,DG-4069be275364,2,DG-4069be275364,excluded
VTM-002670,raw_negative/gangue_negative/fluorapatite/fluorapatite_mindat_p298278_page7_020_raw.jpg,fluorapatite_mindat_p298278_page7_020_raw.jpg,fluorapatite,gangue_negative,2,mindat.org,online_mineral_gallery,298278,https://zh.mindat.org/photo-298278.html,https://zh.mindat.org/imagecache/83/6f/01624380017365989413419.jpg,"Fluorapatite, Siderite","Siglo Veinte Mine, Llallagua, Rafael Bustillo Province, Potosí, Bolivia",Superb glassy colorless translucent fluorapatite crystal measuring 2.0 x 1.5 x 1.2 cm in size is set nicely upon matrix with tan to colorless lenticular crystals of siderite to 1.8 cm in size. Neat combination piece for this locality. No damage. Size: 4.7 x 3.4 x 2.5 cm. Ex Lloyd Tate collection. Ref: The Mineralogical Record 37: 117-162.,Mindat photo page rights; verify per photo before republication,mixed_uncertain_review,,mindat_fluorapatite_final_unique_manifest.csv,complete_core,,1270,1696,0.748821,2.1539,1296616,JPEG,RGB,b6d479b87205e3aca03a482e4d4f3e0236c6fa2ab9882d7740cef3e81c5d52b4,860f1f0f0f5f0f1f,True,pass,,1,DG-0691cb88a482,2,DG-0691cb88a482,train
VTM-002722,raw_negative/gangue_negative/fluorapatite/fluorapatite_mindat_p381161_page7_046_raw.jpg,fluorapatite_mindat_p381161_page7_046_raw.jpg,fluorapatite,gangue_negative,2,mindat.org,online_mineral_gallery,381161,https://zh.mindat.org/photo-381161.html,https://zh.mindat.org/imagecache/91/50/01077660017439396753722.jpg,"Fluorapatite, Siderite","Siglo Veinte Mine, Llallagua, Rafael Bustillo Province, Potosí, Bolivia",Superb glassy colorless translucent fluorapatite crystal measuring 2.0 x 1.5 x 1.2 cm in size is set nicely upon matrix with tan to colorless lenticular crystals of siderite to 1.8 cm in size. Neat combination piece for this locality. No damage. Size: 4.7 x 3.4 x 2.5 cm. Ex Lloyd Tate collection. Ref: The Mineralogical Record 37: 117-162.,Mindat photo page rights; verify per photo before republication,mixed_uncertain_review,,mindat_fluorapatite_final_unique_manifest.csv,complete_core,,1270,1696,0.748821,2.1539,691920,JPEG,RGB,f6d69451865571e7648025f7a278cd806b46d56d68110454596e371f6ec52b03,860f1f0f0f5f0f1f,True,pass,,1,DG-0691cb88a482,2,DG-0691cb88a482,train
VTM-005715,raw_negative/ti_bearing_negative/anatase/anatase_mindat_p1202203_003_raw.jpg,anatase_mindat_p1202203_003_raw.jpg,anatase,ti_bearing_negative,1,Mindat,manual_download,1202203,https://www.mindat.org/photo-1202203.html,https://www.mindat.org/imagecache/9c/df/04150210017368692617622.jpg,"Anatase, HematiteTachgagalt Mine, Tansifte Caïdat, Agdz Cercle, Zagora Province, Drâa-Tafilalet Region, MoroccoLittle vug covered by quartz in association with anatase and Hematite.© Thierry Brunsperger",,,Mindat photo page rights; verify per photo before republication,mixed_uncertain_review,yes,mindat_anatase_manifest.csv,complete_core,,640,424,1.509434,0.2714,230545,JPEG,RGB,31f420c73fd3079a82667ee966ddbe4cad4b58a8137eb5d20f5a63fdbadf19c6,49b1f5cd494b869d,True,pass,,1,DG-acfc7cc85cb1,2,DG-acfc7cc85cb1,train
VTM-005720,raw_negative/ti_bearing_negative/anatase/anatase_mindat_p1209860_011_raw.jpg,anatase_mindat_p1209860_011_raw.jpg,anatase,ti_bearing_negative,1,Mindat,manual_download,1209860,https://www.mindat.org/photo-1209860.html,https://www.mindat.org/imagecache/13/f6/00828980017368692682803.jpg,"Anatase, HematiteTachgagalt Mine, Tansifte Caïdat, Agdz Cercle, Zagora Province, Drâa-Tafilalet Region, MoroccoLittle vug covered by quartz in association with anatase and Hematite.","For 3D showing, use steropair glasses type Loreo for 24"".© Thierry Brunsperger",,Mindat photo page rights; verify per photo before republication,mixed_uncertain_review,yes,mindat_anatase_manifest.csv,complete_core,,640,424,1.509434,0.2714,181599,JPEG,RGB,6d65787944da2cffdedaefb3e1182639224c81dff737738e51772ce4a709e5e7,49b1f5cd494b869d,True,pass,,1,DG-acfc7cc85cb1,2,DG-acfc7cc85cb1,train
VTM-006169,raw_negative/ti_bearing_negative/anatase/anatase_mindat_p351651_304_raw.jpg,anatase_mindat_p351651_304_raw.jpg,anatase,ti_bearing_negative,1,Mindat,manual_download,351651,https://www.mindat.org/photo-351651.html,https://www.mindat.org/imagecache/ce/f3/08178530017370075261740.jpg,"AnataseAnatase locality, Lot mine, Cebolla Mining District, Gunnison County, Colorado, USAScale given by U.S. penny","Both anatase and brookite are in view, but they cannot be distinguished in this image.",,Mindat photo page rights; verify per photo before republication,keep_prelim,yes,mindat_anatase_manifest.csv,complete_core,,640,288,2.222222,0.1843,78638,JPEG,RGB,f32ed67fd2ea371fa8b5ef2435fa34a744686c1e7fd54709d66436dd32c1f64e,dbb7f5c0f2f0c9d3,False,exclude_low_resolution,,1,DG-8d125990311f,1,DG-8d125990311f,excluded
VTM-006607,raw_negative/ti_bearing_negative/perovskite/perovskite_mindat_p112782_326_raw.jpg,perovskite_mindat_p112782_326_raw.jpg,perovskite,ti_bearing_negative,1,Mindat,manual_download,112782,https://www.mindat.org/photo-112782.html,https://www.mindat.org/imagecache/e6/fb/04517020017366236515547.jpg,"Perovskite, MuscoviteAkhmatov mine, Magnitka, Kusinsky District, Chelyabinsk Oblast, RussiaA sharp, waxy-lustrous, superbly isolated crystal measuring about 1.5 x 1 cm.Unusual, in its isolation, and i love the green-associated matrix, of blades of muscovite colored green by chlorite!   4.9 x 3.6 x 2.6 cm© Rob Lavinsky & irocks.com",,,Mindat photo page rights; verify per photo before republication,mixed_uncertain_review,yes,mindat_perovskite_manifest.csv,complete_core,,640,554,1.155235,0.3546,79570,JPEG,RGB,35df01dffaf07c80bf40c5de0550bb823e4fa899709f3e8396cc1c1d22d6fbd8,882064e0c8d071b0,True,pass,,1,DG-6aea2b0904ea,2,DG-6aea2b0904ea,train
VTM-006683,raw_negative/ti_bearing_negative/perovskite/perovskite_mindat_p183438_050_raw.jpg,perovskite_mindat_p183438_050_raw.jpg,perovskite,ti_bearing_negative,1,Mindat,manual_download,183438,https://www.mindat.org/photo-183438.html,https://www.mindat.org/imagecache/d4/9f/05380630017362138582922.jpg,"PerovskiteAkhmatov mine, Magnitka, Kusinsky District, Chelyabinsk Oblast, RussiaPerovskite on Chlorite-included Muscovite. Vasco Trancoso collection. Size: 4.9 x 3.6 x 2.6 cm. A sharp, waxy-lustrous, superbly isolated crystal measuring about 1.5 x 1 cm. Unusual, in its isolation, and with a nice colored associated matrix, of blades of muscovite colored green by chlorite! ex. Martin Zinn. Photo courtesy from The Arkenstone.",,"PerovskiteAkhmatov mine, Magnitka, Kusinsky District, Chelyabinsk Oblast, RussiaPerovskite on Chlorite-included Muscovite. Vasco Trancoso collection. Size: 4.9 x 3.6 x 2.6 cm. A sharp, waxy-lustrous, superbly isolated crystal measuring about 1.5 x 1 cm. Unusual, in its isolation, and with a nice colored associated matrix, of blades of muscovite colored green by chlorite! ex. Martin Zinn. Photo courtesy from The Arkenstone.",Mindat photo page rights; verify per photo before republication,keep_prelim,yes,mindat_perovskite_manifest.csv,complete_core,,640,554,1.155235,0.3546,72837,JPEG,RGB,aacb2012cd9cbe7f453097efb9e911f0e487cebb822be31f0e32dd06fb7381ce,882064e0c8d071b0,True,pass,,1,DG-6aea2b0904ea,2,DG-6aea2b0904ea,train
VTM-006685,raw_negative/ti_bearing_negative/perovskite/perovskite_mindat_p191850_321_raw.jpg,perovskite_mindat_p191850_321_raw.jpg,perovskite,ti_bearing_negative,1,Mindat,manual_download,191850,https://www.mindat.org/photo-191850.html,https://www.mindat.org/imagecache/90/b2/05638520017363091402045.jpg,"Perovskite, ClinochloreAkhmatov mine, Magnitka, Kusinsky District, Chelyabinsk Oblast, Russia© Tony Peterson",,,Mindat photo page rights; verify per photo before republication,mixed_uncertain_review,yes,mindat_perovskite_manifest.csv,complete_core,,640,224,2.857143,0.1434,128053,JPEG,RGB,bcccf038cb69c92dc0c8f49e2cb46ec2584741c0d978595627ebad10c72e2452,0b0b4bc36e6c6cc4,False,exclude_low_resolution,,1,DG-f9406aef134e,1,DG-f9406aef134e,excluded
VTM-006864,raw_negative/ti_bearing_negative/perovskite/perovskite_mindat_p720525_077_raw.jpg,perovskite_mindat_p720525_077_raw.jpg,perovskite,ti_bearing_negative,1,Mindat,manual_download,720525,https://www.mindat.org/photo-720525.html,https://www.mindat.org/imagecache/81/f1/05076960017363417689329.jpg,"Perovskite, PrideriteWalgidee Hills, Noonkanbah Station, Derby-West Kimberley Shire, Western Australia, AustraliaStereo pair. The weathered surfaces of this lamproite pegmatite (after 2 hours in an ultrasonic cleaner!) occasionally display crystal faces on resistant minerals. Perovskite was an early phenocryst phase and euhedral pseudo-dodecahedra are plentiful (here, included in green diopside). The black prism of priderite is quite rare (on the left: there  ...© Tony Peterson",,,Mindat photo page rights; verify per photo before republication,mixed_uncertain_review,yes,mindat_perovskite_manifest.csv,complete_core,,640,258,2.48062,0.1651,186302,JPEG,RGB,ec2b0e46614a8afb7b669a0006b8ace08d8a5aba12edfadee5e0b5d87dbc508e,981898c48ce76adc,False,exclude_low_resolution,,1,DG-00ef05f9eafa,1,DG-00ef05f9eafa,excluded
VTM-007066,raw_negative/ti_bearing_negative/rutile/rutile_mindat_p091052_036_raw.jpg,rutile_mindat_p091052_036_raw.jpg,rutile,ti_bearing_negative,1,Mindat,manual_download,91052,https://www.mindat.org/photo-91052.html,https://www.mindat.org/imagecache/e9/4d/04595440017370271973776.jpg,"RutileLoire river alluvial deposits, Gien, Montargis, Loiret, Centre-Val de Loire, France© François Périnet",,,Mindat photo page rights; verify per photo before republication,keep_prelim,yes,mindat_rutile_manifest.csv,complete_core,,640,484,1.322314,0.3098,26909,JPEG,RGB,da609d6f7741a10b974e71d579ec0aa16608825738b7a3b67e647abd32ad0f6a,300cb2b2b2b24c30,True,exclude_near_label_conflict,,1,DG-88cbb4bfd680,4,DG-88cbb4bfd680,excluded
VTM-007078,raw_negative/ti_bearing_negative/rutile/rutile_mindat_p094982_031_raw.jpg,rutile_mindat_p094982_031_raw.jpg,rutile,ti_bearing_negative,1,Mindat,manual_download,94982,https://www.mindat.org/photo-94982.html,https://www.mindat.org/imagecache/4a/a3/09274070017370602993746.jpg,"RutilePont-Ar-C'hleudic stream alluvial deposits, Quilien, Tourch, Quimper, Finistère, Brittany, France© François Périnet",,,Mindat photo page rights; verify per photo before republication,keep_prelim,yes,mindat_rutile_manifest.csv,complete_core,,640,480,1.333333,0.3072,33630,JPEG,RGB,c6aa574653b7d9bdc8a12b0f6c8c1b52ae8edcb1a8688ca676e14f921475a31e,2c52b2b2b2b2320c,True,pass,,1,DG-93f9ca07c210,2,DG-93f9ca07c210,val
VTM-007080,raw_negative/ti_bearing_negative/rutile/rutile_mindat_p095026_020_raw.jpg,rutile_mindat_p095026_020_raw.jpg,rutile,ti_bearing_negative,1,Mindat,manual_download,95026,https://www.mindat.org/photo-95026.html,https://www.mindat.org/imagecache/1b/8f/03441290017373422918567.jpg,"RutileKerleven beach alluvial deposits, La Forêt-Fouesnant, Quimper, Finistère, Brittany, FranceSize 0,35 mm - Photo and collection François Périnet© François Périnet",,"RutileKerleven beach alluvial deposits, La Forêt-Fouesnant, Quimper, Finistère, Brittany, FranceSize 0,35 mm - Photo and collection François Périnet© François Périnet",Mindat photo page rights; verify per photo before republication,keep_prelim,yes,mindat_rutile_manifest.csv,complete_core,,640,484,1.322314,0.3098,13575,JPEG,RGB,cd17b10a3c8ec85be34687c3efe659b2acf2872356dd8754811074bf79956032,300cb2b2b2b24c30,True,exclude_near_label_conflict,,1,DG-88cbb4bfd680,4,DG-88cbb4bfd680,excluded
VTM-007632,raw_negative/ti_bearing_negative/rutile/rutile_mindat_p291768_134_raw.jpg,rutile_mindat_p291768_134_raw.jpg,rutile,ti_bearing_negative,1,Mindat,manual_download,291768,https://www.mindat.org/photo-291768.html,https://www.mindat.org/imagecache/d1/11/00722270017383208197025.jpg,"Rutile, CatapleiitePoudrette quarry, Mont Saint-Hilaire, La Vallée-du-Richelieu RCM, Montérégie, Québec, CanadaFOV 2.4 x 3.4 mm.",The catapleiite is so thin that it almost looks like polylithionite. (But it is brittle and does not fluoresce.),,Mindat photo page rights; verify per photo before republication,mixed_uncertain_review,yes,mindat_rutile_manifest.csv,complete_core,,640,892,0.717489,0.5709,293427,JPEG,RGB,c5e0796991cd69fc0d13e0b1e69aef5325de881ac987da1bc903fd97ca6b6d7d,d9b5b393d3d2869f,True,pass,,1,DG-94c34fd0c23a,2,DG-94c34fd0c23a,train
VTM-007633,raw_negative/ti_bearing_negative/rutile/rutile_mindat_p291772_151_raw.jpg,rutile_mindat_p291772_151_raw.jpg,rutile,ti_bearing_negative,1,Mindat,manual_download,291772,https://www.mindat.org/photo-291772.html,https://www.mindat.org/imagecache/16/e6/05228500017383208235711.jpg,"Rutile, CatapleiitePoudrette quarry, Mont Saint-Hilaire, La Vallée-du-Richelieu RCM, Montérégie, Québec, CanadaThis is a stereo child photo. See the parent photo and the sibling photo showing a tabular ni-pyramid for discussion of the rutile ID.",,"Rutile, CatapleiitePoudrette quarry, Mont Saint-Hilaire, La Vallée-du-Richelieu RCM, Montérégie, Québec, CanadaThis is a stereo child photo. See the parent photo and the sibling photo showing a tabular ni-pyramid for discussion of the rutile ID.",Mindat photo page rights; verify per photo before republication,mixed_uncertain_review,yes,mindat_rutile_manifest.csv,complete_core,,640,892,0.717489,0.5709,290637,JPEG,RGB,21231dd66533025709dd5cd2995bf98ae701fd89f2578a4664059f5dbb0ababe,d9b5b393d3d2869f,True,pass,,1,DG-94c34fd0c23a,2,DG-94c34fd0c23a,train
VTM-007850,raw_negative/ti_bearing_negative/rutile/rutile_mindat_p458885_061_raw.jpg,rutile_mindat_p458885_061_raw.jpg,rutile,ti_bearing_negative,1,Mindat,manual_download,458885,https://www.mindat.org/photo-458885.html,https://www.mindat.org/imagecache/fe/82/06192340017372187069664.jpg,"RutileArènes beach alluvial deposits, Port-Barcarès, Le Barcarès, Perpignan, Pyrénées-Orientales, Occitanie, FranceSize 0,6 mm - Heavy sands collected by Christian Moreno - Collection and photo François Périnet.© François Périnet",,"RutileArènes beach alluvial deposits, Port-Barcarès, Le Barcarès, Perpignan, Pyrénées-Orientales, Occitanie, FranceSize 0,6 mm - Heavy sands collected by Christian Moreno - Collection and photo François Périnet.© François Périnet",Mindat photo page rights; verify per photo before republication,keep_prelim,yes,mindat_rutile_manifest.csv,complete_core,,640,472,1.355932,0.3021,27191,JPEG,RGB,68360936a1d29e148fd914429fff7ec39cc031b59ea079bed678534655136741,2850b2b2b2b2120c,True,pass,,1,DG-93f9ca07c210,2,DG-93f9ca07c210,val
VTM-008196,raw_negative/ti_bearing_negative/rutile/rutile_mindat_p897696_082_raw.jpg,rutile_mindat_p897696_082_raw.jpg,rutile,ti_bearing_negative,1,Mindat,manual_download,897696,https://www.mindat.org/photo-897696.html,https://www.mindat.org/imagecache/50/8c/01722210017364790732570.jpg,"RutileKamolandy, Andriba Commune, Maevatanana District, Betsiboka, MadagascarOld sample",Collection and photo: Arliguie Michel,Collection and photo: Arliguie Michel,Mindat photo page rights; verify per photo before republication,keep_prelim,yes,mindat_rutile_manifest.csv,complete_core,,640,236,2.711864,0.151,40376,JPEG,RGB,20b8ccd005e5f4ba33b6abeb4350d069faea819010125724cb21dfbad85d1521,00dadcc4be9af600,False,exclude_low_resolution,,1,DG-cb6e56451de2,1,DG-cb6e56451de2,excluded
VTM-008198,raw_negative/ti_bearing_negative/rutile/rutile_mindat_p899338_086_raw.jpg,rutile_mindat_p899338_086_raw.jpg,rutile,ti_bearing_negative,1,Mindat,manual_download,899338,https://www.mindat.org/photo-899338.html,https://www.mindat.org/imagecache/9d/8f/05366470017372591098463.jpg,"RutileKandreho District, Betsiboka, MadagascarOld sample",Collection and photo: Arliguie Michel,Collection and photo: Arliguie Michel,Mindat photo page rights; verify per photo before republication,keep_prelim,yes,mindat_rutile_manifest.csv,complete_core,,640,222,2.882883,0.1421,23865,JPEG,RGB,b582e65333968abff47a9d9a9cefc21c9fdd260f1ee0f85e0ab221db4a80f2b0,8400fab2e0c00080,False,exclude_low_resolution,,1,DG-09fc6187e698,1,DG-09fc6187e698,excluded
VTM-008232,raw_negative/ti_bearing_negative/rutile/rutile_mindat_p954851_044_raw.jpg,rutile_mindat_p954851_044_raw.jpg,rutile,ti_bearing_negative,1,Mindat,manual_download,954851,https://www.mindat.org/photo-954851.html,https://www.mindat.org/imagecache/72/81/04197490017363866776647.jpg,"Rutile, QuartzGamsberg area, Windhoek Rural, Khomas Region, NamibiaGolden rutile to 2cm included in clear polished quartz.",,,Mindat photo page rights; verify per photo before republication,mixed_uncertain_review,yes,mindat_rutile_manifest.csv,complete_core,,640,230,2.782609,0.1472,61321,JPEG,RGB,af4cc62404bc3a65f65f3d24f98dd789b2b407fbc0d6bc99899d75cad9cd3300,9696b6366656e607,False,exclude_low_resolution,,1,DG-f0c4daa18b7a,1,DG-f0c4daa18b7a,excluded
VTM-008421,raw_negative/ti_bearing_negative/titanite/titanite_mindat_p186808_page14_039_raw.jpg,titanite_mindat_p186808_page14_039_raw.jpg,titanite,ti_bearing_negative,1,Mindat,manual_download,186808,https://www.mindat.org/photo-186808.html,https://www.mindat.org/imagecache/71/d2/03454880017362208168002.jpg,"TitaniteTitanite occurrence, Hauzenberg, Passau District, Lower Bavaria, Bavaria, Germany""type specimen"", size 9 x 6 x 3 cm with label of M. H. Klaproth.","Label reads: reddish brown Titanite in a matrix consisting of Feldspar, greenish black Hornblende/Augite and Quartz from the Graphite mines close to Passau, Museum für Naturkunde, Humboldt-Universität zu Berlin© Christof Schäfer","TitaniteTitanite occurrence, Hauzenberg, Passau District, Lower Bavaria, Bavaria, Germany""type specimen"", size 9 x 6 x 3 cm with label of M. H. Klaproth.",Mindat photo page rights; verify per photo before republication,keep_prelim,no,mindat_titanite_manifest.csv,complete_core,,640,224,2.857143,0.1434,66058,JPEG,RGB,3e454932dd6789ef0666749fd67666b4a38759cc0ee562679a018d5e5b0cc662,20cacccd8c8accdc,False,exclude_low_resolution,,1,DG-826cfb93b0b5,1,DG-826cfb93b0b5,excluded
VTM-008434,raw_negative/ti_bearing_negative/titanite/titanite_mindat_p222441_page13_054_raw.jpg,titanite_mindat_p222441_page13_054_raw.jpg,titanite,ti_bearing_negative,1,Mindat,manual_download,222441,https://www.mindat.org/photo-222441.html,https://www.mindat.org/imagecache/14/5e/06291240017363450952514.jpg,"TitaniteRicolas stream alluvial deposits, Laqueuille, Issoire, Puy-de-Dôme, Auvergne-Rhône-Alpes, France© François Périnet",,,Mindat photo page rights; verify per photo before republication,keep_prelim,no,mindat_titanite_manifest.csv,complete_core,,640,476,1.344538,0.3046,27580,JPEG,RGB,7fa43d792899c313bc2bd810a85a26894c7bb33cdc5800765d9ceda6f2d534a2,300cb2b2b2324c30,True,exclude_near_label_conflict,,1,DG-88cbb4bfd680,4,DG-88cbb4bfd680,excluded
VTM-008443,raw_negative/ti_bearing_negative/titanite/titanite_mindat_p239029_page13_036_raw.jpg,titanite_mindat_p239029_page13_036_raw.jpg,titanite,ti_bearing_negative,1,Mindat,manual_download,239029,https://www.mindat.org/photo-239029.html,https://www.mindat.org/imagecache/c6/e8/08338040017363450909991.jpg,"TitaniteSioulot stream alluvial deposits, Olby, Issoire, Puy-de-Dôme, Auvergne-Rhône-Alpes, France© François Périnet",,,Mindat photo page rights; verify per photo before republication,keep_prelim,no,mindat_titanite_manifest.csv,complete_core,,640,480,1.333333,0.3072,33447,JPEG,RGB,e1376b57bf373faf7c3c59c6ed22198e82b8f0edec406cad497d7965abe12f31,4cb271697971324c,True,exclude_near_label_conflict,,1,DG-3c1fb8d016bd,2,DG-3c1fb8d016bd,excluded
