image_id,mindat_photo_id,mineral_label,true_label,predicted_label,confidence,is_correct,error_pair,split_group_id,image_path
VTM-000010,14362,ilmenite,target_mineral,metallic_hard_negative,0.978142,false,target_mineral__as__metallic_hard_negative,DG-de799a8fec64,数据集\mindat_manual_positive_v1\raw_positive\ilmenite_ti_mineral\ilmenite_mindat_p014362_042_raw.jpg
VTM-000021,54047,ilmenite,target_mineral,ti_bearing_negative,0.612202,false,target_mineral__as__ti_bearing_negative,DG-02d77b36654c,数据集\mindat_manual_positive_v1\raw_positive\ilmenite_ti_mineral\ilmenite_mindat_p054047_069_raw.jpg
VTM-000028,65978,ilmenite,target_mineral,metallic_hard_negative,0.983660,false,target_mineral__as__metallic_hard_negative,DG-1d76694ca56a,数据集\mindat_manual_positive_v1\raw_positive\ilmenite_ti_mineral\ilmenite_mindat_p065978_268_raw.jpg
VTM-000068,119538,ilmenite,target_mineral,ti_bearing_negative,0.622946,false,target_mineral__as__ti_bearing_negative,DG-eb8aface81ea,数据集\mindat_manual_positive_v1\raw_positive\ilmenite_ti_mineral\ilmenite_mindat_p119538_278_raw.jpg
VTM-000099,1316676,ilmenite,target_mineral,metallic_hard_negative,0.999877,false,target_mineral__as__metallic_hard_negative,DG-0cb77f3a3394,数据集\mindat_manual_positive_v1\raw_positive\ilmenite_ti_mineral\ilmenite_mindat_p1316676_016_raw.jpg
VTM-000148,185317,ilmenite,target_mineral,gangue_negative,0.754105,false,target_mineral__as__gangue_negative,DG-6b6127386ae0,数据集\mindat_manual_positive_v1\raw_positive\ilmenite_ti_mineral\ilmenite_mindat_p185317_273_raw.jpg
VTM-000168,227271,ilmenite,target_mineral,gangue_negative,0.522396,false,target_mineral__as__gangue_negative,DG-9549f16ca6f8,数据集\mindat_manual_positive_v1\raw_positive\ilmenite_ti_mineral\ilmenite_mindat_p227271_055_raw.jpg
VTM-000178,282597,ilmenite,target_mineral,metallic_hard_negative,0.994817,false,target_mineral__as__metallic_hard_negative,DG-7a19944a6977,数据集\mindat_manual_positive_v1\raw_positive\ilmenite_ti_mineral\ilmenite_mindat_p282597_134_raw.jpg
VTM-000186,299263,ilmenite,target_mineral,ti_bearing_negative,0.959792,false,target_mineral__as__ti_bearing_negative,DG-8de210fffeaa,数据集\mindat_manual_positive_v1\raw_positive\ilmenite_ti_mineral\ilmenite_mindat_p299263_209_raw.jpg
VTM-000191,318008,ilmenite,target_mineral,metallic_hard_negative,0.965866,false,target_mineral__as__metallic_hard_negative,DG-2100b8d4655a,数据集\mindat_manual_positive_v1\raw_positive\ilmenite_ti_mineral\ilmenite_mindat_p318008_204_raw.jpg
VTM-000198,332477,ilmenite,target_mineral,ti_bearing_negative,0.729137,false,target_mineral__as__ti_bearing_negative,DG-7401df8c67d6,数据集\mindat_manual_positive_v1\raw_positive\ilmenite_ti_mineral\ilmenite_mindat_p332477_272_raw.jpg
VTM-000235,510570,ilmenite,target_mineral,gangue_negative,0.491135,false,target_mineral__as__gangue_negative,DG-7b45371666b6,数据集\mindat_manual_positive_v1\raw_positive\ilmenite_ti_mineral\ilmenite_mindat_p510570_322_raw.jpg
VTM-000245,552070,ilmenite,target_mineral,gangue_negative,0.871062,false,target_mineral__as__gangue_negative,DG-1fb802e22fc8,数据集\mindat_manual_positive_v1\raw_positive\ilmenite_ti_mineral\ilmenite_mindat_p552070_165_raw.jpg
VTM-000269,676754,ilmenite,target_mineral,ti_bearing_negative,0.962134,false,target_mineral__as__ti_bearing_negative,DG-22f5c2a57f9b,数据集\mindat_manual_positive_v1\raw_positive\ilmenite_ti_mineral\ilmenite_mindat_p676754_009_raw.jpg
VTM-000271,679670,ilmenite,target_mineral,metallic_hard_negative,0.863015,false,target_mineral__as__metallic_hard_negative,DG-2ad0853858a5,数据集\mindat_manual_positive_v1\raw_positive\ilmenite_ti_mineral\ilmenite_mindat_p679670_151_raw.jpg
VTM-000279,704115,ilmenite,target_mineral,ti_bearing_negative,0.935585,false,target_mineral__as__ti_bearing_negative,DG-393984939add,数据集\mindat_manual_positive_v1\raw_positive\ilmenite_ti_mineral\ilmenite_mindat_p704115_251_raw.jpg
VTM-000318,873189,ilmenite,target_mineral,ti_bearing_negative,0.986981,false,target_mineral__as__ti_bearing_negative,DG-1963609157d8,数据集\mindat_manual_positive_v1\raw_positive\ilmenite_ti_mineral\ilmenite_mindat_p873189_182_raw.jpg
VTM-000333,640,magnetite,target_mineral,ti_bearing_negative,0.802159,false,target_mineral__as__ti_bearing_negative,DG-054b4ded8482,数据集\mindat_manual_positive_v1\raw_positive\magnetite_proxy\magnetite_mindat_p000640_1302_raw.jpg
VTM-000338,1440,magnetite,target_mineral,ti_bearing_negative,0.993077,false,target_mineral__as__ti_bearing_negative,DG-4d18b403f26f,数据集\mindat_manual_positive_v1\raw_positive\magnetite_proxy\magnetite_mindat_p001440_1329_raw.jpg
VTM-000344,2875,magnetite,target_mineral,gangue_negative,0.878848,false,target_mineral__as__gangue_negative,DG-2f8cebc5b197,数据集\mindat_manual_positive_v1\raw_positive\magnetite_proxy\magnetite_mindat_p002875_1315_raw.jpg
VTM-000351,4524,magnetite,target_mineral,metallic_hard_negative,0.977875,false,target_mineral__as__metallic_hard_negative,DG-a48fa79cf69f,数据集\mindat_manual_positive_v1\raw_positive\magnetite_proxy\magnetite_mindat_p004524_1328_raw.jpg
VTM-000352,4545,magnetite,target_mineral,metallic_hard_negative,0.597900,false,target_mineral__as__metallic_hard_negative,DG-1782d4b3d09c,数据集\mindat_manual_positive_v1\raw_positive\magnetite_proxy\magnetite_mindat_p004545_541_raw.jpg
VTM-000358,9922,magnetite,target_mineral,ti_bearing_negative,0.549723,false,target_mineral__as__ti_bearing_negative,DG-4505009c7166,数据集\mindat_manual_positive_v1\raw_positive\magnetite_proxy\magnetite_mindat_p009922_462_raw.jpg
VTM-000359,10266,magnetite,target_mineral,ti_bearing_negative,0.661113,false,target_mineral__as__ti_bearing_negative,DG-30c34c3d847b,数据集\mindat_manual_positive_v1\raw_positive\magnetite_proxy\magnetite_mindat_p010266_360_raw.jpg
VTM-000360,10357,magnetite,target_mineral,ti_bearing_negative,0.930707,false,target_mineral__as__ti_bearing_negative,DG-1c1339c0ecd6,数据集\mindat_manual_positive_v1\raw_positive\magnetite_proxy\magnetite_mindat_p010357_1159_raw.jpg
VTM-000370,18253,magnetite,target_mineral,ti_bearing_negative,0.514902,false,target_mineral__as__ti_bearing_negative,DG-0e59f5d8e9e4,数据集\mindat_manual_positive_v1\raw_positive\magnetite_proxy\magnetite_mindat_p018253_1311_raw.jpg
VTM-000405,38617,magnetite,target_mineral,ti_bearing_negative,0.705638,false,target_mineral__as__ti_bearing_negative,DG-b0bfb8edf35a,数据集\mindat_manual_positive_v1\raw_positive\magnetite_proxy\magnetite_mindat_p038617_494_raw.jpg
VTM-000416,43465,magnetite,target_mineral,ti_bearing_negative,0.773312,false,target_mineral__as__ti_bearing_negative,DG-01b17c267ab6,数据集\mindat_manual_positive_v1\raw_positive\magnetite_proxy\magnetite_mindat_p043465_796_raw.jpg
VTM-000519,99033,magnetite,target_mineral,ti_bearing_negative,0.874759,false,target_mineral__as__ti_bearing_negative,DG-7a74423f6148,数据集\mindat_manual_positive_v1\raw_positive\magnetite_proxy\magnetite_mindat_p099033_1182_raw.jpg
VTM-000546,1034968,magnetite,target_mineral,ti_bearing_negative,0.980894,false,target_mineral__as__ti_bearing_negative,DG-c7420c1b2740,数据集\mindat_manual_positive_v1\raw_positive\magnetite_proxy\magnetite_mindat_p1034968_536_raw.jpg
VTM-000604,1116882,magnetite,target_mineral,metallic_hard_negative,0.809008,false,target_mineral__as__metallic_hard_negative,DG-e888896d9b37,数据集\mindat_manual_positive_v1\raw_positive\magnetite_proxy\magnetite_mindat_p1116882_1257_raw.jpg
VTM-000609,1121617,magnetite,target_mineral,ti_bearing_negative,0.963065,false,target_mineral__as__ti_bearing_negative,DG-a39935564f74,数据集\mindat_manual_positive_v1\raw_positive\magnetite_proxy\magnetite_mindat_p1121617_453_raw.jpg
VTM-000624,1140939,magnetite,target_mineral,ti_bearing_negative,0.817807,false,target_mineral__as__ti_bearing_negative,DG-3cce33a6ffbb,数据集\mindat_manual_positive_v1\raw_positive\magnetite_proxy\magnetite_mindat_p1140939_670_raw.jpg
VTM-000659,1175194,magnetite,target_mineral,metallic_hard_negative,0.621955,false,target_mineral__as__metallic_hard_negative,DG-37c895d8c548,数据集\mindat_manual_positive_v1\raw_positive\magnetite_proxy\magnetite_mindat_p1175194_833_raw.jpg
VTM-000670,1195015,magnetite,target_mineral,ti_bearing_negative,0.999488,false,target_mineral__as__ti_bearing_negative,DG-6357d6bf990d,数据集\mindat_manual_positive_v1\raw_positive\magnetite_proxy\magnetite_mindat_p1195015_246_raw.jpg
VTM-000689,1212378,magnetite,target_mineral,ti_bearing_negative,0.648652,false,target_mineral__as__ti_bearing_negative,DG-c23942417425,数据集\mindat_manual_positive_v1\raw_positive\magnetite_proxy\magnetite_mindat_p1212378_903_raw.jpg
VTM-000718,1261750,magnetite,target_mineral,metallic_hard_negative,0.720701,false,target_mineral__as__metallic_hard_negative,DG-6f1fc593083c,数据集\mindat_manual_positive_v1\raw_positive\magnetite_proxy\magnetite_mindat_p1261750_250_raw.jpg
VTM-000722,1280615,magnetite,target_mineral,ti_bearing_negative,0.944028,false,target_mineral__as__ti_bearing_negative,DG-941068494d83,数据集\mindat_manual_positive_v1\raw_positive\magnetite_proxy\magnetite_mindat_p1280615_537_raw.jpg
VTM-000735,1301638,magnetite,target_mineral,gangue_negative,0.999774,false,target_mineral__as__gangue_negative,DG-0cfbdf44d8ac,数据集\mindat_manual_positive_v1\raw_positive\magnetite_proxy\magnetite_mindat_p1301638_552_raw.jpg
VTM-000762,1327215,magnetite,target_mineral,metallic_hard_negative,0.987524,false,target_mineral__as__metallic_hard_negative,DG-b21a383d2487,数据集\mindat_manual_positive_v1\raw_positive\magnetite_proxy\magnetite_mindat_p1327215_1002_raw.jpg
VTM-000824,1381222,magnetite,target_mineral,metallic_hard_negative,0.755711,false,target_mineral__as__metallic_hard_negative,DG-cae8deaf336a,数据集\mindat_manual_positive_v1\raw_positive\magnetite_proxy\magnetite_mindat_p1381222_912_raw.jpg
VTM-000857,1418338,magnetite,target_mineral,ti_bearing_negative,0.929333,false,target_mineral__as__ti_bearing_negative,DG-750826b46bc8,数据集\mindat_manual_positive_v1\raw_positive\magnetite_proxy\magnetite_mindat_p1418338_615_raw.jpg
VTM-000895,148446,magnetite,target_mineral,gangue_negative,0.995848,false,target_mineral__as__gangue_negative,DG-83b7a86707f0,数据集\mindat_manual_positive_v1\raw_positive\magnetite_proxy\magnetite_mindat_p148446_1086_raw.jpg
VTM-000902,148883,magnetite,target_mineral,gangue_negative,0.954410,false,target_mineral__as__gangue_negative,DG-67fc394ffd69,数据集\mindat_manual_positive_v1\raw_positive\magnetite_proxy\magnetite_mindat_p148883_1314_raw.jpg
VTM-000951,1663506,magnetite,target_mineral,ti_bearing_negative,0.498926,false,target_mineral__as__ti_bearing_negative,DG-2a123dcd3038,数据集\mindat_manual_positive_v1\raw_positive\magnetite_proxy\magnetite_mindat_p1663506_701_raw.jpg
VTM-000974,180442,magnetite,target_mineral,gangue_negative,0.607039,false,target_mineral__as__gangue_negative,DG-655c77de7774,数据集\mindat_manual_positive_v1\raw_positive\magnetite_proxy\magnetite_mindat_p180442_806_raw.jpg
VTM-000986,192721,magnetite,target_mineral,gangue_negative,0.693081,false,target_mineral__as__gangue_negative,DG-1896fc46a326,数据集\mindat_manual_positive_v1\raw_positive\magnetite_proxy\magnetite_mindat_p192721_178_raw.jpg
VTM-001001,207155,magnetite,target_mineral,ti_bearing_negative,0.793929,false,target_mineral__as__ti_bearing_negative,DG-27608015d71b,数据集\mindat_manual_positive_v1\raw_positive\magnetite_proxy\magnetite_mindat_p207155_157_raw.jpg
VTM-001006,212957,magnetite,target_mineral,ti_bearing_negative,0.673096,false,target_mineral__as__ti_bearing_negative,DG-667908559ec7,数据集\mindat_manual_positive_v1\raw_positive\magnetite_proxy\magnetite_mindat_p212957_928_raw.jpg
VTM-001007,213013,magnetite,target_mineral,ti_bearing_negative,0.930205,false,target_mineral__as__ti_bearing_negative,DG-ce6525f8700a,数据集\mindat_manual_positive_v1\raw_positive\magnetite_proxy\magnetite_mindat_p213013_400_raw.jpg
VTM-001013,224473,magnetite,target_mineral,ti_bearing_negative,0.531117,false,target_mineral__as__ti_bearing_negative,DG-25c6ebca1f79,数据集\mindat_manual_positive_v1\raw_positive\magnetite_proxy\magnetite_mindat_p224473_284_raw.jpg
VTM-001014,225188,magnetite,target_mineral,metallic_hard_negative,0.504155,false,target_mineral__as__metallic_hard_negative,DG-667c44301a4e,数据集\mindat_manual_positive_v1\raw_positive\magnetite_proxy\magnetite_mindat_p225188_1279_raw.jpg
VTM-001028,239731,magnetite,target_mineral,gangue_negative,0.658326,false,target_mineral__as__gangue_negative,DG-e783c078edbc,数据集\mindat_manual_positive_v1\raw_positive\magnetite_proxy\magnetite_mindat_p239731_738_raw.jpg
VTM-001050,253532,magnetite,target_mineral,gangue_negative,0.632723,false,target_mineral__as__gangue_negative,DG-787ac9c41959,数据集\mindat_manual_positive_v1\raw_positive\magnetite_proxy\magnetite_mindat_p253532_181_raw.jpg
VTM-001053,257955,magnetite,target_mineral,ti_bearing_negative,0.443244,false,target_mineral__as__ti_bearing_negative,DG-750f5d0fbed9,数据集\mindat_manual_positive_v1\raw_positive\magnetite_proxy\magnetite_mindat_p257955_561_raw.jpg
VTM-001072,275601,magnetite,target_mineral,metallic_hard_negative,0.892966,false,target_mineral__as__metallic_hard_negative,DG-03cebc55504e,数据集\mindat_manual_positive_v1\raw_positive\magnetite_proxy\magnetite_mindat_p275601_142_raw.jpg
VTM-001129,330392,magnetite,target_mineral,metallic_hard_negative,0.822471,false,target_mineral__as__metallic_hard_negative,DG-fe2618c191cd,数据集\mindat_manual_positive_v1\raw_positive\magnetite_proxy\magnetite_mindat_p330392_544_raw.jpg
VTM-001146,346606,magnetite,target_mineral,ti_bearing_negative,0.553220,false,target_mineral__as__ti_bearing_negative,DG-54169e174bc5,数据集\mindat_manual_positive_v1\raw_positive\magnetite_proxy\magnetite_mindat_p346606_704_raw.jpg
VTM-001167,359278,magnetite,target_mineral,ti_bearing_negative,0.672244,false,target_mineral__as__ti_bearing_negative,DG-7f9bd8a744c3,数据集\mindat_manual_positive_v1\raw_positive\magnetite_proxy\magnetite_mindat_p359278_1281_raw.jpg
VTM-001183,379407,magnetite,target_mineral,gangue_negative,0.678959,false,target_mineral__as__gangue_negative,DG-5a709c002b49,数据集\mindat_manual_positive_v1\raw_positive\magnetite_proxy\magnetite_mindat_p379407_896_raw.jpg
VTM-001282,500244,magnetite,target_mineral,ti_bearing_negative,0.995876,false,target_mineral__as__ti_bearing_negative,DG-12a1b3fc76a3,数据集\mindat_manual_positive_v1\raw_positive\magnetite_proxy\magnetite_mindat_p500244_709_raw.jpg
VTM-001288,508452,magnetite,target_mineral,ti_bearing_negative,0.995886,false,target_mineral__as__ti_bearing_negative,DG-337282447e9f,数据集\mindat_manual_positive_v1\raw_positive\magnetite_proxy\magnetite_mindat_p508452_455_raw.jpg
VTM-001299,518519,magnetite,target_mineral,metallic_hard_negative,0.768138,false,target_mineral__as__metallic_hard_negative,DG-d8a423cdb82b,数据集\mindat_manual_positive_v1\raw_positive\magnetite_proxy\magnetite_mindat_p518519_198_raw.jpg
VTM-001303,521150,magnetite,target_mineral,gangue_negative,0.792360,false,target_mineral__as__gangue_negative,DG-db040277a56e,数据集\mindat_manual_positive_v1\raw_positive\magnetite_proxy\magnetite_mindat_p521150_169_raw.jpg
VTM-001449,688265,magnetite,target_mineral,ti_bearing_negative,0.805166,false,target_mineral__as__ti_bearing_negative,DG-03af000b3c50,数据集\mindat_manual_positive_v1\raw_positive\magnetite_proxy\magnetite_mindat_p688265_1266_raw.jpg
VTM-001559,831080,magnetite,target_mineral,ti_bearing_negative,0.580714,false,target_mineral__as__ti_bearing_negative,DG-1f85d7d4b5c3,数据集\mindat_manual_positive_v1\raw_positive\magnetite_proxy\magnetite_mindat_p831080_214_raw.jpg
VTM-001568,838439,magnetite,target_mineral,ti_bearing_negative,0.974943,false,target_mineral__as__ti_bearing_negative,DG-725b96f47bf5,数据集\mindat_manual_positive_v1\raw_positive\magnetite_proxy\magnetite_mindat_p838439_1267_raw.jpg
VTM-001574,854311,magnetite,target_mineral,ti_bearing_negative,0.999528,false,target_mineral__as__ti_bearing_negative,DG-ae33164e67e6,数据集\mindat_manual_positive_v1\raw_positive\magnetite_proxy\magnetite_mindat_p854311_792_raw.jpg
VTM-001622,886113,magnetite,target_mineral,ti_bearing_negative,0.989081,false,target_mineral__as__ti_bearing_negative,DG-1982c4714901,数据集\mindat_manual_positive_v1\raw_positive\magnetite_proxy\magnetite_mindat_p886113_644_raw.jpg
VTM-001664,962673,magnetite,target_mineral,ti_bearing_negative,0.638770,false,target_mineral__as__ti_bearing_negative,DG-4742712dff64,数据集\mindat_manual_positive_v1\raw_positive\magnetite_proxy\magnetite_mindat_p962673_535_raw.jpg
VTM-001668,966906,magnetite,target_mineral,ti_bearing_negative,0.981629,false,target_mineral__as__ti_bearing_negative,DG-391ca5b60e2e,数据集\mindat_manual_positive_v1\raw_positive\magnetite_proxy\magnetite_mindat_p966906_538_raw.jpg
VTM-001787,75725,calcite,gangue_negative,ti_bearing_negative,0.906322,false,gangue_negative__as__ti_bearing_negative,DG-541b1ebaceba,数据集\mindat_manual_positive_v1\raw_negative\gangue_negative\calcite\calcite_mindat_p075725_page1_074_raw.jpg
VTM-001846,121436,calcite,gangue_negative,metallic_hard_negative,0.578449,false,gangue_negative__as__metallic_hard_negative,DG-a311c92bfb72,数据集\mindat_manual_positive_v1\raw_negative\gangue_negative\calcite\calcite_mindat_p121436_page8_009_raw.jpg
VTM-001974,469271,calcite,gangue_negative,metallic_hard_negative,0.868764,false,gangue_negative__as__metallic_hard_negative,DG-d6bad3d84d2f,数据集\mindat_manual_positive_v1\raw_negative\gangue_negative\calcite\calcite_mindat_p469271_page6_024_raw.jpg
VTM-001980,476254,calcite,gangue_negative,metallic_hard_negative,0.503586,false,gangue_negative__as__metallic_hard_negative,DG-3ec6a9b89a8c,数据集\mindat_manual_positive_v1\raw_negative\gangue_negative\calcite\calcite_mindat_p476254_page6_056_raw.jpg
VTM-002035,703994,calcite,gangue_negative,ti_bearing_negative,0.781228,false,gangue_negative__as__ti_bearing_negative,DG-f9a86f4992d5,数据集\mindat_manual_positive_v1\raw_negative\gangue_negative\calcite\calcite_mindat_p703994_page6_053_raw.jpg
VTM-002054,29165,feldspar,gangue_negative,metallic_hard_negative,0.962135,false,gangue_negative__as__metallic_hard_negative,DG-a16d935f0838,数据集\mindat_manual_positive_v1\raw_negative\gangue_negative\feldspar\feldspar_mindat_p029165_page1_010_raw.jpg
VTM-002089,81558,feldspar,gangue_negative,ti_bearing_negative,0.575840,false,gangue_negative__as__ti_bearing_negative,DG-f7672d1516db,数据集\mindat_manual_positive_v1\raw_negative\gangue_negative\feldspar\feldspar_mindat_p081558_page1_045_raw.jpg
VTM-002129,141269,feldspar,gangue_negative,ti_bearing_negative,0.509517,false,gangue_negative__as__ti_bearing_negative,DG-11a86fa5f961,数据集\mindat_manual_positive_v1\raw_negative\gangue_negative\feldspar\feldspar_mindat_p141269_page5_008_raw.jpg
VTM-002163,1655109,feldspar,gangue_negative,ti_bearing_negative,0.728852,false,gangue_negative__as__ti_bearing_negative,DG-22344461dbb5,数据集\mindat_manual_positive_v1\raw_negative\gangue_negative\feldspar\feldspar_mindat_p1655109_page4_035_raw.jpg
VTM-002234,318543,feldspar,gangue_negative,ti_bearing_negative,0.563256,false,gangue_negative__as__ti_bearing_negative,DG-18de40885822,数据集\mindat_manual_positive_v1\raw_negative\gangue_negative\feldspar\feldspar_mindat_p318543_page6_005_raw.jpg
VTM-002245,348846,feldspar,gangue_negative,metallic_hard_negative,0.947317,false,gangue_negative__as__metallic_hard_negative,DG-2bc20953fe0d,数据集\mindat_manual_positive_v1\raw_negative\gangue_negative\feldspar\feldspar_mindat_p348846_page6_039_raw.jpg
VTM-002260,426230,feldspar,gangue_negative,metallic_hard_negative,0.432418,false,gangue_negative__as__metallic_hard_negative,DG-a7bb54b8313d,数据集\mindat_manual_positive_v1\raw_negative\gangue_negative\feldspar\feldspar_mindat_p426230_page6_047_raw.jpg
VTM-002421,63371,fluorapatite,gangue_negative,metallic_hard_negative,0.907477,false,gangue_negative__as__metallic_hard_negative,DG-aa28c31bc8ed,数据集\mindat_manual_positive_v1\raw_negative\gangue_negative\fluorapatite\fluorapatite_mindat_p063371_page1_059_raw.jpg
VTM-002447,90471,fluorapatite,gangue_negative,ti_bearing_negative,0.873525,false,gangue_negative__as__ti_bearing_negative,DG-e855736873f5,数据集\mindat_manual_positive_v1\raw_negative\gangue_negative\fluorapatite\fluorapatite_mindat_p090471_page1_036_raw.jpg
VTM-002462,1045454,fluorapatite,gangue_negative,ti_bearing_negative,0.868498,false,gangue_negative__as__ti_bearing_negative,DG-fb5161dae3f2,数据集\mindat_manual_positive_v1\raw_negative\gangue_negative\fluorapatite\fluorapatite_mindat_p1045454_page3_067_raw.jpg
VTM-002471,110961,fluorapatite,gangue_negative,ti_bearing_negative,0.957708,false,gangue_negative__as__ti_bearing_negative,DG-11b8d5d9b267,数据集\mindat_manual_positive_v1\raw_negative\gangue_negative\fluorapatite\fluorapatite_mindat_p110961_page4_045_raw.jpg
VTM-002472,1115052,fluorapatite,gangue_negative,ti_bearing_negative,0.546553,false,gangue_negative__as__ti_bearing_negative,DG-92beb82958cd,数据集\mindat_manual_positive_v1\raw_negative\gangue_negative\fluorapatite\fluorapatite_mindat_p1115052_page7_008_raw.jpg
VTM-002541,1322839,fluorapatite,gangue_negative,target_mineral,0.749493,false,gangue_negative__as__target_mineral,DG-55ebe2b18708,数据集\mindat_manual_positive_v1\raw_negative\gangue_negative\fluorapatite\fluorapatite_mindat_p1322839_page4_003_raw.jpg
VTM-002616,177182,fluorapatite,gangue_negative,ti_bearing_negative,0.441279,false,gangue_negative__as__ti_bearing_negative,DG-6874f6c0eb2c,数据集\mindat_manual_positive_v1\raw_negative\gangue_negative\fluorapatite\fluorapatite_mindat_p177182_page9_073_raw.jpg
VTM-002618,180228,fluorapatite,gangue_negative,ti_bearing_negative,0.685113,false,gangue_negative__as__ti_bearing_negative,DG-ec28e0fd9de0,数据集\mindat_manual_positive_v1\raw_negative\gangue_negative\fluorapatite\fluorapatite_mindat_p180228_page4_027_raw.jpg
VTM-002619,181682,fluorapatite,gangue_negative,metallic_hard_negative,0.895175,false,gangue_negative__as__metallic_hard_negative,DG-5f83fae5d38b,数据集\mindat_manual_positive_v1\raw_negative\gangue_negative\fluorapatite\fluorapatite_mindat_p181682_page8_056_raw.jpg
VTM-002658,264132,fluorapatite,gangue_negative,target_mineral,0.570654,false,gangue_negative__as__target_mineral,DG-5b3b867ba618,数据集\mindat_manual_positive_v1\raw_negative\gangue_negative\fluorapatite\fluorapatite_mindat_p264132_page8_055_raw.jpg
VTM-002720,377895,fluorapatite,gangue_negative,metallic_hard_negative,0.646651,false,gangue_negative__as__metallic_hard_negative,DG-67d2564f4c10,数据集\mindat_manual_positive_v1\raw_negative\gangue_negative\fluorapatite\fluorapatite_mindat_p377895_page3_011_raw.jpg
VTM-002856,723169,fluorapatite,gangue_negative,ti_bearing_negative,0.659059,false,gangue_negative__as__ti_bearing_negative,DG-6e6a8bc957ab,数据集\mindat_manual_positive_v1\raw_negative\gangue_negative\fluorapatite\fluorapatite_mindat_p723169_page2_061_raw.jpg
VTM-002864,755623,fluorapatite,gangue_negative,metallic_hard_negative,0.924891,false,gangue_negative__as__metallic_hard_negative,DG-4cc9d3a3d398,数据集\mindat_manual_positive_v1\raw_negative\gangue_negative\fluorapatite\fluorapatite_mindat_p755623_page3_033_raw.jpg
VTM-002872,817712,fluorapatite,gangue_negative,metallic_hard_negative,0.791481,false,gangue_negative__as__metallic_hard_negative,DG-832ca50bcada,数据集\mindat_manual_positive_v1\raw_negative\gangue_negative\fluorapatite\fluorapatite_mindat_p817712_page8_021_raw.jpg
VTM-002875,856117,fluorapatite,gangue_negative,target_mineral,0.988898,false,gangue_negative__as__target_mineral,DG-60c93a68d392,数据集\mindat_manual_positive_v1\raw_negative\gangue_negative\fluorapatite\fluorapatite_mindat_p856117_page3_046_raw.jpg
VTM-002955,74542,pyroxene,gangue_negative,ti_bearing_negative,0.979733,false,gangue_negative__as__ti_bearing_negative,DG-a1f1bb2780b1,数据集\mindat_manual_positive_v1\raw_negative\gangue_negative\pyroxene\pyroxene_mindat_p074542_page1_022_raw.jpg
VTM-002997,115218,pyroxene,gangue_negative,ti_bearing_negative,0.992422,false,gangue_negative__as__ti_bearing_negative,DG-427de1fe7f59,数据集\mindat_manual_positive_v1\raw_negative\gangue_negative\pyroxene\pyroxene_mindat_p115218_page1_073_raw.jpg
VTM-003008,1196515,pyroxene,gangue_negative,target_mineral,0.787023,false,gangue_negative__as__target_mineral,DG-1dac09c0013f,数据集\mindat_manual_positive_v1\raw_negative\gangue_negative\pyroxene\pyroxene_mindat_p1196515_page4_005_raw.jpg
VTM-003024,132530,pyroxene,gangue_negative,ti_bearing_negative,0.867289,false,gangue_negative__as__ti_bearing_negative,DG-8b5434f20880,数据集\mindat_manual_positive_v1\raw_negative\gangue_negative\pyroxene\pyroxene_mindat_p132530_page6_015_raw.jpg
VTM-003043,142803,pyroxene,gangue_negative,ti_bearing_negative,0.976713,false,gangue_negative__as__ti_bearing_negative,DG-052b0d3da9ed,数据集\mindat_manual_positive_v1\raw_negative\gangue_negative\pyroxene\pyroxene_mindat_p142803_page1_003_raw.jpg
VTM-003059,1570280,pyroxene,gangue_negative,ti_bearing_negative,0.956043,false,gangue_negative__as__ti_bearing_negative,DG-9cda6d2dd186,数据集\mindat_manual_positive_v1\raw_negative\gangue_negative\pyroxene\pyroxene_mindat_p1570280_page6_050_raw.jpg
VTM-003066,157948,pyroxene,gangue_negative,ti_bearing_negative,0.942804,false,gangue_negative__as__ti_bearing_negative,DG-98a82ca8d635,数据集\mindat_manual_positive_v1\raw_negative\gangue_negative\pyroxene\pyroxene_mindat_p157948_page1_071_raw.jpg
VTM-003087,1684254,pyroxene,gangue_negative,target_mineral,0.998519,false,gangue_negative__as__target_mineral,DG-49e323b10706,数据集\mindat_manual_positive_v1\raw_negative\gangue_negative\pyroxene\pyroxene_mindat_p1684254_page11_001_raw.jpg
VTM-003116,200326,pyroxene,gangue_negative,ti_bearing_negative,0.721412,false,gangue_negative__as__ti_bearing_negative,DG-8ad445e3a7db,数据集\mindat_manual_positive_v1\raw_negative\gangue_negative\pyroxene\pyroxene_mindat_p200326_page8_016_raw.jpg
VTM-003140,238109,pyroxene,gangue_negative,metallic_hard_negative,0.999709,false,gangue_negative__as__metallic_hard_negative,DG-5e075b369ca7,数据集\mindat_manual_positive_v1\raw_negative\gangue_negative\pyroxene\pyroxene_mindat_p238109_page1_066_raw.jpg
VTM-003148,252169,pyroxene,gangue_negative,ti_bearing_negative,0.674258,false,gangue_negative__as__ti_bearing_negative,DG-1ea8b182bbc8,数据集\mindat_manual_positive_v1\raw_negative\gangue_negative\pyroxene\pyroxene_mindat_p252169_page1_032_raw.jpg
VTM-003232,480826,pyroxene,gangue_negative,metallic_hard_negative,0.691066,false,gangue_negative__as__metallic_hard_negative,DG-875dddd71e99,数据集\mindat_manual_positive_v1\raw_negative\gangue_negative\pyroxene\pyroxene_mindat_p480826_page5_017_raw.jpg
VTM-003236,481978,pyroxene,gangue_negative,ti_bearing_negative,0.950005,false,gangue_negative__as__ti_bearing_negative,DG-9302df13e91e,数据集\mindat_manual_positive_v1\raw_negative\gangue_negative\pyroxene\pyroxene_mindat_p481978_page7_029_raw.jpg
VTM-003251,504339,pyroxene,gangue_negative,ti_bearing_negative,0.932879,false,gangue_negative__as__ti_bearing_negative,DG-85aa94456f85,数据集\mindat_manual_positive_v1\raw_negative\gangue_negative\pyroxene\pyroxene_mindat_p504339_page6_008_raw.jpg
VTM-003305,576960,pyroxene,gangue_negative,ti_bearing_negative,0.554174,false,gangue_negative__as__ti_bearing_negative,DG-3d2ee9433731,数据集\mindat_manual_positive_v1\raw_negative\gangue_negative\pyroxene\pyroxene_mindat_p576960_page7_059_raw.jpg
VTM-003319,606972,pyroxene,gangue_negative,ti_bearing_negative,0.585445,false,gangue_negative__as__ti_bearing_negative,DG-428c8cdb6ae4,数据集\mindat_manual_positive_v1\raw_negative\gangue_negative\pyroxene\pyroxene_mindat_p606972_page7_002_raw.jpg
VTM-003325,611568,pyroxene,gangue_negative,metallic_hard_negative,0.738705,false,gangue_negative__as__metallic_hard_negative,DG-08463bf33976,数据集\mindat_manual_positive_v1\raw_negative\gangue_negative\pyroxene\pyroxene_mindat_p611568_page7_004_raw.jpg
VTM-003329,632552,pyroxene,gangue_negative,metallic_hard_negative,0.996520,false,gangue_negative__as__metallic_hard_negative,DG-5d67817059a7,数据集\mindat_manual_positive_v1\raw_negative\gangue_negative\pyroxene\pyroxene_mindat_p632552_page6_058_raw.jpg
VTM-003344,685961,pyroxene,gangue_negative,ti_bearing_negative,0.994065,false,gangue_negative__as__ti_bearing_negative,DG-f16934e3624d,数据集\mindat_manual_positive_v1\raw_negative\gangue_negative\pyroxene\pyroxene_mindat_p685961_page6_057_raw.jpg
VTM-003369,863991,pyroxene,gangue_negative,ti_bearing_negative,0.809299,false,gangue_negative__as__ti_bearing_negative,DG-1ebabd983b79,数据集\mindat_manual_positive_v1\raw_negative\gangue_negative\pyroxene\pyroxene_mindat_p863991_page10_066_raw.jpg
VTM-003391,46034,quartz,gangue_negative,metallic_hard_negative,0.996738,false,gangue_negative__as__metallic_hard_negative,DG-181c97e45770,数据集\mindat_manual_positive_v1\raw_negative\gangue_negative\quartz\quartz_mindat_p046034_page6_002_raw.jpg
VTM-003429,89787,quartz,gangue_negative,ti_bearing_negative,0.444353,false,gangue_negative__as__ti_bearing_negative,DG-2490c409a127,数据集\mindat_manual_positive_v1\raw_negative\gangue_negative\quartz\quartz_mindat_p089787_page6_015_raw.jpg
VTM-003445,105625,quartz,gangue_negative,metallic_hard_negative,0.457610,false,gangue_negative__as__metallic_hard_negative,DG-4d3573de38b9,数据集\mindat_manual_positive_v1\raw_negative\gangue_negative\quartz\quartz_mindat_p105625_page1_012_raw.jpg
VTM-003462,1131353,quartz,gangue_negative,metallic_hard_negative,0.886263,false,gangue_negative__as__metallic_hard_negative,DG-e0b231c8f375,数据集\mindat_manual_positive_v1\raw_negative\gangue_negative\quartz\quartz_mindat_p1131353_page2_008_raw.jpg
VTM-003463,1131354,quartz,gangue_negative,metallic_hard_negative,0.536322,false,gangue_negative__as__metallic_hard_negative,DG-bacd328e411c,数据集\mindat_manual_positive_v1\raw_negative\gangue_negative\quartz\quartz_mindat_p1131354_page2_009_raw.jpg
VTM-003539,1706465,quartz,gangue_negative,metallic_hard_negative,0.818880,false,gangue_negative__as__metallic_hard_negative,DG-eba708d4a6f6,数据集\mindat_manual_positive_v1\raw_negative\gangue_negative\quartz\quartz_mindat_p1706465_page3_035_raw.jpg
VTM-003597,597270,quartz,gangue_negative,target_mineral,0.968220,false,gangue_negative__as__target_mineral,DG-7a0093afbdb8,数据集\mindat_manual_positive_v1\raw_negative\gangue_negative\quartz\quartz_mindat_p597270_page2_005_raw.jpg
VTM-003614,824849,quartz,gangue_negative,target_mineral,0.687743,false,gangue_negative__as__target_mineral,DG-10f9c1b10e37,数据集\mindat_manual_positive_v1\raw_negative\gangue_negative\quartz\quartz_mindat_p824849_page2_038_raw.jpg
VTM-003639,8537,vesuvianite,gangue_negative,ti_bearing_negative,0.701698,false,gangue_negative__as__ti_bearing_negative,DG-f894c712dcc4,数据集\mindat_manual_positive_v1\raw_negative\gangue_negative\vesuvianite\vesuvianite_mindat_p008537_page1_047_raw.jpg
VTM-003648,23365,vesuvianite,gangue_negative,ti_bearing_negative,0.789161,false,gangue_negative__as__ti_bearing_negative,DG-a6134259e89a,数据集\mindat_manual_positive_v1\raw_negative\gangue_negative\vesuvianite\vesuvianite_mindat_p023365_page10_005_raw.jpg
VTM-003697,1052180,vesuvianite,gangue_negative,ti_bearing_negative,0.781994,false,gangue_negative__as__ti_bearing_negative,DG-d7a8a5a3da5f,数据集\mindat_manual_positive_v1\raw_negative\gangue_negative\vesuvianite\vesuvianite_mindat_p1052180_page3_007_raw.jpg
VTM-003718,1131971,vesuvianite,gangue_negative,metallic_hard_negative,0.558059,false,gangue_negative__as__metallic_hard_negative,DG-8ce053599801,数据集\mindat_manual_positive_v1\raw_negative\gangue_negative\vesuvianite\vesuvianite_mindat_p1131971_page8_011_raw.jpg
VTM-003769,1222119,vesuvianite,gangue_negative,ti_bearing_negative,0.912905,false,gangue_negative__as__ti_bearing_negative,DG-09011d6d25fe,数据集\mindat_manual_positive_v1\raw_negative\gangue_negative\vesuvianite\vesuvianite_mindat_p1222119_page5_007_raw.jpg
VTM-003777,1246692,vesuvianite,gangue_negative,metallic_hard_negative,0.986849,false,gangue_negative__as__metallic_hard_negative,DG-503a70719a8e,数据集\mindat_manual_positive_v1\raw_negative\gangue_negative\vesuvianite\vesuvianite_mindat_p1246692_page3_008_raw.jpg
VTM-003786,1271528,vesuvianite,gangue_negative,ti_bearing_negative,0.597428,false,gangue_negative__as__ti_bearing_negative,DG-e411a486efd4,数据集\mindat_manual_positive_v1\raw_negative\gangue_negative\vesuvianite\vesuvianite_mindat_p1271528_page4_027_raw.jpg
VTM-003834,186607,vesuvianite,gangue_negative,metallic_hard_negative,0.786892,false,gangue_negative__as__metallic_hard_negative,DG-7cc47fbcd822,数据集\mindat_manual_positive_v1\raw_negative\gangue_negative\vesuvianite\vesuvianite_mindat_p186607_page7_019_raw.jpg
VTM-003867,245030,vesuvianite,gangue_negative,ti_bearing_negative,0.952367,false,gangue_negative__as__ti_bearing_negative,DG-69c6da087417,数据集\mindat_manual_positive_v1\raw_negative\gangue_negative\vesuvianite\vesuvianite_mindat_p245030_page8_006_raw.jpg
VTM-003939,441434,vesuvianite,gangue_negative,target_mineral,0.499796,false,gangue_negative__as__target_mineral,DG-a00a27df5ea6,数据集\mindat_manual_positive_v1\raw_negative\gangue_negative\vesuvianite\vesuvianite_mindat_p441434_page10_013_raw.jpg
VTM-003951,498856,vesuvianite,gangue_negative,ti_bearing_negative,0.937391,false,gangue_negative__as__ti_bearing_negative,DG-67f2924f6aa7,数据集\mindat_manual_positive_v1\raw_negative\gangue_negative\vesuvianite\vesuvianite_mindat_p498856_page5_001_raw.jpg
VTM-003967,533211,vesuvianite,gangue_negative,ti_bearing_negative,0.570039,false,gangue_negative__as__ti_bearing_negative,DG-429eaf8b1104,数据集\mindat_manual_positive_v1\raw_negative\gangue_negative\vesuvianite\vesuvianite_mindat_p533211_page15_035_raw.jpg
VTM-003981,549125,vesuvianite,gangue_negative,ti_bearing_negative,0.571615,false,gangue_negative__as__ti_bearing_negative,DG-68ff1bb4b821,数据集\mindat_manual_positive_v1\raw_negative\gangue_negative\vesuvianite\vesuvianite_mindat_p549125_page7_044_raw.jpg
VTM-003986,553658,vesuvianite,gangue_negative,target_mineral,0.932993,false,gangue_negative__as__target_mineral,DG-0db619a6a0f1,数据集\mindat_manual_positive_v1\raw_negative\gangue_negative\vesuvianite\vesuvianite_mindat_p553658_page7_059_raw.jpg
VTM-004036,620196,vesuvianite,gangue_negative,ti_bearing_negative,0.495039,false,gangue_negative__as__ti_bearing_negative,DG-40e886492f22,数据集\mindat_manual_positive_v1\raw_negative\gangue_negative\vesuvianite\vesuvianite_mindat_p620196_page1_064_raw.jpg
VTM-004045,635662,vesuvianite,gangue_negative,target_mineral,0.598278,false,gangue_negative__as__target_mineral,DG-65eabe4c4d84,数据集\mindat_manual_positive_v1\raw_negative\gangue_negative\vesuvianite\vesuvianite_mindat_p635662_page7_046_raw.jpg
VTM-004065,680400,vesuvianite,gangue_negative,ti_bearing_negative,0.519745,false,gangue_negative__as__ti_bearing_negative,DG-4eb0ca8702aa,数据集\mindat_manual_positive_v1\raw_negative\gangue_negative\vesuvianite\vesuvianite_mindat_p680400_page4_022_raw.jpg
VTM-004094,747262,vesuvianite,gangue_negative,ti_bearing_negative,0.917748,false,gangue_negative__as__ti_bearing_negative,DG-0711140876d8,数据集\mindat_manual_positive_v1\raw_negative\gangue_negative\vesuvianite\vesuvianite_mindat_p747262_page15_062_raw.jpg
VTM-004149,29372,chalcopyrite,metallic_hard_negative,gangue_negative,0.806279,false,metallic_hard_negative__as__gangue_negative,DG-6a2365056b07,数据集\mindat_manual_positive_v1\raw_negative\metallic_hard_negative\chalcopyrite\chalcopyrite_mindat_p029372_page4_002_raw.jpg
VTM-004160,56811,chalcopyrite,metallic_hard_negative,gangue_negative,0.999258,false,metallic_hard_negative__as__gangue_negative,DG-8add3fa7edc2,数据集\mindat_manual_positive_v1\raw_negative\metallic_hard_negative\chalcopyrite\chalcopyrite_mindat_p056811_page1_007_raw.jpg
VTM-004233,1416708,chalcopyrite,metallic_hard_negative,target_mineral,0.972011,false,metallic_hard_negative__as__target_mineral,DG-c9ccef5c07fe,数据集\mindat_manual_positive_v1\raw_negative\metallic_hard_negative\chalcopyrite\chalcopyrite_mindat_p1416708_page7_005_raw.jpg
VTM-004258,1683296,chalcopyrite,metallic_hard_negative,target_mineral,0.570527,false,metallic_hard_negative__as__target_mineral,DG-8529b5281a89,数据集\mindat_manual_positive_v1\raw_negative\metallic_hard_negative\chalcopyrite\chalcopyrite_mindat_p1683296_page3_039_raw.jpg
VTM-004338,483426,chalcopyrite,metallic_hard_negative,target_mineral,0.722237,false,metallic_hard_negative__as__target_mineral,DG-06674b61b121,数据集\mindat_manual_positive_v1\raw_negative\metallic_hard_negative\chalcopyrite\chalcopyrite_mindat_p483426_page3_044_raw.jpg
VTM-004361,561792,chalcopyrite,metallic_hard_negative,target_mineral,0.999950,false,metallic_hard_negative__as__target_mineral,DG-f1cef0f123a1,数据集\mindat_manual_positive_v1\raw_negative\metallic_hard_negative\chalcopyrite\chalcopyrite_mindat_p561792_page6_014_raw.jpg
VTM-004364,569458,chalcopyrite,metallic_hard_negative,ti_bearing_negative,0.382758,false,metallic_hard_negative__as__ti_bearing_negative,DG-472a4a9cb971,数据集\mindat_manual_positive_v1\raw_negative\metallic_hard_negative\chalcopyrite\chalcopyrite_mindat_p569458_page6_016_raw.jpg
VTM-004436,904102,chalcopyrite,metallic_hard_negative,ti_bearing_negative,0.452822,false,metallic_hard_negative__as__ti_bearing_negative,DG-b05a976d1bb6,数据集\mindat_manual_positive_v1\raw_negative\metallic_hard_negative\chalcopyrite\chalcopyrite_mindat_p904102_page4_070_raw.jpg
VTM-004440,947628,chalcopyrite,metallic_hard_negative,target_mineral,0.893157,false,metallic_hard_negative__as__target_mineral,DG-39fb01622191,数据集\mindat_manual_positive_v1\raw_negative\metallic_hard_negative\chalcopyrite\chalcopyrite_mindat_p947628_page1_005_raw.jpg
VTM-004452,11965,goethite,metallic_hard_negative,ti_bearing_negative,0.889493,false,metallic_hard_negative__as__ti_bearing_negative,DG-b059f26ce090,数据集\mindat_manual_positive_v1\raw_negative\metallic_hard_negative\goethite\goethite_mindat_p011965_page1_044_raw.jpg
VTM-004460,42339,goethite,metallic_hard_negative,gangue_negative,0.850709,false,metallic_hard_negative__as__gangue_negative,DG-c94829c7b9c0,数据集\mindat_manual_positive_v1\raw_negative\metallic_hard_negative\goethite\goethite_mindat_p042339_page1_033_raw.jpg
VTM-004470,59435,goethite,metallic_hard_negative,gangue_negative,0.989504,false,metallic_hard_negative__as__gangue_negative,DG-cdbe626ccda5,数据集\mindat_manual_positive_v1\raw_negative\metallic_hard_negative\goethite\goethite_mindat_p059435_page2_004_raw.jpg
VTM-004471,63230,goethite,metallic_hard_negative,gangue_negative,0.999138,false,metallic_hard_negative__as__gangue_negative,DG-5639b969883e,数据集\mindat_manual_positive_v1\raw_negative\metallic_hard_negative\goethite\goethite_mindat_p063230_page1_036_raw.jpg
VTM-004478,67658,goethite,metallic_hard_negative,gangue_negative,0.677092,false,metallic_hard_negative__as__gangue_negative,DG-735267660f64,数据集\mindat_manual_positive_v1\raw_negative\metallic_hard_negative\goethite\goethite_mindat_p067658_page4_001_raw.jpg
VTM-004490,93092,goethite,metallic_hard_negative,ti_bearing_negative,0.891272,false,metallic_hard_negative__as__ti_bearing_negative,DG-04c585ec47f6,数据集\mindat_manual_positive_v1\raw_negative\metallic_hard_negative\goethite\goethite_mindat_p093092_page3_009_raw.jpg
VTM-004505,1120714,goethite,metallic_hard_negative,ti_bearing_negative,0.998957,false,metallic_hard_negative__as__ti_bearing_negative,DG-55060e2c5204,数据集\mindat_manual_positive_v1\raw_negative\metallic_hard_negative\goethite\goethite_mindat_p1120714_page4_057_raw.jpg
VTM-004622,531051,goethite,metallic_hard_negative,ti_bearing_negative,0.908584,false,metallic_hard_negative__as__ti_bearing_negative,DG-e729856f24c2,数据集\mindat_manual_positive_v1\raw_negative\metallic_hard_negative\goethite\goethite_mindat_p531051_page3_048_raw.jpg
VTM-004626,535883,goethite,metallic_hard_negative,ti_bearing_negative,0.910825,false,metallic_hard_negative__as__ti_bearing_negative,DG-9acaa84063d0,数据集\mindat_manual_positive_v1\raw_negative\metallic_hard_negative\goethite\goethite_mindat_p535883_page4_033_raw.jpg
VTM-004634,561965,goethite,metallic_hard_negative,ti_bearing_negative,0.999433,false,metallic_hard_negative__as__ti_bearing_negative,DG-00ef3d45bc91,数据集\mindat_manual_positive_v1\raw_negative\metallic_hard_negative\goethite\goethite_mindat_p561965_page5_013_raw.jpg
VTM-004639,563671,goethite,metallic_hard_negative,ti_bearing_negative,0.967834,false,metallic_hard_negative__as__ti_bearing_negative,DG-242ef8eb00de,数据集\mindat_manual_positive_v1\raw_negative\metallic_hard_negative\goethite\goethite_mindat_p563671_page3_034_raw.jpg
VTM-004658,606283,goethite,metallic_hard_negative,ti_bearing_negative,0.967032,false,metallic_hard_negative__as__ti_bearing_negative,DG-bc3a0327e67c,数据集\mindat_manual_positive_v1\raw_negative\metallic_hard_negative\goethite\goethite_mindat_p606283_page4_026_raw.jpg
VTM-004671,651767,goethite,metallic_hard_negative,gangue_negative,0.845900,false,metallic_hard_negative__as__gangue_negative,DG-a1fe913f5597,数据集\mindat_manual_positive_v1\raw_negative\metallic_hard_negative\goethite\goethite_mindat_p651767_page3_040_raw.jpg
VTM-004675,659435,goethite,metallic_hard_negative,target_mineral,0.582097,false,metallic_hard_negative__as__target_mineral,DG-7e1d6174749f,数据集\mindat_manual_positive_v1\raw_negative\metallic_hard_negative\goethite\goethite_mindat_p659435_page3_047_raw.jpg
VTM-004679,696815,goethite,metallic_hard_negative,gangue_negative,0.426879,false,metallic_hard_negative__as__gangue_negative,DG-9328bcecc05c,数据集\mindat_manual_positive_v1\raw_negative\metallic_hard_negative\goethite\goethite_mindat_p696815_page4_046_raw.jpg
VTM-004689,738600,goethite,metallic_hard_negative,target_mineral,0.767787,false,metallic_hard_negative__as__target_mineral,DG-2fdd92c576ae,数据集\mindat_manual_positive_v1\raw_negative\metallic_hard_negative\goethite\goethite_mindat_p738600_page1_012_raw.jpg
VTM-004733,47855,hematite,metallic_hard_negative,ti_bearing_negative,0.995021,false,metallic_hard_negative__as__ti_bearing_negative,DG-125135a8e2f0,数据集\mindat_manual_positive_v1\raw_negative\metallic_hard_negative\hematite\hematite_mindat_p047855_page1_039_raw.jpg
VTM-004737,56625,hematite,metallic_hard_negative,gangue_negative,0.750169,false,metallic_hard_negative__as__gangue_negative,DG-12030acde72b,数据集\mindat_manual_positive_v1\raw_negative\metallic_hard_negative\hematite\hematite_mindat_p056625_page1_026_raw.jpg
VTM-004745,62766,hematite,metallic_hard_negative,target_mineral,0.861919,false,metallic_hard_negative__as__target_mineral,DG-df412d4bb526,数据集\mindat_manual_positive_v1\raw_negative\metallic_hard_negative\hematite\hematite_mindat_p062766_page1_015_raw.jpg
VTM-004763,1018087,hematite,metallic_hard_negative,target_mineral,0.952961,false,metallic_hard_negative__as__target_mineral,DG-cb20f172d610,数据集\mindat_manual_positive_v1\raw_negative\metallic_hard_negative\hematite\hematite_mindat_p1018087_page1_028_raw.jpg
VTM-004798,122442,hematite,metallic_hard_negative,gangue_negative,0.719666,false,metallic_hard_negative__as__gangue_negative,DG-8f563ef4c66a,数据集\mindat_manual_positive_v1\raw_negative\metallic_hard_negative\hematite\hematite_mindat_p122442_page5_003_raw.jpg
VTM-004828,154044,hematite,metallic_hard_negative,ti_bearing_negative,0.550367,false,metallic_hard_negative__as__ti_bearing_negative,DG-471124d61d31,数据集\mindat_manual_positive_v1\raw_negative\metallic_hard_negative\hematite\hematite_mindat_p154044_page1_042_raw.jpg
VTM-004836,160536,hematite,metallic_hard_negative,gangue_negative,0.650324,false,metallic_hard_negative__as__gangue_negative,DG-876ac496608e,数据集\mindat_manual_positive_v1\raw_negative\metallic_hard_negative\hematite\hematite_mindat_p160536_page6_013_raw.jpg
VTM-004872,235874,hematite,metallic_hard_negative,gangue_negative,0.935813,false,metallic_hard_negative__as__gangue_negative,DG-79c595017343,数据集\mindat_manual_positive_v1\raw_negative\metallic_hard_negative\hematite\hematite_mindat_p235874_page6_018_raw.jpg
VTM-004884,266026,hematite,metallic_hard_negative,gangue_negative,0.342813,false,metallic_hard_negative__as__gangue_negative,DG-c7be9992acdc,数据集\mindat_manual_positive_v1\raw_negative\metallic_hard_negative\hematite\hematite_mindat_p266026_page4_007_raw.jpg
VTM-004922,467855,hematite,metallic_hard_negative,ti_bearing_negative,0.771344,false,metallic_hard_negative__as__ti_bearing_negative,DG-00b9f96a4c6c,数据集\mindat_manual_positive_v1\raw_negative\metallic_hard_negative\hematite\hematite_mindat_p467855_page5_031_raw.jpg
VTM-004928,482747,hematite,metallic_hard_negative,gangue_negative,0.981682,false,metallic_hard_negative__as__gangue_negative,DG-6cc136fa05a0,数据集\mindat_manual_positive_v1\raw_negative\metallic_hard_negative\hematite\hematite_mindat_p482747_page5_029_raw.jpg
VTM-004958,583851,hematite,metallic_hard_negative,gangue_negative,0.558339,false,metallic_hard_negative__as__gangue_negative,DG-186b0e386473,数据集\mindat_manual_positive_v1\raw_negative\metallic_hard_negative\hematite\hematite_mindat_p583851_page5_036_raw.jpg
VTM-004973,653517,hematite,metallic_hard_negative,target_mineral,0.997579,false,metallic_hard_negative__as__target_mineral,DG-cd84b2b89a33,数据集\mindat_manual_positive_v1\raw_negative\metallic_hard_negative\hematite\hematite_mindat_p653517_page4_074_raw.jpg
VTM-004975,657771,hematite,metallic_hard_negative,ti_bearing_negative,0.810753,false,metallic_hard_negative__as__ti_bearing_negative,DG-409f28ca286d,数据集\mindat_manual_positive_v1\raw_negative\metallic_hard_negative\hematite\hematite_mindat_p657771_page6_055_raw.jpg
VTM-004982,682646,hematite,metallic_hard_negative,ti_bearing_negative,0.634425,false,metallic_hard_negative__as__ti_bearing_negative,DG-dc41c31e3d21,数据集\mindat_manual_positive_v1\raw_negative\metallic_hard_negative\hematite\hematite_mindat_p682646_page6_045_raw.jpg
VTM-004989,715040,hematite,metallic_hard_negative,target_mineral,0.398920,false,metallic_hard_negative__as__target_mineral,DG-1b61a2cf0409,数据集\mindat_manual_positive_v1\raw_negative\metallic_hard_negative\hematite\hematite_mindat_p715040_page5_046_raw.jpg
VTM-004991,715972,hematite,metallic_hard_negative,gangue_negative,0.540450,false,metallic_hard_negative__as__gangue_negative,DG-ea706e06deb2,数据集\mindat_manual_positive_v1\raw_negative\metallic_hard_negative\hematite\hematite_mindat_p715972_page6_059_raw.jpg
VTM-004992,715997,hematite,metallic_hard_negative,target_mineral,0.682639,false,metallic_hard_negative__as__target_mineral,DG-61a93824ab3f,数据集\mindat_manual_positive_v1\raw_negative\metallic_hard_negative\hematite\hematite_mindat_p715997_page6_068_raw.jpg
VTM-005038,24062,pyrite,metallic_hard_negative,ti_bearing_negative,0.826976,false,metallic_hard_negative__as__ti_bearing_negative,DG-0d49cac547b0,数据集\mindat_manual_positive_v1\raw_negative\metallic_hard_negative\pyrite\pyrite_mindat_p024062_page1_011_raw.jpg
VTM-005040,29374,pyrite,metallic_hard_negative,gangue_negative,0.534897,false,metallic_hard_negative__as__gangue_negative,DG-8d8c532b3669,数据集\mindat_manual_positive_v1\raw_negative\metallic_hard_negative\pyrite\pyrite_mindat_p029374_page5_025_raw.jpg
VTM-005122,1211239,pyrite,metallic_hard_negative,target_mineral,0.970514,false,metallic_hard_negative__as__target_mineral,DG-219037f7495d,数据集\mindat_manual_positive_v1\raw_negative\metallic_hard_negative\pyrite\pyrite_mindat_p1211239_page5_015_raw.jpg
VTM-005138,141783,pyrite,metallic_hard_negative,target_mineral,0.895636,false,metallic_hard_negative__as__target_mineral,DG-5a4fb74725d8,数据集\mindat_manual_positive_v1\raw_negative\metallic_hard_negative\pyrite\pyrite_mindat_p141783_page6_037_raw.jpg
VTM-005149,144390,pyrite,metallic_hard_negative,target_mineral,0.773993,false,metallic_hard_negative__as__target_mineral,DG-7bf1fc828b2b,数据集\mindat_manual_positive_v1\raw_negative\metallic_hard_negative\pyrite\pyrite_mindat_p144390_page1_067_raw.jpg
VTM-005153,1455307,pyrite,metallic_hard_negative,target_mineral,0.921157,false,metallic_hard_negative__as__target_mineral,DG-551a362604ce,数据集\mindat_manual_positive_v1\raw_negative\metallic_hard_negative\pyrite\pyrite_mindat_p1455307_page3_022_raw.jpg
VTM-005212,253222,pyrite,metallic_hard_negative,target_mineral,0.929304,false,metallic_hard_negative__as__target_mineral,DG-46c12c29b1da,数据集\mindat_manual_positive_v1\raw_negative\metallic_hard_negative\pyrite\pyrite_mindat_p253222_page4_033_raw.jpg
VTM-005221,268992,pyrite,metallic_hard_negative,ti_bearing_negative,0.531326,false,metallic_hard_negative__as__ti_bearing_negative,DG-205a686bf0de,数据集\mindat_manual_positive_v1\raw_negative\metallic_hard_negative\pyrite\pyrite_mindat_p268992_page6_031_raw.jpg
VTM-005224,272693,pyrite,metallic_hard_negative,ti_bearing_negative,0.670373,false,metallic_hard_negative__as__ti_bearing_negative,DG-dbfe6102f756,数据集\mindat_manual_positive_v1\raw_negative\metallic_hard_negative\pyrite\pyrite_mindat_p272693_page4_040_raw.jpg
VTM-005235,329999,pyrite,metallic_hard_negative,target_mineral,0.990995,false,metallic_hard_negative__as__target_mineral,DG-2fd812943ddc,数据集\mindat_manual_positive_v1\raw_negative\metallic_hard_negative\pyrite\pyrite_mindat_p329999_page4_027_raw.jpg
VTM-005251,388786,pyrite,metallic_hard_negative,target_mineral,0.980491,false,metallic_hard_negative__as__target_mineral,DG-0d59bea646e8,数据集\mindat_manual_positive_v1\raw_negative\metallic_hard_negative\pyrite\pyrite_mindat_p388786_page5_073_raw.jpg
VTM-005291,504987,pyrite,metallic_hard_negative,gangue_negative,0.986428,false,metallic_hard_negative__as__gangue_negative,DG-db64ff1b9f2e,数据集\mindat_manual_positive_v1\raw_negative\metallic_hard_negative\pyrite\pyrite_mindat_p504987_page4_056_raw.jpg
VTM-005292,509048,pyrite,metallic_hard_negative,gangue_negative,0.999828,false,metallic_hard_negative__as__gangue_negative,DG-ace734d67c95,数据集\mindat_manual_positive_v1\raw_negative\metallic_hard_negative\pyrite\pyrite_mindat_p509048_page4_066_raw.jpg
VTM-005343,6168,anatase,ti_bearing_negative,target_mineral,0.405814,false,ti_bearing_negative__as__target_mineral,DG-cfe586ef803f,数据集\mindat_manual_positive_v1\raw_negative\ti_bearing_negative\anatase\anatase_mindat_p006168_066_raw.jpg
VTM-005377,14421,anatase,ti_bearing_negative,metallic_hard_negative,0.733160,false,ti_bearing_negative__as__metallic_hard_negative,DG-6a66c2b01f42,数据集\mindat_manual_positive_v1\raw_negative\ti_bearing_negative\anatase\anatase_mindat_p014421_025_raw.jpg
VTM-005430,35149,anatase,ti_bearing_negative,target_mineral,0.989801,false,ti_bearing_negative__as__target_mineral,DG-92a771378f20,数据集\mindat_manual_positive_v1\raw_negative\ti_bearing_negative\anatase\anatase_mindat_p035149_178_raw.jpg
VTM-005488,50490,anatase,ti_bearing_negative,gangue_negative,0.975686,false,ti_bearing_negative__as__gangue_negative,DG-b4719eb6b67a,数据集\mindat_manual_positive_v1\raw_negative\ti_bearing_negative\anatase\anatase_mindat_p050490_268_raw.jpg
VTM-005504,56775,anatase,ti_bearing_negative,target_mineral,0.956788,false,ti_bearing_negative__as__target_mineral,DG-c176d6d92cef,数据集\mindat_manual_positive_v1\raw_negative\ti_bearing_negative\anatase\anatase_mindat_p056775_015_raw.jpg
VTM-005577,87946,anatase,ti_bearing_negative,target_mineral,0.882257,false,ti_bearing_negative__as__target_mineral,DG-813b3ae51d09,数据集\mindat_manual_positive_v1\raw_negative\ti_bearing_negative\anatase\anatase_mindat_p087946_004_raw.jpg
VTM-005585,91617,anatase,ti_bearing_negative,target_mineral,0.740368,false,ti_bearing_negative__as__target_mineral,DG-0f4da15f35aa,数据集\mindat_manual_positive_v1\raw_negative\ti_bearing_negative\anatase\anatase_mindat_p091617_168_raw.jpg
VTM-005711,120022,anatase,ti_bearing_negative,target_mineral,0.863940,false,ti_bearing_negative__as__target_mineral,DG-6e0bf9e9d277,数据集\mindat_manual_positive_v1\raw_negative\ti_bearing_negative\anatase\anatase_mindat_p120022_018_raw.jpg
VTM-005730,121448,anatase,ti_bearing_negative,metallic_hard_negative,0.566175,false,ti_bearing_negative__as__metallic_hard_negative,DG-704eeb78fcc7,数据集\mindat_manual_positive_v1\raw_negative\ti_bearing_negative\anatase\anatase_mindat_p121448_010_raw.jpg
VTM-005798,1318555,anatase,ti_bearing_negative,gangue_negative,0.694358,false,ti_bearing_negative__as__gangue_negative,DG-687fa8add829,数据集\mindat_manual_positive_v1\raw_negative\ti_bearing_negative\anatase\anatase_mindat_p1318555_125_raw.jpg
VTM-005857,145808,anatase,ti_bearing_negative,target_mineral,0.505408,false,ti_bearing_negative__as__target_mineral,DG-c4094baa6957,数据集\mindat_manual_positive_v1\raw_negative\ti_bearing_negative\anatase\anatase_mindat_p145808_091_raw.jpg
VTM-005912,168791,anatase,ti_bearing_negative,gangue_negative,0.656977,false,ti_bearing_negative__as__gangue_negative,DG-ea39e1c2febd,数据集\mindat_manual_positive_v1\raw_negative\ti_bearing_negative\anatase\anatase_mindat_p168791_012_raw.jpg
VTM-005955,206707,anatase,ti_bearing_negative,target_mineral,0.808451,false,ti_bearing_negative__as__target_mineral,DG-9d2bc60eb555,数据集\mindat_manual_positive_v1\raw_negative\ti_bearing_negative\anatase\anatase_mindat_p206707_281_raw.jpg
VTM-005989,220300,anatase,ti_bearing_negative,gangue_negative,0.995031,false,ti_bearing_negative__as__gangue_negative,DG-5835055dc0ba,数据集\mindat_manual_positive_v1\raw_negative\ti_bearing_negative\anatase\anatase_mindat_p220300_102_raw.jpg
VTM-006026,238654,anatase,ti_bearing_negative,gangue_negative,0.923432,false,ti_bearing_negative__as__gangue_negative,DG-6f3a25a6c49f,数据集\mindat_manual_positive_v1\raw_negative\ti_bearing_negative\anatase\anatase_mindat_p238654_089_raw.jpg
VTM-006087,286276,anatase,ti_bearing_negative,gangue_negative,0.501754,false,ti_bearing_negative__as__gangue_negative,DG-8bcac19e5501,数据集\mindat_manual_positive_v1\raw_negative\ti_bearing_negative\anatase\anatase_mindat_p286276_098_raw.jpg
VTM-006104,296555,anatase,ti_bearing_negative,metallic_hard_negative,0.931308,false,ti_bearing_negative__as__metallic_hard_negative,DG-33c7cd5e70fd,数据集\mindat_manual_positive_v1\raw_negative\ti_bearing_negative\anatase\anatase_mindat_p296555_288_raw.jpg
VTM-006133,325433,anatase,ti_bearing_negative,gangue_negative,0.863281,false,ti_bearing_negative__as__gangue_negative,DG-0d226cb2c6ad,数据集\mindat_manual_positive_v1\raw_negative\ti_bearing_negative\anatase\anatase_mindat_p325433_298_raw.jpg
VTM-006135,325452,anatase,ti_bearing_negative,target_mineral,0.767193,false,ti_bearing_negative__as__target_mineral,DG-a4d745700c2c,数据集\mindat_manual_positive_v1\raw_negative\ti_bearing_negative\anatase\anatase_mindat_p325452_042_raw.jpg
VTM-006147,329328,anatase,ti_bearing_negative,gangue_negative,0.705806,false,ti_bearing_negative__as__gangue_negative,DG-f094c38bbdfc,数据集\mindat_manual_positive_v1\raw_negative\ti_bearing_negative\anatase\anatase_mindat_p329328_131_raw.jpg
VTM-006160,341728,anatase,ti_bearing_negative,gangue_negative,0.578841,false,ti_bearing_negative__as__gangue_negative,DG-5d69d7f406a2,数据集\mindat_manual_positive_v1\raw_negative\ti_bearing_negative\anatase\anatase_mindat_p341728_105_raw.jpg
VTM-006184,361722,anatase,ti_bearing_negative,gangue_negative,0.634611,false,ti_bearing_negative__as__gangue_negative,DG-024b2664a4d6,数据集\mindat_manual_positive_v1\raw_negative\ti_bearing_negative\anatase\anatase_mindat_p361722_103_raw.jpg
VTM-006198,373147,anatase,ti_bearing_negative,gangue_negative,0.993144,false,ti_bearing_negative__as__gangue_negative,DG-cccaec4a4002,数据集\mindat_manual_positive_v1\raw_negative\ti_bearing_negative\anatase\anatase_mindat_p373147_112_raw.jpg
VTM-006211,383680,anatase,ti_bearing_negative,metallic_hard_negative,0.997925,false,ti_bearing_negative__as__metallic_hard_negative,DG-c089531fae23,数据集\mindat_manual_positive_v1\raw_negative\ti_bearing_negative\anatase\anatase_mindat_p383680_032_raw.jpg
VTM-006360,625220,anatase,ti_bearing_negative,target_mineral,0.978764,false,ti_bearing_negative__as__target_mineral,DG-d8812252657e,数据集\mindat_manual_positive_v1\raw_negative\ti_bearing_negative\anatase\anatase_mindat_p625220_043_raw.jpg
VTM-006367,637889,anatase,ti_bearing_negative,gangue_negative,0.982748,false,ti_bearing_negative__as__gangue_negative,DG-fb6d67ab70d6,数据集\mindat_manual_positive_v1\raw_negative\ti_bearing_negative\anatase\anatase_mindat_p637889_029_raw.jpg
VTM-006381,657063,anatase,ti_bearing_negative,target_mineral,0.722801,false,ti_bearing_negative__as__target_mineral,DG-62828713339a,数据集\mindat_manual_positive_v1\raw_negative\ti_bearing_negative\anatase\anatase_mindat_p657063_106_raw.jpg
VTM-006441,752089,anatase,ti_bearing_negative,target_mineral,0.972225,false,ti_bearing_negative__as__target_mineral,DG-caf5c4604de1,数据集\mindat_manual_positive_v1\raw_negative\ti_bearing_negative\anatase\anatase_mindat_p752089_016_raw.jpg
VTM-006470,848513,anatase,ti_bearing_negative,metallic_hard_negative,0.974737,false,ti_bearing_negative__as__metallic_hard_negative,DG-9ae91533d399,数据集\mindat_manual_positive_v1\raw_negative\ti_bearing_negative\anatase\anatase_mindat_p848513_107_raw.jpg
VTM-006472,853591,anatase,ti_bearing_negative,metallic_hard_negative,0.587950,false,ti_bearing_negative__as__metallic_hard_negative,DG-5b6236dd3f8e,数据集\mindat_manual_positive_v1\raw_negative\ti_bearing_negative\anatase\anatase_mindat_p853591_015_raw.jpg
VTM-006489,892584,anatase,ti_bearing_negative,target_mineral,0.669618,false,ti_bearing_negative__as__target_mineral,DG-53213b78d11f,数据集\mindat_manual_positive_v1\raw_negative\ti_bearing_negative\anatase\anatase_mindat_p892584_105_raw.jpg
VTM-006502,923000,anatase,ti_bearing_negative,target_mineral,0.629823,false,ti_bearing_negative__as__target_mineral,DG-5741601cbd93,数据集\mindat_manual_positive_v1\raw_negative\ti_bearing_negative\anatase\anatase_mindat_p923000_126_raw.jpg
VTM-006517,999659,anatase,ti_bearing_negative,metallic_hard_negative,0.648752,false,ti_bearing_negative__as__metallic_hard_negative,DG-27908c57158d,数据集\mindat_manual_positive_v1\raw_negative\ti_bearing_negative\anatase\anatase_mindat_p999659_021_raw.jpg
VTM-006524,14377,perovskite,ti_bearing_negative,target_mineral,0.987064,false,ti_bearing_negative__as__target_mineral,DG-8b3651c9588f,数据集\mindat_manual_positive_v1\raw_negative\ti_bearing_negative\perovskite\perovskite_mindat_p014377_020_raw.jpg
VTM-006545,48998,perovskite,ti_bearing_negative,target_mineral,0.393259,false,ti_bearing_negative__as__target_mineral,DG-9951ef321bf5,数据集\mindat_manual_positive_v1\raw_negative\ti_bearing_negative\perovskite\perovskite_mindat_p048998_068_raw.jpg
VTM-006548,52004,perovskite,ti_bearing_negative,target_mineral,0.920305,false,ti_bearing_negative__as__target_mineral,DG-bf6b30fac0e0,数据集\mindat_manual_positive_v1\raw_negative\ti_bearing_negative\perovskite\perovskite_mindat_p052004_067_raw.jpg
VTM-006555,59833,perovskite,ti_bearing_negative,target_mineral,0.616680,false,ti_bearing_negative__as__target_mineral,DG-20daa0953933,数据集\mindat_manual_positive_v1\raw_negative\ti_bearing_negative\perovskite\perovskite_mindat_p059833_310_raw.jpg
VTM-006563,83048,perovskite,ti_bearing_negative,gangue_negative,0.995999,false,ti_bearing_negative__as__gangue_negative,DG-4d978c67aa9e,数据集\mindat_manual_positive_v1\raw_negative\ti_bearing_negative\perovskite\perovskite_mindat_p083048_308_raw.jpg
VTM-006567,94106,perovskite,ti_bearing_negative,gangue_negative,0.684415,false,ti_bearing_negative__as__gangue_negative,DG-435b2166fcfd,数据集\mindat_manual_positive_v1\raw_negative\ti_bearing_negative\perovskite\perovskite_mindat_p094106_015_raw.jpg
VTM-006576,1025045,perovskite,ti_bearing_negative,target_mineral,0.739492,false,ti_bearing_negative__as__target_mineral,DG-af6ec356e0ea,数据集\mindat_manual_positive_v1\raw_negative\ti_bearing_negative\perovskite\perovskite_mindat_p1025045_375_raw.jpg
VTM-006589,1067506,perovskite,ti_bearing_negative,target_mineral,0.978271,false,ti_bearing_negative__as__target_mineral,DG-cd99d1811944,数据集\mindat_manual_positive_v1\raw_negative\ti_bearing_negative\perovskite\perovskite_mindat_p1067506_105_raw.jpg
VTM-006619,115214,perovskite,ti_bearing_negative,gangue_negative,0.554379,false,ti_bearing_negative__as__gangue_negative,DG-79750eee60b4,数据集\mindat_manual_positive_v1\raw_negative\ti_bearing_negative\perovskite\perovskite_mindat_p115214_055_raw.jpg
VTM-006631,1312695,perovskite,ti_bearing_negative,target_mineral,0.899938,false,ti_bearing_negative__as__target_mineral,DG-4984a0e070a3,数据集\mindat_manual_positive_v1\raw_negative\ti_bearing_negative\perovskite\perovskite_mindat_p1312695_283_raw.jpg
VTM-006638,1336092,perovskite,ti_bearing_negative,gangue_negative,0.698136,false,ti_bearing_negative__as__gangue_negative,DG-a3d0a2b4b679,数据集\mindat_manual_positive_v1\raw_negative\ti_bearing_negative\perovskite\perovskite_mindat_p1336092_124_raw.jpg
VTM-006676,170962,perovskite,ti_bearing_negative,target_mineral,0.771875,false,ti_bearing_negative__as__target_mineral,DG-28fe0d53cbcb,数据集\mindat_manual_positive_v1\raw_negative\ti_bearing_negative\perovskite\perovskite_mindat_p170962_387_raw.jpg
VTM-006686,192881,perovskite,ti_bearing_negative,target_mineral,0.517269,false,ti_bearing_negative__as__target_mineral,DG-cc8068406fdb,数据集\mindat_manual_positive_v1\raw_negative\ti_bearing_negative\perovskite\perovskite_mindat_p192881_277_raw.jpg
VTM-006739,289287,perovskite,ti_bearing_negative,gangue_negative,0.440357,false,ti_bearing_negative__as__gangue_negative,DG-49d36c554faf,数据集\mindat_manual_positive_v1\raw_negative\ti_bearing_negative\perovskite\perovskite_mindat_p289287_322_raw.jpg
VTM-006760,337472,perovskite,ti_bearing_negative,target_mineral,0.970258,false,ti_bearing_negative__as__target_mineral,DG-c2dae3628371,数据集\mindat_manual_positive_v1\raw_negative\ti_bearing_negative\perovskite\perovskite_mindat_p337472_438_raw.jpg
VTM-006769,383105,perovskite,ti_bearing_negative,target_mineral,0.940117,false,ti_bearing_negative__as__target_mineral,DG-cfcb693bf04a,数据集\mindat_manual_positive_v1\raw_negative\ti_bearing_negative\perovskite\perovskite_mindat_p383105_119_raw.jpg
VTM-006775,404851,perovskite,ti_bearing_negative,metallic_hard_negative,0.953664,false,ti_bearing_negative__as__metallic_hard_negative,DG-fb3739d096ba,数据集\mindat_manual_positive_v1\raw_negative\ti_bearing_negative\perovskite\perovskite_mindat_p404851_203_raw.jpg
VTM-006811,524925,perovskite,ti_bearing_negative,target_mineral,0.921151,false,ti_bearing_negative__as__target_mineral,DG-324aa3fb993b,数据集\mindat_manual_positive_v1\raw_negative\ti_bearing_negative\perovskite\perovskite_mindat_p524925_436_raw.jpg
VTM-006820,559791,perovskite,ti_bearing_negative,gangue_negative,0.565243,false,ti_bearing_negative__as__gangue_negative,DG-0ad36bb22835,数据集\mindat_manual_positive_v1\raw_negative\ti_bearing_negative\perovskite\perovskite_mindat_p559791_246_raw.jpg
VTM-006843,603799,perovskite,ti_bearing_negative,metallic_hard_negative,0.912943,false,ti_bearing_negative__as__metallic_hard_negative,DG-37f20bb797f6,数据集\mindat_manual_positive_v1\raw_negative\ti_bearing_negative\perovskite\perovskite_mindat_p603799_330_raw.jpg
VTM-006866,729239,perovskite,ti_bearing_negative,target_mineral,0.574998,false,ti_bearing_negative__as__target_mineral,DG-2e827dc0d743,数据集\mindat_manual_positive_v1\raw_negative\ti_bearing_negative\perovskite\perovskite_mindat_p729239_421_raw.jpg
VTM-006901,2582,rutile,ti_bearing_negative,metallic_hard_negative,0.535217,false,ti_bearing_negative__as__metallic_hard_negative,DG-a05c3ec41e9b,数据集\mindat_manual_positive_v1\raw_negative\ti_bearing_negative\rutile\rutile_mindat_p002582_384_raw.jpg
VTM-006905,2956,rutile,ti_bearing_negative,target_mineral,0.878205,false,ti_bearing_negative__as__target_mineral,DG-150b97db1ed5,数据集\mindat_manual_positive_v1\raw_negative\ti_bearing_negative\rutile\rutile_mindat_p002956_031_raw.jpg
VTM-006987,46831,rutile,ti_bearing_negative,gangue_negative,0.944343,false,ti_bearing_negative__as__gangue_negative,DG-98b11bd155c8,数据集\mindat_manual_positive_v1\raw_negative\ti_bearing_negative\rutile\rutile_mindat_p046831_126_raw.jpg
VTM-007109,104218,rutile,ti_bearing_negative,target_mineral,0.943719,false,ti_bearing_negative__as__target_mineral,DG-bf027770eb96,数据集\mindat_manual_positive_v1\raw_negative\ti_bearing_negative\rutile\rutile_mindat_p104218_101_raw.jpg
VTM-007124,1065871,rutile,ti_bearing_negative,target_mineral,0.568929,false,ti_bearing_negative__as__target_mineral,DG-a1c2905680cc,数据集\mindat_manual_positive_v1\raw_negative\ti_bearing_negative\rutile\rutile_mindat_p1065871_130_raw.jpg
VTM-007147,1112887,rutile,ti_bearing_negative,gangue_negative,0.950303,false,ti_bearing_negative__as__gangue_negative,DG-f9e089e8facb,数据集\mindat_manual_positive_v1\raw_negative\ti_bearing_negative\rutile\rutile_mindat_p1112887_043_raw.jpg
VTM-007243,1319010,rutile,ti_bearing_negative,metallic_hard_negative,0.993417,false,ti_bearing_negative__as__metallic_hard_negative,DG-6e3cf0193dd7,数据集\mindat_manual_positive_v1\raw_negative\ti_bearing_negative\rutile\rutile_mindat_p1319010_415_raw.jpg
VTM-007251,1326098,rutile,ti_bearing_negative,metallic_hard_negative,0.999085,false,ti_bearing_negative__as__metallic_hard_negative,DG-37a4972b4fe1,数据集\mindat_manual_positive_v1\raw_negative\ti_bearing_negative\rutile\rutile_mindat_p1326098_016_raw.jpg
VTM-007292,1386141,rutile,ti_bearing_negative,target_mineral,0.984305,false,ti_bearing_negative__as__target_mineral,DG-b16a23ea0aac,数据集\mindat_manual_positive_v1\raw_negative\ti_bearing_negative\rutile\rutile_mindat_p1386141_256_raw.jpg
VTM-007307,1410538,rutile,ti_bearing_negative,gangue_negative,0.654472,false,ti_bearing_negative__as__gangue_negative,DG-24e9142adf23,数据集\mindat_manual_positive_v1\raw_negative\ti_bearing_negative\rutile\rutile_mindat_p1410538_285_raw.jpg
VTM-007319,1433008,rutile,ti_bearing_negative,metallic_hard_negative,0.968830,false,ti_bearing_negative__as__metallic_hard_negative,DG-28b6b3a4f765,数据集\mindat_manual_positive_v1\raw_negative\ti_bearing_negative\rutile\rutile_mindat_p1433008_044_raw.jpg
VTM-007414,170301,rutile,ti_bearing_negative,target_mineral,0.962956,false,ti_bearing_negative__as__target_mineral,DG-e28095c71fb8,数据集\mindat_manual_positive_v1\raw_negative\ti_bearing_negative\rutile\rutile_mindat_p170301_489_raw.jpg
VTM-007448,185763,rutile,ti_bearing_negative,gangue_negative,0.954287,false,ti_bearing_negative__as__gangue_negative,DG-0dfa45fe0f94,数据集\mindat_manual_positive_v1\raw_negative\ti_bearing_negative\rutile\rutile_mindat_p185763_146_raw.jpg
VTM-007474,197285,rutile,ti_bearing_negative,metallic_hard_negative,0.988014,false,ti_bearing_negative__as__metallic_hard_negative,DG-65eb8b11cd54,数据集\mindat_manual_positive_v1\raw_negative\ti_bearing_negative\rutile\rutile_mindat_p197285_185_raw.jpg
VTM-007476,198289,rutile,ti_bearing_negative,gangue_negative,0.996118,false,ti_bearing_negative__as__gangue_negative,DG-54e22f95540f,数据集\mindat_manual_positive_v1\raw_negative\ti_bearing_negative\rutile\rutile_mindat_p198289_192_raw.jpg
VTM-007515,231579,rutile,ti_bearing_negative,gangue_negative,0.656561,false,ti_bearing_negative__as__gangue_negative,DG-59dcd97c8c64,数据集\mindat_manual_positive_v1\raw_negative\ti_bearing_negative\rutile\rutile_mindat_p231579_028_raw.jpg
VTM-007528,236819,rutile,ti_bearing_negative,target_mineral,0.876395,false,ti_bearing_negative__as__target_mineral,DG-eba6c0258cb6,数据集\mindat_manual_positive_v1\raw_negative\ti_bearing_negative\rutile\rutile_mindat_p236819_043_raw.jpg
VTM-007574,264679,rutile,ti_bearing_negative,gangue_negative,0.995025,false,ti_bearing_negative__as__gangue_negative,DG-0b37c6b024f1,数据集\mindat_manual_positive_v1\raw_negative\ti_bearing_negative\rutile\rutile_mindat_p264679_404_raw.jpg
VTM-007582,267999,rutile,ti_bearing_negative,target_mineral,0.904494,false,ti_bearing_negative__as__target_mineral,DG-6ca3139f2a0c,数据集\mindat_manual_positive_v1\raw_negative\ti_bearing_negative\rutile\rutile_mindat_p267999_135_raw.jpg
VTM-007595,272192,rutile,ti_bearing_negative,metallic_hard_negative,0.738919,false,ti_bearing_negative__as__metallic_hard_negative,DG-20c5e65ea882,数据集\mindat_manual_positive_v1\raw_negative\ti_bearing_negative\rutile\rutile_mindat_p272192_307_raw.jpg
VTM-007636,293901,rutile,ti_bearing_negative,gangue_negative,0.945168,false,ti_bearing_negative__as__gangue_negative,DG-405bb566e26a,数据集\mindat_manual_positive_v1\raw_negative\ti_bearing_negative\rutile\rutile_mindat_p293901_475_raw.jpg
VTM-007723,345918,rutile,ti_bearing_negative,target_mineral,0.852147,false,ti_bearing_negative__as__target_mineral,DG-ba0d1648a410,数据集\mindat_manual_positive_v1\raw_negative\ti_bearing_negative\rutile\rutile_mindat_p345918_069_raw.jpg
VTM-007752,384506,rutile,ti_bearing_negative,gangue_negative,0.713499,false,ti_bearing_negative__as__gangue_negative,DG-d08319715b3a,数据集\mindat_manual_positive_v1\raw_negative\ti_bearing_negative\rutile\rutile_mindat_p384506_099_raw.jpg
VTM-007823,432487,rutile,ti_bearing_negative,gangue_negative,0.986943,false,ti_bearing_negative__as__gangue_negative,DG-e905e6823fff,数据集\mindat_manual_positive_v1\raw_negative\ti_bearing_negative\rutile\rutile_mindat_p432487_108_raw.jpg
VTM-007829,440399,rutile,ti_bearing_negative,gangue_negative,0.996556,false,ti_bearing_negative__as__gangue_negative,DG-9d49e72e52e6,数据集\mindat_manual_positive_v1\raw_negative\ti_bearing_negative\rutile\rutile_mindat_p440399_167_raw.jpg
VTM-007840,447522,rutile,ti_bearing_negative,target_mineral,0.943266,false,ti_bearing_negative__as__target_mineral,DG-e1d512291723,数据集\mindat_manual_positive_v1\raw_negative\ti_bearing_negative\rutile\rutile_mindat_p447522_096_raw.jpg
VTM-007845,452582,rutile,ti_bearing_negative,target_mineral,0.482039,false,ti_bearing_negative__as__target_mineral,DG-85892eb00cdc,数据集\mindat_manual_positive_v1\raw_negative\ti_bearing_negative\rutile\rutile_mindat_p452582_158_raw.jpg
VTM-007880,487734,rutile,ti_bearing_negative,metallic_hard_negative,0.406975,false,ti_bearing_negative__as__metallic_hard_negative,DG-5a11cc76e702,数据集\mindat_manual_positive_v1\raw_negative\ti_bearing_negative\rutile\rutile_mindat_p487734_264_raw.jpg
VTM-007901,512150,rutile,ti_bearing_negative,gangue_negative,0.860437,false,ti_bearing_negative__as__gangue_negative,DG-40acbebb3508,数据集\mindat_manual_positive_v1\raw_negative\ti_bearing_negative\rutile\rutile_mindat_p512150_175_raw.jpg
VTM-007937,558113,rutile,ti_bearing_negative,gangue_negative,0.904520,false,ti_bearing_negative__as__gangue_negative,DG-41baf59af19b,数据集\mindat_manual_positive_v1\raw_negative\ti_bearing_negative\rutile\rutile_mindat_p558113_265_raw.jpg
VTM-008007,642052,rutile,ti_bearing_negative,metallic_hard_negative,0.572185,false,ti_bearing_negative__as__metallic_hard_negative,DG-6aad59b2755f,数据集\mindat_manual_positive_v1\raw_negative\ti_bearing_negative\rutile\rutile_mindat_p642052_253_raw.jpg
VTM-008013,643648,rutile,ti_bearing_negative,gangue_negative,0.853132,false,ti_bearing_negative__as__gangue_negative,DG-333e8a4ffe0a,数据集\mindat_manual_positive_v1\raw_negative\ti_bearing_negative\rutile\rutile_mindat_p643648_122_raw.jpg
VTM-008052,669994,rutile,ti_bearing_negative,metallic_hard_negative,0.567181,false,ti_bearing_negative__as__metallic_hard_negative,DG-ea7bc113ffc0,数据集\mindat_manual_positive_v1\raw_negative\ti_bearing_negative\rutile\rutile_mindat_p669994_250_raw.jpg
VTM-008053,674889,rutile,ti_bearing_negative,gangue_negative,0.768111,false,ti_bearing_negative__as__gangue_negative,DG-60d6884f0157,数据集\mindat_manual_positive_v1\raw_negative\ti_bearing_negative\rutile\rutile_mindat_p674889_079_raw.jpg
VTM-008054,674890,rutile,ti_bearing_negative,gangue_negative,0.933364,false,ti_bearing_negative__as__gangue_negative,DG-19155c3790f5,数据集\mindat_manual_positive_v1\raw_negative\ti_bearing_negative\rutile\rutile_mindat_p674890_081_raw.jpg
VTM-008110,753804,rutile,ti_bearing_negative,metallic_hard_negative,0.948069,false,ti_bearing_negative__as__metallic_hard_negative,DG-b28b0701dea9,数据集\mindat_manual_positive_v1\raw_negative\ti_bearing_negative\rutile\rutile_mindat_p753804_208_raw.jpg
VTM-008148,794182,rutile,ti_bearing_negative,gangue_negative,0.993565,false,ti_bearing_negative__as__gangue_negative,DG-5cff4f9f6214,数据集\mindat_manual_positive_v1\raw_negative\ti_bearing_negative\rutile\rutile_mindat_p794182_010_raw.jpg
VTM-008159,817708,rutile,ti_bearing_negative,gangue_negative,0.893372,false,ti_bearing_negative__as__gangue_negative,DG-a7dd9ed455d1,数据集\mindat_manual_positive_v1\raw_negative\ti_bearing_negative\rutile\rutile_mindat_p817708_438_raw.jpg
VTM-008161,821429,rutile,ti_bearing_negative,gangue_negative,0.685528,false,ti_bearing_negative__as__gangue_negative,DG-f1f71068f770,数据集\mindat_manual_positive_v1\raw_negative\ti_bearing_negative\rutile\rutile_mindat_p821429_021_raw.jpg
VTM-008246,967566,rutile,ti_bearing_negative,gangue_negative,0.974098,false,ti_bearing_negative__as__gangue_negative,DG-bbc4fca58409,数据集\mindat_manual_positive_v1\raw_negative\ti_bearing_negative\rutile\rutile_mindat_p967566_030_raw.jpg
VTM-008277,32067,titanite,ti_bearing_negative,gangue_negative,0.986802,false,ti_bearing_negative__as__gangue_negative,DG-6427e0dac4b9,数据集\mindat_manual_positive_v1\raw_negative\ti_bearing_negative\titanite\titanite_mindat_p032067_page9_029_raw.jpg
VTM-008338,88661,titanite,ti_bearing_negative,gangue_negative,0.800833,false,ti_bearing_negative__as__gangue_negative,DG-c11b2ae78475,数据集\mindat_manual_positive_v1\raw_negative\ti_bearing_negative\titanite\titanite_mindat_p088661_page5_032_raw.jpg
VTM-008369,1149450,titanite,ti_bearing_negative,gangue_negative,0.848363,false,ti_bearing_negative__as__gangue_negative,DG-5e7cd2c55bbf,数据集\mindat_manual_positive_v1\raw_negative\ti_bearing_negative\titanite\titanite_mindat_p1149450_page8_012_raw.jpg
VTM-008400,148792,titanite,ti_bearing_negative,metallic_hard_negative,0.484279,false,ti_bearing_negative__as__metallic_hard_negative,DG-7bbecbca43ce,数据集\mindat_manual_positive_v1\raw_negative\ti_bearing_negative\titanite\titanite_mindat_p148792_page13_048_raw.jpg
VTM-008401,151377,titanite,ti_bearing_negative,metallic_hard_negative,0.721576,false,ti_bearing_negative__as__metallic_hard_negative,DG-7ac0b4b77a0b,数据集\mindat_manual_positive_v1\raw_negative\ti_bearing_negative\titanite\titanite_mindat_p151377_page5_030_raw.jpg
VTM-008420,184631,titanite,ti_bearing_negative,gangue_negative,0.996798,false,ti_bearing_negative__as__gangue_negative,DG-4ba065011a4b,数据集\mindat_manual_positive_v1\raw_negative\ti_bearing_negative\titanite\titanite_mindat_p184631_page7_047_raw.jpg
VTM-008441,237302,titanite,ti_bearing_negative,target_mineral,0.752836,false,ti_bearing_negative__as__target_mineral,DG-844ccbe6fe55,数据集\mindat_manual_positive_v1\raw_negative\ti_bearing_negative\titanite\titanite_mindat_p237302_page9_068_raw.jpg
VTM-008442,238444,titanite,ti_bearing_negative,target_mineral,0.743609,false,ti_bearing_negative__as__target_mineral,DG-a26ff750ff4e,数据集\mindat_manual_positive_v1\raw_negative\ti_bearing_negative\titanite\titanite_mindat_p238444_page9_071_raw.jpg
VTM-008457,268005,titanite,ti_bearing_negative,metallic_hard_negative,0.367827,false,ti_bearing_negative__as__metallic_hard_negative,DG-7f63a58eb601,数据集\mindat_manual_positive_v1\raw_negative\ti_bearing_negative\titanite\titanite_mindat_p268005_page14_074_raw.jpg
VTM-008480,310817,titanite,ti_bearing_negative,gangue_negative,0.737697,false,ti_bearing_negative__as__gangue_negative,DG-c4b22843003f,数据集\mindat_manual_positive_v1\raw_negative\ti_bearing_negative\titanite\titanite_mindat_p310817_page9_075_raw.jpg
VTM-008515,387633,titanite,ti_bearing_negative,gangue_negative,0.970850,false,ti_bearing_negative__as__gangue_negative,DG-1ca93cb551fa,数据集\mindat_manual_positive_v1\raw_negative\ti_bearing_negative\titanite\titanite_mindat_p387633_page5_042_raw.jpg
VTM-008516,394107,titanite,ti_bearing_negative,target_mineral,0.894347,false,ti_bearing_negative__as__target_mineral,DG-79d7803dca3b,数据集\mindat_manual_positive_v1\raw_negative\ti_bearing_negative\titanite\titanite_mindat_p394107_page12_002_raw.jpg
VTM-008519,396024,titanite,ti_bearing_negative,target_mineral,0.551665,false,ti_bearing_negative__as__target_mineral,DG-18f17feb53fc,数据集\mindat_manual_positive_v1\raw_negative\ti_bearing_negative\titanite\titanite_mindat_p396024_page9_023_raw.jpg
VTM-008521,406888,titanite,ti_bearing_negative,target_mineral,0.736662,false,ti_bearing_negative__as__target_mineral,DG-e3e6703e3340,数据集\mindat_manual_positive_v1\raw_negative\ti_bearing_negative\titanite\titanite_mindat_p406888_page9_064_raw.jpg
VTM-008540,448231,titanite,ti_bearing_negative,gangue_negative,0.855377,false,ti_bearing_negative__as__gangue_negative,DG-5b2d32b530f9,数据集\mindat_manual_positive_v1\raw_negative\ti_bearing_negative\titanite\titanite_mindat_p448231_page7_046_raw.jpg
VTM-008541,451463,titanite,ti_bearing_negative,gangue_negative,0.811520,false,ti_bearing_negative__as__gangue_negative,DG-07ad4e1ac4a2,数据集\mindat_manual_positive_v1\raw_negative\ti_bearing_negative\titanite\titanite_mindat_p451463_page4_013_raw.jpg
VTM-008545,458873,titanite,ti_bearing_negative,gangue_negative,0.582631,false,ti_bearing_negative__as__gangue_negative,DG-866bffc9ce8c,数据集\mindat_manual_positive_v1\raw_negative\ti_bearing_negative\titanite\titanite_mindat_p458873_page13_063_raw.jpg
VTM-008550,488242,titanite,ti_bearing_negative,gangue_negative,0.995908,false,ti_bearing_negative__as__gangue_negative,DG-d444b9b42633,数据集\mindat_manual_positive_v1\raw_negative\ti_bearing_negative\titanite\titanite_mindat_p488242_page5_019_raw.jpg
VTM-008564,563205,titanite,ti_bearing_negative,metallic_hard_negative,0.999025,false,ti_bearing_negative__as__metallic_hard_negative,DG-8758aa99c2f7,数据集\mindat_manual_positive_v1\raw_negative\ti_bearing_negative\titanite\titanite_mindat_p563205_page10_013_raw.jpg
VTM-008566,563207,titanite,ti_bearing_negative,gangue_negative,0.962395,false,ti_bearing_negative__as__gangue_negative,DG-c4af76b19f14,数据集\mindat_manual_positive_v1\raw_negative\ti_bearing_negative\titanite\titanite_mindat_p563207_page10_012_raw.jpg
VTM-008583,682948,titanite,ti_bearing_negative,gangue_negative,0.778648,false,ti_bearing_negative__as__gangue_negative,DG-c28b5a826bdc,数据集\mindat_manual_positive_v1\raw_negative\ti_bearing_negative\titanite\titanite_mindat_p682948_page13_069_raw.jpg
VTM-008603,927941,titanite,ti_bearing_negative,target_mineral,0.836478,false,ti_bearing_negative__as__target_mineral,DG-835541a8f5bd,数据集\mindat_manual_positive_v1\raw_negative\ti_bearing_negative\titanite\titanite_mindat_p927941_page1_039_raw.jpg
