image_id,split_group_id,true_class_id,predicted_class_id,raw_head,temperature,prob_0,prob_1,prob_2,prob_3
VTM-000005,DG-c56c77bc69b9,0,0,0.34309795402816273,,0.7663184467446169,0.10658999364801566,0.011753560391427803,0.11533799921593958
VTM-000008,DG-866dc24795ee,0,1,0.29952957761834204,,0.23938081946771989,0.5805279838546502,0.11735050846779929,0.06274068820983054
VTM-000037,DG-134533c2ee9a,0,2,0.253925041142747,,0.08442779674329284,0.1225861845055029,0.7006537423573695,0.09233227639383473
VTM-000074,DG-05c8d12a3443,0,1,0.30752478027637264,,0.19020799327169927,0.6576105413388333,0.01471383802000367,0.13746762736946372
VTM-000087,DG-9eeca622f783,0,0,0.31454801163874485,,0.5378614727296539,0.31194092792817274,0.06221203911377841,0.08798556022839502
VTM-000088,DG-6aab048ce8a7,0,0,0.32833349792160543,,0.6823965666729042,0.18421444822470878,0.06827498364656898,0.0651140014558181
VTM-000118,DG-14b376873e31,0,0,0.3262832899413202,,0.631785468434366,0.27594283908442685,0.0057165738659901415,0.08655511861521709
VTM-000142,DG-6f8fb1c77e4c,0,3,0.2799930925387274,,0.1337237606856667,0.10522818145051496,0.3391820560464569,0.42186600181736145
VTM-000221,DG-a4bd6daf961b,0,3,0.2989014029378739,,0.1604292647413724,0.18947702073521133,0.1149213028290254,0.5351724116943908
VTM-000252,DG-ed7133e0dd49,0,1,0.29734942157393307,,0.07181728935564795,0.4155677380167225,0.18571851282301183,0.32689645980461773
VTM-000281,DG-84fcc1d3f52a,0,1,0.3465149774674956,,0.025428023687814327,0.9696468079897588,0.0031848258413526174,0.0017403424810742399
VTM-000298,DG-92e88f8c1435,0,2,0.2641532904474559,,0.12840936769270833,0.22975816245495206,0.6225738983784357,0.019258571473903842
VTM-000326,DG-328ad092690f,0,0,0.29942451050458324,,0.4053138824595751,0.23411351090515867,0.24586658189213384,0.11470602474313234
VTM-000381,DG-32afcf6adb10,0,1,0.29747494750098136,,0.20007475629059168,0.6236912945913994,0.15821028943799043,0.018023659680018525
VTM-000383,DG-f0a06cb9e4f5,0,0,0.39970183002887455,,0.9931547764777056,0.0020479544479070832,0.00022348967742653493,0.004573779396960777
VTM-000401,DG-1b2524fd0729,0,1,0.30870122236867853,,0.23708766235024215,0.6973162835294314,0.05402909836728715,0.011566955753039244
VTM-000471,DG-cea97ec6d8bc,0,0,0.3160595145371389,,0.5462545935816709,0.1341705443329269,0.08608921745098078,0.23348564463442129
VTM-000476,DG-59d980326e53,0,0,0.348377024806061,,0.8100866895771989,0.13957932487260327,0.01824842888280776,0.032085556667390124
VTM-000502,DG-798518079cf8,0,0,0.3776992974599071,,0.93318571071931,0.022285516968392434,0.014502473256425268,0.030026299055872185
VTM-000526,DG-0e1dac20bf87,0,0,0.3223047556730765,,0.5511788482937369,0.2079588093199457,0.01303289882313298,0.22782944356318435
VTM-000553,DG-2a97609617c5,0,0,0.3159829739058587,,0.5524778039821655,0.3542705075466549,0.051884975485057945,0.04136671298612161
VTM-000611,DG-8aca82ee2d9a,0,0,0.3211109069736365,,0.5688072379620419,0.3879525856683165,0.010944677973347625,0.03229549839629389
VTM-000653,DG-43118d65bbc5,0,1,0.3131903051168073,,0.4289078123393034,0.547843986025672,0.013483117431749321,0.009765084203275225
VTM-000679,DG-1b90ed208216,0,3,0.308730166482291,,0.2540282718482558,0.09293682876165678,0.053603519368934774,0.5994313800211526
VTM-000693,DG-215e87cde7ce,0,1,0.31701065539671697,,0.14128445521762922,0.8140289458784757,0.011288182997581796,0.03339841590631324
VTM-000714,DG-d5b2d2d0f47d,0,0,0.3502980606605826,,0.8184155717728976,0.15796851252020883,0.01230505279179383,0.01131086291509983
VTM-000724,DG-71445ecdb56e,0,0,0.35997125439328703,,0.8608409925000937,0.04780654784424511,0.013241486928349096,0.07811097272731214
VTM-000730,DG-3a2fcad1ab5c,0,1,0.2987317660098223,,0.08085222986352153,0.6640666285862535,0.15241063108059638,0.10267051046962858
VTM-000740,DG-be20a789f2d6,0,0,0.30755722384893863,,0.49529984875335525,0.22185084475778133,0.15477124350288962,0.12807806298597385
VTM-000784,DG-dee47a6e3020,0,3,0.29451648453575136,,0.07750790881720754,0.06644597016403697,0.2119464745455397,0.6440996464732158
VTM-000787,DG-c6f678882da1,0,0,0.3480916223361919,,0.8306326176025972,0.04095879987513169,0.057914970014266286,0.07049361250800476
VTM-000789,DG-1c975bac96ef,0,0,0.326262732539248,,0.6408683814388936,0.24469397145971022,0.014831824466320304,0.09960582263507592
VTM-000793,DG-8e11b27e79d2,0,3,0.29274816179324853,,0.1416304283806829,0.10981235376904307,0.18604523611739088,0.5625119817328832
VTM-000820,DG-cb62257007e8,0,0,0.3929263701415262,,0.9644991147996217,0.00545194267279959,0.000772630101137256,0.02927631242644147
VTM-000829,DG-3a19371a5a2f,0,0,0.3709779643079506,,0.8830631959553283,0.022599195482210982,0.007498403008471999,0.08683920555398879
VTM-000878,DG-b4b902bcc281,0,3,0.3193279154928352,,0.13539434975605746,0.09318911735719795,0.030349678199059267,0.7410668546876853
VTM-000950,DG-52149f250b6b,0,0,0.3107861489143689,,0.44597455529380564,0.41241394491150607,0.04652941775912823,0.09508208203556001
VTM-000968,DG-4504ea2bbae4,0,0,0.31789306018119057,,0.5276951298955316,0.3710535664411102,0.004296112425152872,0.09695519123820528
VTM-000984,DG-20a1ed1c7f25,0,1,0.3309759535085157,,0.09998300186498268,0.8902761417111158,0.0014819882984374838,0.008258868125464077
VTM-000988,DG-9909953eb71a,0,0,0.36440731998782283,,0.8878270129229745,0.08926894741982482,0.0031679020666873564,0.019736137590513337
VTM-001009,DG-3a6609277b62,0,0,0.3748454812762327,,0.9143618921853955,0.08191955255068822,0.0012152934412653245,0.0025032618226508976
VTM-001017,DG-aa250e46435d,0,0,0.34891597264909474,,0.812917532045965,0.11439552499668121,0.024916784553649006,0.047770158403704834
VTM-001032,DG-e8a4e7f08a76,0,0,0.3675787658350334,,0.8649606781582023,0.042175470744309315,0.0010270154899568802,0.09183683560753136
VTM-001046,DG-02686e525e12,0,1,0.30021712195887373,,0.21331343069552972,0.525583479507538,0.09585626435201197,0.16524682544492028
VTM-001055,DG-cc8a31d9a8d1,0,1,0.31533440097133764,,0.4680835135767926,0.49801123025572686,0.006719216096525531,0.027186040070954962
VTM-001076,DG-5d50abc742d1,0,0,0.3506364476908129,,0.8084833351055796,0.14660658498898502,0.002848019978601377,0.042062059926833976
VTM-001150,DG-96f2335172fb,0,0,0.3542447427794593,,0.838409969770069,0.14063647489052375,0.011320928524196014,0.009632626815211274
VTM-001164,DG-a3b1959b14cb,0,1,0.30049247729336204,,0.30049247729336204,0.47874025362249323,0.1331638099461003,0.08760345913804445
VTM-001182,DG-f78cf8579796,0,0,0.2947380852768392,,0.41393534931676457,0.09120828727823095,0.36768264821542446,0.12717371518957993
VTM-001216,DG-a0b56d2c7eb4,0,3,0.38384041810622677,,0.002348985765161412,0.008754821630055035,0.020439468635184768,0.9684567239695987
VTM-001247,DG-fa5b00803530,0,0,0.3240512014674368,,0.6913537474462335,0.05729864194806998,0.1648348019802982,0.08651280862539842
VTM-001248,DG-54453e287950,0,1,0.30733734389625506,,0.30733734389625506,0.6480458837099516,0.02106833139128405,0.023548441002509343
VTM-001277,DG-9aa6cf537ad2,0,3,0.2968970453139013,,0.22137298752893003,0.1454374624977398,0.16111024523030928,0.47207930474302084
VTM-001283,DG-f241854c4277,0,1,0.3048189342293524,,0.2923828518308536,0.6116226246771861,0.05470452423246,0.04128999925950028
VTM-001312,DG-060ca0c5c72d,0,0,0.36136427616805783,,0.8847533198696316,0.06148296408837205,0.035270510120515054,0.018493205921481286
VTM-001342,DG-4329fd0fa254,0,1,0.30306524182342504,,0.31681843385580055,0.3188976136853223,0.12720303031895686,0.23708092213992024
VTM-001357,DG-7f4dc6574ffe,0,0,0.3526766942614684,,0.820150663517941,0.030261508785133562,0.031597181005973606,0.117990646690952
VTM-001382,DG-1509292b6cc8,0,1,0.2974519353843307,,0.25202943911950215,0.5613870579242692,0.14572229954391058,0.04086120341231804
VTM-001395,DG-537642b233cd,0,2,0.27516951261467437,,0.19422187662319698,0.18519743677696854,0.47358078332413656,0.14699990327569795
VTM-001419,DG-d98fb1bcefac,0,0,0.32850682667159964,,0.6874987413000458,0.23333475257129319,0.0398815645528564,0.03928494157580453
VTM-001471,DG-127eae5e258a,0,0,0.33102052491522904,,0.7280529250883065,0.050150722195655244,0.11444037212321993,0.10735598059281828
VTM-001509,DG-e325dc5be40a,0,1,0.2881720826307602,,0.21085782078225096,0.3552506328842904,0.29213050274359464,0.141761043589864
VTM-001607,DG-080fb8d0d108,0,1,0.3058556312060301,,0.38142000493003153,0.49490770705703246,0.08509204091640582,0.038580247096530136
VTM-001621,DG-101ac59f319a,0,0,0.3095025856642085,,0.47914851677651127,0.319836474085298,0.10008927042901895,0.10092573870917182
VTM-001632,DG-34e20a4b6942,0,2,0.2547783109114097,,0.03330661175537078,0.06423547794133062,0.877754336169047,0.02470357413425159
VTM-001671,DG-a5ee170f9ded,0,0,0.3255056260568472,,0.6766218807271036,0.15941882629037207,0.046085349669366185,0.11787394331315815
VTM-001706,DG-09c9971334d4,2,2,0.2656209095926078,,0.008250673135725948,0.04049820750826316,0.9446264634658412,0.0066246558901696066
VTM-001728,DG-df4c8a563a24,2,2,0.2665644202896494,,0.0573719816299573,0.14532319589946596,0.5428359255146389,0.25446889695593783
VTM-001740,DG-4b56e6a07cac,2,2,0.2578533339978808,,0.10700169986934696,0.14018182145070837,0.6359857293957091,0.11683074928423559
VTM-001767,DG-dc4471ec2abc,2,2,0.2555147257263683,,0.006478993093173397,0.18200607781376024,0.8082733340135957,0.003241595079470688
VTM-001818,DG-37314de86155,2,2,0.2522673802635422,,0.03025174818369495,0.1390149538751909,0.7762539298905728,0.05447936805054133
VTM-001873,DG-2fc4fa8ac5ba,2,2,0.2691839285726428,,0.015235915617100991,0.00831684878438554,0.9562281401412306,0.02021909545728281
VTM-001936,DG-eeae9d39a9dc,2,2,0.27880832193406324,,0.11268428366487693,0.3532558552788029,0.3996651454906459,0.13439471556567428
VTM-001949,DG-407a74f71db2,2,2,0.25478838942563664,,0.007731277132357257,0.19411028218333584,0.792308040610489,0.005850400073817976
VTM-001963,DG-b51f8446301b,2,1,0.27966085073985186,,0.04223186590610106,0.5471201388681701,0.369731054826086,0.040916940399642894
VTM-001966,DG-dd004fef834a,2,2,0.25633014078471766,,0.018185651581246777,0.020188923959446305,0.8681588473158388,0.09346657714346807
VTM-001998,DG-2c0e69601f5e,2,2,0.2571427768570075,,0.0022746709603293403,0.2359458847893957,0.7611315870854934,0.0006478571647815386
VTM-002028,DG-946770892149,2,2,0.2856010651675744,,0.2856010651675744,0.06459899926145332,0.384451027547124,0.2653489080238482
VTM-002044,DG-6975427a2b00,2,2,0.26183901696595496,,0.01048728828001736,0.36217204053626484,0.609834848959904,0.017505822223813815
VTM-002050,DG-b3c27b551590,2,2,0.25976840353037495,,0.018666422148094265,0.04037062446636669,0.9160120680807136,0.02495088530482542
VTM-002065,DG-da3cfad91132,2,2,0.2521955869192131,,0.04006820500146026,0.144450791039993,0.749601866435613,0.0658791375229336
VTM-002070,DG-4d2397e45b8d,2,2,0.2561889382659249,,0.1225324624749234,0.131843044026164,0.7021121772420367,0.043512316256875995
VTM-002098,DG-5f080264a9e9,2,0,0.31905022274361433,,0.5567826965600071,0.08801802461013261,0.07579682983831633,0.279402448991544
VTM-002111,DG-c547e96f8a5e,2,0,0.29923370975606006,,0.3573320128670348,0.26793447146265087,0.22275840884391915,0.15197510682639526
VTM-002137,DG-d17fb3fe6588,2,2,0.25328066230549345,,0.016607697127463163,0.0580792992636282,0.8393296793831722,0.08598332422573655
VTM-002205,DG-024f820c5d42,2,1,0.34891856842747654,,0.0028060696573955182,0.9899583298363903,0.004837400232159018,0.0023982002740551146
VTM-002208,DG-8a9eea001fb7,2,2,0.26621203082946004,,0.007714521186454483,0.012820494676022087,0.9273052466635251,0.052159737473998324
VTM-002209,DG-013a772a41b4,2,3,0.29465332971787833,,0.17302439266513558,0.2738088298378822,0.17718233769026553,0.37598443980671675
VTM-002212,DG-47fc26f33286,2,0,0.2930664838067837,,0.36939562003236265,0.23047174630327233,0.3276047218152182,0.07252791184914671
VTM-002265,DG-4d5ee2eb3642,2,2,0.25952930446638073,,0.020278687652676205,0.04912615294955468,0.904561191955412,0.02603396744235722
VTM-002322,DG-2c899b501f1d,2,2,0.2642133022201062,,0.011561154759464728,0.030828828700240837,0.9413528710411635,0.01625714549913098
VTM-002358,DG-c8215fda6914,2,1,0.31791857548097474,,0.026516359454816486,0.8820632156330082,0.07186041703317614,0.019560007878999176
VTM-002388,DG-7927329cc85d,2,1,0.2903240406887996,,0.09790498151913005,0.5866930425504586,0.2457257758628726,0.06967620006753879
VTM-002391,DG-ebc7edc66f19,2,1,0.29774502193573127,,0.018935657819766215,0.7459756315304455,0.22775446792586496,0.007334242723923238
VTM-002445,DG-83eb15527c67,2,2,0.27758636637480094,,0.0016530409671492658,0.019350288330665332,0.972831486052228,0.006165184649957428
VTM-002466,DG-7e0145e05115,2,2,0.26333114829869503,,0.0006264795748830317,0.11039647330024022,0.8870756916160567,0.0019013555088200748
VTM-002468,DG-4b5608916bb1,2,2,0.25471410811913553,,0.012085238891840006,0.14898036119830893,0.8206674753632996,0.01826692454655137
VTM-002508,DG-290ae7f2f62f,2,2,0.2614479655471762,,0.01111223434187801,0.047466031639861975,0.9241562407140163,0.017265493304243717
VTM-002530,DG-8b08316d8e8a,2,2,0.2593528646675583,,0.018735737871463005,0.062004597624755436,0.9053633257823617,0.0138963387214199
VTM-002581,DG-f47265c51350,2,2,0.2645046309572821,,0.004892042910378868,0.06043684190431315,0.9309559908418565,0.0037151243434514316
VTM-002588,DG-bf1e0b7b2b2d,2,2,0.272061924591489,,0.0024631870370918313,0.028580356955690504,0.964587297850108,0.004369158157109728
VTM-002596,DG-6357e7195437,2,2,0.25656616172363855,,0.010002477541432533,0.08343207369169531,0.8802807520302338,0.026284696736638417
VTM-002607,DG-8fe6033ae663,2,2,0.2804083545840883,,0.00207761839620568,0.008685300444904322,0.987909434549014,0.0013276466098759152
VTM-002682,DG-899b21bec40d,2,2,0.25739917513687927,,0.009334962854368682,0.27069300468694824,0.7151664963931645,0.004805536065518661
VTM-002717,DG-3e6877aaa98b,2,2,0.25200718307079134,,0.0357122458327231,0.03935625406908684,0.8530848616447956,0.07184663845339444
VTM-002718,DG-d20c64f46ebb,2,2,0.2799982501502919,,0.0013395563106662176,0.007672827881337621,0.9898346749441964,0.0011529408637996515
VTM-002721,DG-c37da979c6a0,2,3,0.29148194879437456,,0.13924698940550959,0.22864224158346397,0.22815898213644037,0.40395178687458605
VTM-002735,DG-8a8a435e8e4b,2,2,0.27711348744352854,,0.002467460766464959,0.009133566959495848,0.9854702457217406,0.0029287265522986773
VTM-002736,DG-7c1b30efe9b2,2,3,0.2951878607231185,,0.3218744286057158,0.09300695296816551,0.26168531303097303,0.32343330539514564
VTM-002749,DG-07647b295c72,2,2,0.26130705787279773,,0.008505667228773436,0.35035712362260873,0.631398324984174,0.009738884164443873
VTM-002750,DG-1b5a4a187e76,2,2,0.26920974260180813,,0.02655072264098197,0.40414816136783044,0.520286431974208,0.04901468401697958
VTM-002778,DG-06b16132942b,2,2,0.2703905719976838,,0.006045292592077106,0.013694675300403325,0.9502935501673537,0.02996648194016579
VTM-002841,DG-6c3015bf0dd0,2,2,0.2514151448540758,,0.05725826168965464,0.04079883959584807,0.8064869617796466,0.09545593693485066
VTM-002899,DG-9aa0f6f11f4d,2,0,0.3043328354074583,,0.4039682045080969,0.33074644060290803,0.14277775010661303,0.122507604782382
VTM-002914,DG-ecd4fac4287f,2,2,0.27813818960464004,,0.003055157175849718,0.005790058055222358,0.9881566538095259,0.002998130959402148
VTM-002934,DG-2ed01f8ef8d1,2,1,0.3124146601178676,,0.3745684912266915,0.49123557682079466,0.010809685573363911,0.1233862463791498
VTM-002948,DG-c8c2af62c64d,2,2,0.2542865159675902,,0.019706696418656588,0.08406510493965957,0.8574820666011427,0.03874613204054125
VTM-002980,DG-e16a6abaf9b2,2,2,0.26824931163040416,,0.001292102060915839,0.04759303832889107,0.9496097993468914,0.0015050602633017193
VTM-002992,DG-fc957ab58e9b,2,2,0.2895704876407411,,0.30579825414003786,0.26556712302056823,0.36251546486485814,0.06611915797453578
VTM-003021,DG-36932a249f8e,2,2,0.25200944198204656,,0.0467313373572769,0.12588560800860576,0.7789315436367752,0.04845151099734206
VTM-003034,DG-00b42aa15c42,2,2,0.26208446178656014,,0.023509563027176196,0.015908880052714493,0.937042360693978,0.023539196226131355
VTM-003040,DG-fea5d767b540,2,0,0.3118427204971392,,0.4681515874724382,0.19797142760877326,0.07912584475095802,0.25475114016783046
VTM-003152,DG-9c840e161e3d,2,2,0.2883053548468841,,0.0005857125614782338,0.008509099597336723,0.987326538119965,0.0035786497212201645
VTM-003177,DG-490ca7f8b15a,2,2,0.25172563601660947,,0.04636045241693843,0.13886219446830045,0.7739696614540438,0.04080769166071739
VTM-003192,DG-3d7227aa9b91,2,2,0.26091926724941,,0.020710364055724274,0.024414769196390792,0.9309910870783547,0.023883779669530255
VTM-003196,DG-00e1e7a9cabb,2,0,0.3127250886693981,,0.6089607045232817,0.061805431578564156,0.24875357158929112,0.08048029230886311
VTM-003227,DG-04c20cda0e71,2,2,0.2876186866198875,,0.19150185441926368,0.2783084766949099,0.2939620816214312,0.2362275872643952
VTM-003306,DG-1ee4428aac3b,2,3,0.29155470362618124,,0.15410074831801593,0.19469970359253724,0.2314669964932416,0.41973255159620526
VTM-003307,DG-38f00c502b7d,2,3,0.28059284207888086,,0.03909061831927182,0.044153451401871054,0.35467719774124573,0.5620787325376115
VTM-003311,DG-e85c640a9c96,2,2,0.27150989988775137,,0.023619450277412517,0.09632152186455122,0.4744065032666068,0.4056525245914294
VTM-003334,DG-a710b9a2298b,2,2,0.2837532483390904,,0.25364160498067306,0.1531179189467633,0.4234739361420957,0.16976653993046792
VTM-003335,DG-34dd699c74d9,2,2,0.2672206732541823,,0.004193025326019911,0.04439438121911671,0.9474270247344134,0.003985568720449998
VTM-003345,DG-9c58387a1341,2,1,0.2973594337475883,,0.3196912627630156,0.4047133323579318,0.21311949763263593,0.062475907246416676
VTM-003392,DG-adb8ff4a3305,2,2,0.2541017073621895,,0.01706571621661811,0.15098848053184366,0.8043308060248084,0.02761499722672976
VTM-003422,DG-5f94cd40772b,2,2,0.26035297379413697,,0.029751910560372852,0.0729361073291537,0.6416826051306329,0.2556293769798405
VTM-003469,DG-8e7d2619575d,2,2,0.27250693211513344,,0.00432072219983207,0.011035728222041533,0.9532519044438277,0.03139164513429877
VTM-003484,DG-ba79d4ae3e6f,2,2,0.2730072844862621,,0.013094307851948116,0.4337196648543675,0.5106699763047178,0.04251605098896659
VTM-003492,DG-badb6c58fb4c,2,2,0.25820372766193084,,0.09556060002746679,0.022768916196650498,0.6733329887617714,0.2083374950141112
VTM-003504,DG-441ba4d71a75,2,2,0.25470307117539603,,0.01844151396724044,0.08698389102261117,0.8721742130231726,0.022400381986975824
VTM-003550,DG-89773fbc8e7a,2,2,0.26958948244276304,,0.011182356697589286,0.0070265966334285435,0.9650210188889382,0.01677002778004391
VTM-003584,DG-28164c360700,2,2,0.2765088847078371,,0.0017249648066228964,0.021005193990348964,0.9742808156043687,0.002989025598659372
VTM-003587,DG-7e62e8adad39,2,2,0.25696190757566956,,0.04198927177282938,0.11529844434771638,0.6783311185523274,0.16438116532712682
VTM-003610,DG-d551c2a1ee4f,2,2,0.2682271837156365,,0.07296597693226262,0.27794738163537974,0.5245782242830378,0.1245084171493198
VTM-003667,DG-99dab9bc8ee8,2,2,0.25872409039018257,,0.006589639055749635,0.1417683114725576,0.8324945981374269,0.019147451334265847
VTM-003694,DG-1dc142df98e6,2,2,0.25794373210700267,,0.0031173387479122186,0.12274439592839159,0.8707523733717343,0.003385891951961939
VTM-003704,DG-3462001fa780,2,2,0.25562514126563146,,0.011661164608395847,0.23445552851503582,0.7457694650026796,0.008113841873888769
VTM-003714,DG-10893e86d676,2,2,0.26064094019211587,,0.0043495091586527234,0.097497583105074,0.8319886531299354,0.06616425460633787
VTM-003774,DG-d1bfbb45f49d,2,2,0.2548776029867868,,0.020598603140698384,0.1326565424850594,0.7888632660914279,0.05788158828281416
VTM-003781,DG-a453b1efc70f,2,2,0.2810529725028995,,0.0009668208119105071,0.018040430798992813,0.9784278178250392,0.0025649305640575767
VTM-003795,DG-9447598af4cc,2,2,0.2617259029038857,,0.008767081813380921,0.0843868393994027,0.8934553453827359,0.013390733404480527
VTM-003817,DG-bdbd224e45a1,2,1,0.2937318349729064,,0.09462180894111247,0.6647204264657461,0.21832326911185343,0.022334495481287915
VTM-003825,DG-b2fbba78e76c,2,2,0.26439461225755695,,0.0018089795996344368,0.07444733258455752,0.9228941302541853,0.0008495575616228252
VTM-003875,DG-b9ac843632dd,2,2,0.2534928965868134,,0.019583827254601283,0.12868847309884834,0.8300634928239887,0.021664206822561587
VTM-003884,DG-9a0ced165273,2,2,0.2678308468737904,,0.002326249114298751,0.05076453607766654,0.9449813260947026,0.001927888713332012
VTM-003928,DG-7baf62e4bd78,2,2,0.2525915627588678,,0.028020874443529895,0.09726803152476253,0.8436367949680479,0.03107429906365975
VTM-003963,DG-4838f0e63554,2,2,0.26066893994835383,,0.005457481646945781,0.07797012711537452,0.9093011541469465,0.00727123709073333
VTM-003989,DG-2da0a4904941,2,2,0.26930296798974307,,0.10250364465410172,0.09074336418586469,0.4741234638061307,0.33262952735390283
VTM-003990,DG-067e404da2ae,2,2,0.2925169707003742,,0.25207331757191803,0.27035135342056454,0.2827172487241321,0.19485808028338522
VTM-004004,DG-f8ce8cd92306,2,1,0.2994920958608307,,0.03041495514860868,0.6744639146753828,0.1886357100535776,0.10648542012243092
VTM-004017,DG-bb59d8a61e69,2,2,0.2802734942781135,,0.0007104323515731726,0.016948652818842454,0.9815392431223988,0.000801671707185574
VTM-004057,DG-a2f9f7b4b664,2,2,0.25535019191342845,,0.010770724690151702,0.2329735909345782,0.7491070635687285,0.007148620806541579
VTM-004097,DG-aa684bb9f534,2,2,0.2744029404589728,,0.0009890236002679264,0.03909204760681233,0.9565335204351146,0.003385408357805225
VTM-004103,DG-e2ced24584b8,2,2,0.260022374392531,,0.0032116044641515244,0.13687819297418963,0.835838389024572,0.02407181353708683
VTM-004139,DG-fededd0ce8aa,3,3,0.28534283497880264,,0.1876723853379586,0.12562491375845247,0.3143099392135762,0.3723927616900127
VTM-004194,DG-3be83e28c412,3,3,0.370438564227539,,0.011627281971720376,0.05228768743055078,0.004752045357148808,0.9313329852405801
VTM-004213,DG-8ecbbdd1dd86,3,0,0.3665630749914729,,0.8803126441374558,0.060268073200798356,0.007882183823615836,0.051537098838129965
VTM-004261,DG-ebf4b2913dc1,3,0,0.3653274558557008,,0.8801944432858908,0.06101679580532751,0.01416085042450395,0.0446279104842777
VTM-004268,DG-65aea3032445,3,1,0.2936700966100561,,0.007691636555416766,0.4519077217014873,0.3208311140960688,0.2195695276470271
VTM-004304,DG-03519b037d6a,3,3,0.2839074174901304,,0.023447627231244078,0.043418879690283366,0.3288044992860592,0.6043289937924133
VTM-004329,DG-f4f4ec97614c,3,2,0.26383134937547886,,0.05693984013918752,0.038755955824775125,0.5108567464272848,0.39344745760875255
VTM-004380,DG-bfacba130f10,3,3,0.3141369750861002,,0.1902801905605482,0.10089745022137636,0.022359076143857255,0.6864632830742182
VTM-004383,DG-a154ff2570aa,3,3,0.3165529903139801,,0.048908659308229054,0.09806475373206877,0.08650958774973702,0.7665169992099652
VTM-004410,DG-8595231a9602,3,3,0.3879440101242832,,0.004381525723398994,0.007449278136631467,0.008563001604808402,0.9796061945351611
VTM-004429,DG-2b0e9254349c,3,3,0.40322479237502656,,0.0009388771167892818,0.007773743447023068,0.0031868059685797425,0.9881005734676078
VTM-004443,DG-f81a10ce8a95,3,0,0.33877404561829005,,0.7608743427951399,0.054513997480016035,0.09479848436500718,0.0898131753598369
VTM-004465,DG-b25c7d12c261,3,3,0.3267859731347155,,0.21773936432368357,0.02445512129457102,0.025917769997810005,0.7318877443839354
VTM-004536,DG-cd5ac65925db,3,1,0.296860153358828,,0.020164541552802406,0.3679586756395381,0.2810324878939446,0.33084429491371486
VTM-004539,DG-2df5601df0a0,3,3,0.33802078035427546,,0.020353223034121706,0.039081198944055706,0.09077701172802895,0.8497885662937936
VTM-004551,DG-790ba3916d97,3,3,0.27745082960688516,,0.030610543223660643,0.021302146500671845,0.3797399477889602,0.5683473624867073
VTM-004571,DG-e11f0c422035,3,3,0.3423521200920206,,0.007825711646193566,0.001315709340087879,0.11130748859958053,0.879551090414138
VTM-004590,DG-82a5d3fbebab,3,3,0.3276334214731424,,0.08559524785621977,0.08137082250219108,0.003855277736670528,0.8291786519049186
VTM-004619,DG-7124eccb0fa9,3,0,0.3636909129600056,,0.7973948766048822,0.007126361609162112,0.0010478001395089536,0.19443096164644674
VTM-004642,DG-78b46abc4f6e,3,3,0.3329685661228708,,0.11106812243580025,0.010138329210660435,0.049276463554226387,0.829517084799313
VTM-004644,DG-3e4a9e2df8b3,3,0,0.38575386925904,,0.9459229585287883,0.021007706359676137,0.003201892111245101,0.029867443000290556
VTM-004710,DG-5de1646fc38c,3,1,0.3033655136770824,,0.1364433572264484,0.6098862840704311,0.06797787877589141,0.18569247992722898
VTM-004712,DG-d59d955b7917,3,1,0.3046861936686197,,0.23589417853912412,0.442863447160296,0.04352881985375144,0.27771355444682844
VTM-004723,DG-b28200684618,3,3,0.36218519884103423,,0.032246417561137566,0.01794440901795367,0.03394801972435531,0.9158611536965534
VTM-004725,DG-db918e7bf2a1,3,3,0.3807700381938357,,0.013567969013068372,0.0014466810231633111,0.003294487774244046,0.9816908621895242
VTM-004731,DG-2744cabbd30d,3,3,0.36592121907508574,,0.024918367257960927,0.06076827909439,0.00758010435632671,0.9067332492913225
VTM-004752,DG-c05dfd1427d0,3,0,0.36419268043658687,,0.8845979995383259,0.06538514446088617,0.011509991981147084,0.0385068640196409
VTM-004770,DG-6ac201f1fceb,3,0,0.30700173014080706,,0.5385630637082536,0.1435794102500001,0.2219065438384328,0.09595098220331343
VTM-004830,DG-62a3af97b3a6,3,3,0.3124592374437695,,0.08324014656247004,0.03473256403569788,0.11284496989063789,0.7691823195111942
VTM-004869,DG-4f7f500cdd02,3,3,0.3822003619697073,,0.009430165179468139,0.0018020542259831371,0.0062710149556794,0.9824967656388692
VTM-004880,DG-6ce5b842832c,3,3,0.376292529508923,,0.010991247126358397,0.004641711520384717,0.01333545782233441,0.9710315835309224
VTM-004897,DG-2c16ff8f2499,3,3,0.31909986789717176,,0.1015910476232827,0.02757727538800136,0.08214102279506127,0.7886906541936547
VTM-004907,DG-78b3d3ddbae7,3,1,0.2989505384970768,,0.12659490085128433,0.5968221487233298,0.11782595354580011,0.15875699687958567
VTM-004908,DG-8549029ec9c5,3,1,0.30169112280333926,,0.2264808427441843,0.4342189617239944,0.07837604658023115,0.2609241489515901
VTM-004969,DG-0552f6f86183,3,3,0.3593053630378988,,0.10948164542297203,0.006706619058004792,0.00427743007165927,0.8795343054473639
VTM-005037,DG-254019202fdb,3,3,0.3455966013400283,,0.014880066477620144,0.12908841076742952,0.025906641329128507,0.8301248814258219
VTM-005055,DG-9e10fc231ca0,3,3,0.3216200877361691,,0.3789932328314043,0.02550367930902463,0.02166214893956317,0.5738409389200079
VTM-005061,DG-5ea940153c87,3,3,0.32797876821693256,,0.15014423122911152,0.045928433443703585,0.02808513364842717,0.7758422016787577
VTM-005067,DG-b4d0b6499ae1,3,1,0.3040772556780231,,0.31446256068727313,0.36123305314655024,0.09236738808771391,0.23193699807846277
VTM-005101,DG-90d1f8ac69ec,3,3,0.37639574476481397,,0.014700108174160426,0.01158750962464445,0.014181989221886454,0.9595303929793086
VTM-005110,DG-86ac20a333a4,3,3,0.3075135542684771,,0.3105798161032952,0.2760896076763493,0.037790246448231826,0.3755403297721236
VTM-005144,DG-b447ded5a7f9,3,3,0.3386976663833006,,0.07086142008769832,0.10290767840019664,0.006938530125655049,0.8192923713864501
VTM-005172,DG-e25575bbef0a,3,0,0.3295374414900812,,0.6827471084900254,0.15615627330319476,0.03197332622491752,0.12912329198186223
VTM-005175,DG-bd581c571442,3,1,0.30518194993490877,,0.10996333133849959,0.6477279786500196,0.060053349801652146,0.18225534020982864
VTM-005211,DG-1387f1c5cef6,3,3,0.3759395934657225,,0.008479470168093528,0.009252508171563235,0.024726616974740205,0.957541404685603
VTM-005229,DG-97123b8e5595,3,3,0.3086671513942651,,0.34609746385334494,0.2482613069001584,0.04637255547970841,0.3592686737667883
VTM-005281,DG-31cf2bbd23f5,3,3,0.27902232101157814,,0.0879798024479832,0.061120028461322154,0.3328352042648118,0.5180649648258827
VTM-005330,DG-f6d3862025a9,1,2,0.2853178434167758,,0.20617564786209036,0.15176931539353294,0.3432124281577552,0.29884260858662154
VTM-005414,DG-d053a42b81b9,1,1,0.33018449969824015,,0.007332657928449827,0.9399982234135674,0.047509236203327906,0.00515988245465491
VTM-005519,DG-bb2273a44b63,1,1,0.33616292419564253,,0.013797932134413896,0.9589168750996662,0.02523865431024013,0.0020465384556797705
VTM-005533,DG-12c55890ddbd,1,1,0.31075998343723094,,0.3105503715557112,0.6738354758419762,0.003822870637388404,0.01179128196492412
VTM-005569,DG-d331eac9870d,1,1,0.29818748436335907,,0.29818748436335907,0.48402052556813663,0.16852927097430712,0.04926271909419724
VTM-005583,DG-312837bb557b,1,1,0.30692977885253153,,0.13405142846245727,0.756172631513989,0.03160600607684716,0.07816993394670647
VTM-005618,DG-2e359b7e1db7,1,0,0.30596077891905565,,0.42466237153757724,0.22472649722238108,0.14800274983878292,0.20260838140125875
VTM-005622,DG-7de80ecb7118,1,1,0.3465859510413087,,0.005131403857229902,0.9870523919336919,0.004496718128057047,0.0033194860810211438
VTM-005645,DG-42e3c86f9ebb,1,1,0.34171754038762103,,0.004284045989708552,0.9798979451132135,0.014071419431436478,0.0017465894656415039
VTM-005688,DG-4b0f92196d21,1,1,0.32310843073647116,,0.028804625718223488,0.8767121249843888,0.028327716462875182,0.0661555328345125
VTM-005736,DG-5f4656c0dfee,1,1,0.29351836666772324,,0.006411095516731066,0.7070742326455834,0.27937762531056565,0.007137046527119861
VTM-005754,DG-e4a92d901d9c,1,1,0.33308906959306167,,0.029036325176284607,0.9360119871378725,0.004388757317115831,0.03056293036872708
VTM-005768,DG-309bcd1b5c9e,1,2,0.2585521390435153,,0.03326987119519052,0.06098241856026454,0.8846186379012643,0.021129072343280667
VTM-005793,DG-a5253d85d0bc,1,1,0.3342141102371503,,0.010849353186532327,0.9455001820718174,0.025091017443619853,0.018559447298030378
VTM-005797,DG-7ee1f605e2f4,1,1,0.2938539960870819,,0.11701214504578927,0.5735858788429267,0.18423654420824992,0.1251654319030342
VTM-005834,DG-2a54a445b613,1,1,0.32807623577646183,,0.0229955058153496,0.9195659236761453,0.042268839118343164,0.015169731390161869
VTM-005845,DG-bd8af52d1134,1,1,0.3440071918764478,,0.0014672120756811715,0.9838795840900223,0.014259487510326492,0.0003937163239700939
VTM-005865,DG-265b58a54a61,1,1,0.3431151756815629,,0.027731011890029456,0.9675004044096123,0.0031199998378589264,0.0016485838624993587
VTM-005875,DG-5d3983d4a819,1,1,0.30642089920277144,,0.30642089920277144,0.37175890226084235,0.044978376854959576,0.2768418216814266
VTM-005889,DG-96752d8bab5e,1,2,0.2645570310270648,,0.04268210223179089,0.21094444189265976,0.5715139804877024,0.1748594753878469
VTM-005894,DG-c3c008ed6d1a,1,1,0.2753778903425497,,0.0358793903882475,0.47825370289829733,0.4429016913071846,0.042965215406270546
VTM-005910,DG-8c72ea78dd48,1,1,0.34253246957112043,,0.005271709169853334,0.9781095205219895,0.011859113718422592,0.004759656589734563
VTM-005911,DG-a8c6e39bedf3,1,1,0.30745170767523655,,0.11038349653861529,0.4993449649699055,0.009964351902742155,0.3803071865887372
VTM-005923,DG-ab1238a20f5e,1,3,0.30946211685634933,,0.27403497083268463,0.15932621355166293,0.01984642732337792,0.5467923882922745
VTM-005930,DG-46bea66675d6,1,1,0.3043744923640675,,0.2862897555295467,0.5174710912698153,0.03391565776655946,0.16232349543407848
VTM-005963,DG-84a0a194dc30,1,1,0.2985539871807524,,0.12601178180930117,0.6963579602262226,0.14865714328370622,0.028973114680769987
VTM-005995,DG-b092d388e7e4,1,3,0.2993091669883821,,0.28435426178320355,0.05631485264455738,0.19136431857463218,0.46796656699760686
VTM-006027,DG-39ce6d397743,1,1,0.3120327803119187,,0.19485954658373958,0.7685544862465313,0.00828663704039389,0.028299330129335117
VTM-006046,DG-2a7fde7bf924,1,2,0.26914031982051734,,0.0028986395688124457,0.4556520896598558,0.5392741394796661,0.0021751312916656667
VTM-006051,DG-601f95d04581,1,1,0.2914474051502972,,0.013984284081422032,0.6674847326671463,0.2919736874561561,0.02655729579527558
VTM-006097,DG-f2e4d3c510f0,1,1,0.2943307339179255,,0.20059763091567787,0.33561608057606784,0.21484744298923106,0.24893884551902323
VTM-006109,DG-c0166bf88dab,1,1,0.3201450948462034,,0.03036795422005567,0.8764524224380669,0.05309802542354555,0.04008159791833193
VTM-006137,DG-dd4a829df941,1,0,0.39617594689479263,,0.9778749889878154,0.013112100782749717,0.0008445058977503926,0.008168404331684427
VTM-006165,DG-7dec16db5cba,1,1,0.3332259948736583,,0.035437633768055365,0.932998849225855,0.020494702262747473,0.011068814743342203
VTM-006177,DG-c73319b31e52,1,1,0.33850548867514857,,0.007464130269729677,0.9537352216402225,0.02045960139863056,0.01834104669141724
VTM-006194,DG-0c7ea643bdd7,1,1,0.34472649919194837,,0.0033854465585791372,0.9842106016369971,0.009197948133175923,0.003206003671247718
VTM-006245,DG-028e13aa74bd,1,1,0.33760498981890347,,0.0031488146221000926,0.9643324865888834,0.030674213727835083,0.00184448506118153
VTM-006256,DG-2d4ccef1110f,1,1,0.2976454147646369,,0.12371041604044195,0.6214230954532861,0.15045387848487587,0.10441261002139612
VTM-006261,DG-5447bd9f4019,1,1,0.3027473516280064,,0.2011687232562912,0.41616145113074127,0.0877170034953104,0.29495282211765705
VTM-006271,DG-af9b715bbab3,1,1,0.28088250308465484,,0.05354742913001319,0.5023989501110023,0.3598298434005537,0.08422377735843085
VTM-006317,DG-3f80c4ea4257,1,1,0.2888040415102246,,0.08655468930143759,0.6147390154919186,0.2611727398415619,0.03753355536508188
VTM-006318,DG-e2e846a4eaf2,1,1,0.27773578055642606,,0.07374650068433286,0.48925164008062233,0.40251121038534,0.03449064884970481
VTM-006332,DG-9405e3d7cf41,1,1,0.30710355252637606,,0.05022948691576516,0.8122731286317817,0.11315013025325771,0.024347254199195433
VTM-006434,DG-69a95924ce20,1,2,0.2557246823497463,,0.019810315103638086,0.10553902712518803,0.857627386911725,0.01702327085944888
VTM-006447,DG-dd8018eb38c7,1,1,0.3024387706947176,,0.050907682847717566,0.7688335062271889,0.15639919605851413,0.023859614866579403
VTM-006491,DG-f5501b5261fe,1,1,0.3346874018751306,,0.034543973875167895,0.9412678102838072,0.016685662518255564,0.007502553322769436
VTM-006512,DG-893640c33530,1,1,0.3240610925029361,,0.0038190861808122907,0.8845727722120651,0.10318036893167093,0.008427772675451754
VTM-006537,DG-595ca7af18ac,1,2,0.2585510389286282,,0.0008013524840976675,0.3009766539169225,0.6969249558814858,0.0012970377174940243
VTM-006539,DG-c00b5cc39d02,1,2,0.26179716649604845,,0.0015028546963317118,0.370682312777043,0.625836930254376,0.0019779022722492337
VTM-006565,DG-76bdada12601,1,1,0.34639283287396677,,0.006189446864298071,0.9837483620081546,0.008798280721637764,0.0012639104059095018
VTM-006583,DG-27f071b46645,1,0,0.3212859666316173,,0.5622101762212375,0.41521489439632586,0.00886028348431215,0.013714645898124498
VTM-006637,DG-1d8ffe350acf,1,3,0.2910545646523173,,0.18695460496844657,0.1496839559491971,0.252238479321545,0.41112295976081137
VTM-006660,DG-a4e5f29727db,1,0,0.35862793308058083,,0.8531402210598991,0.0617077309346916,0.01111575226349877,0.07403629574191059
VTM-006693,DG-f391de15836c,1,0,0.3068869626218145,,0.4105360291337603,0.30372285780920066,0.11652307107646447,0.16921804198057447
VTM-006705,DG-334327407d16,1,0,0.3097869548846146,,0.4421886101484688,0.2854296414428056,0.046281738001144886,0.2261000104075808
VTM-006714,DG-fc602967d82d,1,1,0.325331150872557,,0.15553383922171038,0.8172991265918068,0.01791258782385749,0.00925444636262527
VTM-006725,DG-83daee72ea6f,1,0,0.31565864405740857,,0.5724875748622508,0.315651845824051,0.07763333410750843,0.03422724520618978
VTM-006794,DG-a7c729a56102,1,0,0.3044357140086841,,0.4248823426525243,0.37143608798793776,0.1519903332863308,0.0516912360732071
VTM-006804,DG-ffa9af1548d4,1,1,0.3272279650461722,,0.03915438199354989,0.9069474363856976,0.01772554597079764,0.036172635649954786
VTM-006824,DG-af9d2e2ef619,1,1,0.33984924917311055,,0.002551987339180639,0.9255814239977999,0.04997707666783903,0.021889511995180536
VTM-006829,DG-2a1d805075bd,1,1,0.34839377733780064,,0.0067245630122614985,0.9544677284587654,0.007513946169585942,0.03129376235938719
VTM-006883,DG-601c7764236b,1,2,0.26146000208287024,,0.010822541736728242,0.36152584216875716,0.6158113241911276,0.011840291903387057
VTM-006936,DG-f6d03d16a81e,1,1,0.3149237470005485,,0.12217174317346817,0.7973831538505374,0.019797829156360195,0.060647273819634265
VTM-006943,DG-ec734403d442,1,1,0.3026203659005158,,0.3026203659005158,0.42872457335344266,0.1215299320541188,0.14712512869192268
VTM-007009,DG-39d7b0912ce5,1,1,0.32796200205910475,,0.008364631535265496,0.8530153488006764,0.03801538545068779,0.10060463421337029
VTM-007043,DG-7f60aba9a6ae,1,1,0.3231303011186814,,0.05576294323657042,0.8706612624556997,0.007851988916706883,0.06572380539102302
VTM-007076,DG-f79fe0f52c94,1,2,0.2669138604321689,,0.02707180315426177,0.35805812909402773,0.5563591776018817,0.05851089014982889
VTM-007083,DG-7184dc0ff98c,1,1,0.32836575051143946,,0.01935857544706434,0.9279087799915863,0.0420432159497797,0.010689428611569617
VTM-007113,DG-19b2c7b5ce4e,1,1,0.30169480738653537,,0.17443462885014688,0.6403330290758581,0.08620467766069612,0.09902766441329881
VTM-007117,DG-2a28894a69c2,1,1,0.35099783999833856,,0.003426726664131417,0.9906125210938582,0.0030809060943086434,0.0028798461477016583
VTM-007146,DG-93e1adefaa54,1,0,0.30908399149395666,,0.503353536662815,0.29317901249589157,0.13077014861179706,0.07269730222949625
VTM-007175,DG-22cde3cc3600,1,1,0.3347651394501151,,0.01775313402036358,0.9284055265027467,0.010180947664456003,0.043660391812433766
VTM-007214,DG-a2492682f54e,1,0,0.3429669457600718,,0.7645492988405518,0.20949713662262603,0.006892846422343032,0.019060718114479226
VTM-007246,DG-373878db0c3f,1,2,0.2859971928207998,,0.18830386701358162,0.2167085911764129,0.34025642990867017,0.25473111190133524
VTM-007293,DG-dd47f65657ec,1,0,0.3378408366320412,,0.7476440928813597,0.13080736827350184,0.03053262048542349,0.09101591835971495
VTM-007304,DG-f070b42c1dd7,1,1,0.2982629893490957,,0.2756813046395643,0.5372703365739644,0.15659175128972894,0.03045660749674236
VTM-007305,DG-59fd9a04a5bb,1,1,0.30391889770840197,,0.338819878962037,0.39664638070211067,0.10560081422488561,0.15893292611096677
VTM-007306,DG-aec8d4a9d063,1,1,0.30625112855729614,,0.07377419561441986,0.786991058480059,0.11774022092038133,0.02149452498513984
VTM-007363,DG-334a894001d0,1,1,0.3524938185791471,,0.0009292184907124169,0.9971486657738431,0.0011546951786924986,0.0007674205567519696
VTM-007368,DG-596feded19b8,1,1,0.2867322711046778,,0.12073873853118898,0.5288053781557582,0.2627256727912418,0.08773021052181099
VTM-007418,DG-f4d7d037a256,1,1,0.32476049445291244,,0.009499661585282135,0.8926160727645467,0.0820889574443466,0.015795308205824636
VTM-007451,DG-4b3bcaba91d2,1,1,0.3040955131166994,,0.08976835581216039,0.603749095320498,0.048721224115493546,0.2577613247518481
VTM-007475,DG-2a816dbc2852,1,1,0.3001443236234095,,0.04315062807705185,0.7344377944772522,0.1686728172610209,0.053738760184674966
VTM-007477,DG-23ba772e5c5f,1,1,0.3206918899058739,,0.1318498640620563,0.829114342698417,0.014155538865126157,0.02488025437440059
VTM-007499,DG-4371018f907d,1,1,0.31742521890218955,,0.01723163020080523,0.8648958874790719,0.09500312665074043,0.02286935566938244
VTM-007530,DG-5cdcce28f20a,1,1,0.35001398223578273,,0.0026527578310444706,0.9880913594871557,0.0071127620128569324,0.002143120668942936
VTM-007556,DG-daac523b226e,1,1,0.30928391771051505,,0.17999138721513835,0.7408533826301089,0.016771080203168674,0.06238414995158399
VTM-007563,DG-38da1b311950,1,1,0.3238496228840577,,0.006034082476498207,0.8848033149154899,0.09253590318858339,0.016626699419428563
VTM-007588,DG-6fbe36d4f648,1,1,0.31253202530106156,,0.27792086841684116,0.6838328195577787,0.00644889395567904,0.031797418069700954
VTM-007637,DG-f6393442f9b2,1,1,0.35626540439100135,,0.0002545606944571071,0.9934507087659437,0.005752334187469507,0.0005423963521297913
VTM-007724,DG-d3662a365ef5,1,3,0.3081782884730949,,0.3081782884730949,0.04515342641202826,0.09044420769130887,0.556224077423568
VTM-007780,DG-7dbfd0834471,1,1,0.33949451838429534,,0.018888535203757096,0.9597331820357958,0.012338022205368736,0.00904026055507829
VTM-007807,DG-ccb009827c69,1,3,0.33140733385833343,,0.07244728878282718,0.034414048050247836,0.052672141597705356,0.8404665215692197
VTM-007833,DG-b6f4751d4e1b,1,0,0.3330267556522335,,0.6841405468959287,0.2967922919579805,0.007067700219333098,0.011999460926757643
VTM-007837,DG-b7e19b7ae55a,1,0,0.3233790516516802,,0.6107269695523084,0.3469411553182187,0.02369590131876326,0.018635973810709607
VTM-007846,DG-3f41bbd63637,1,1,0.3472166862141912,,0.001843573571995996,0.9833427477932135,0.011975193999693538,0.002838484635096945
VTM-007864,DG-505e1ebc97c2,1,1,0.33279398886048706,,0.025136820541939768,0.9112529594792345,0.010454635832428602,0.053155584146397074
VTM-007883,DG-71881dcb8e83,1,1,0.31698850546126917,,0.08918607016351554,0.8043441568873892,0.003659635459871096,0.10281013748922409
VTM-007884,DG-4fc1852d5c10,1,3,0.3018685214723882,,0.21629665576558116,0.20870594794884603,0.0816721318196776,0.4933252644658952
VTM-007892,DG-08fea9933438,1,0,0.34642037788203345,,0.7715641625244093,0.06302965244758515,0.022544044979452588,0.14286214004855294
VTM-007917,DG-14ec324c7a4e,1,1,0.32224316719366125,,0.06443295573346167,0.873069740561033,0.04395403150133785,0.018543272204167516
VTM-007923,DG-b28bc96837ee,1,2,0.2764792977897438,,0.12408408614641148,0.29277387854126596,0.43782304265987904,0.14531899265244358
VTM-007930,DG-2b72251d88f8,1,1,0.3092886076020293,,0.03974126193048065,0.80258610246171,0.09332353172739005,0.06434910388041927
VTM-007945,DG-03c0a8989100,1,2,0.26576247964070976,,0.057847960729745004,0.3394445741386355,0.5520408291241841,0.050666636007435414
VTM-007993,DG-92537f835a14,1,0,0.2905728112271976,,0.3686617855506311,0.18526884427493862,0.3637208095308978,0.08234856064353252
VTM-008033,DG-2792994947c6,1,1,0.3506461045809555,,0.0033314003774262664,0.9913541887353192,0.0024073038744729823,0.0029071070127816186
VTM-008080,DG-b896793f1f25,1,1,0.31308542454230837,,0.18355061701920172,0.7616582925141073,0.020288741850154286,0.03450234861653669
VTM-008085,DG-755ffa8befb1,1,1,0.3359650474194113,,0.0025293930814211957,0.9506311879878269,0.04459247319374172,0.002246945737010185
VTM-008088,DG-b11339615a59,1,3,0.3901326947153852,,0.0016736207670127008,0.0318253044884122,0.009807500429878917,0.9566935743146963
VTM-008094,DG-c1bace1c897f,1,1,0.32809689508345374,,0.02838925806840165,0.9041478953078149,0.01464924373548916,0.052813602888294287
VTM-008112,DG-3b64eee940e6,1,2,0.26131995932648705,,0.004909698701082962,0.3342417707144331,0.645059199847283,0.015789330737201006
VTM-008127,DG-5b2d2bc5deb3,1,1,0.3442561193895891,,0.004784426465743029,0.9736406201766865,0.016110863104697885,0.005464090252872535
VTM-008142,DG-871920f3d222,1,0,0.31943743745270115,,0.6103210206211508,0.2535852338143383,0.05934771968251721,0.07674602588199363
VTM-008185,DG-3288a13bdef9,1,0,0.3222338533901422,,0.6188651180436204,0.1475559974821552,0.06250715172716334,0.17107173274706103
VTM-008201,DG-8f056936797a,1,1,0.29067066970037475,,0.11324771237589275,0.5779812841699364,0.23112132288700388,0.07764968056716695
VTM-008235,DG-90c6c9ca2797,1,3,0.32005043870961464,,0.027074061385232738,0.27226176340843206,0.057612285449200405,0.6430518897571348
VTM-008276,DG-47f14ce473fa,1,1,0.2759844592282126,,0.023385443415873494,0.5337976956789416,0.4226780187273484,0.020138842177836555
VTM-008317,DG-3ad8475704ce,1,1,0.3424717161693108,,0.0010001617923176783,0.9640149519570949,0.03147508031655511,0.0035098059340323553
VTM-008320,DG-787325895365,1,1,0.3060500483863458,,0.003491534840225224,0.8193205322112013,0.17465285984968656,0.0025350730988869543
VTM-008323,DG-c0ede3d4e248,1,2,0.26325611318598624,,0.011892812804181564,0.39070439335432405,0.5882889363734961,0.009113857467998223
VTM-008347,DG-6455fda523c2,1,1,0.2756800239169794,,0.03642467766091803,0.49120319346091323,0.46773124965651375,0.004640879221655012
VTM-008379,DG-d6d91b3b592b,1,1,0.30819699479654045,,0.23316783152365936,0.7189898576256928,0.03557165151626683,0.012270659334381042
VTM-008390,DG-7ceeb0464230,1,2,0.2616611756054384,,0.001724809366928985,0.10966671027604763,0.8877381797503895,0.0008703006066338489
VTM-008429,DG-314d212adcd6,1,2,0.26009764205152364,,0.006485636643153082,0.26991349142354076,0.6909234752426167,0.03267739669068951
VTM-008430,DG-80f6a340dbe8,1,1,0.2937703004407812,,0.05986181774728378,0.5645319229120408,0.20183541030401486,0.17377084903666057
VTM-008458,DG-e3f31ddd4567,1,1,0.27541172177636164,,0.015239983180557321,0.5310692139187801,0.44604455607099747,0.007646246829665013
VTM-008513,DG-549be0b52c87,1,1,0.27976158917492744,,0.04103292324399067,0.5660635760623356,0.3837018237465656,0.009201676947108207
VTM-008534,DG-aaff4f2a5ff6,1,1,0.2926599156673828,,0.06013286277223795,0.678898247201128,0.24780052844257255,0.013168361584061577
VTM-008543,DG-c6d167ed06ef,1,2,0.25844279653434205,,0.01444915675895127,0.03915622723927574,0.9173319951450021,0.02906262085677095
VTM-008576,DG-ab154a0192dc,1,1,0.2967472276337025,,0.29823455249945374,0.4138408811506607,0.21390403982434295,0.07402052652554268
