configuration,metric,mean,sample_std,seed_20260727,seed_20260728,seed_20260729
rsg_complete,accuracy,0.7645379023883697,0.009799888934671264,0.7554517133956387,0.7632398753894081,0.7749221183800623
rsg_complete,macro_f1,0.747550888495354,0.008964133121553699,0.7397426910189491,0.7455702848835618,0.7573396895835512
rsg_complete,target_recall,0.7290836653386454,0.013801201653935264,0.7211155378486056,0.7211155378486056,0.7450199203187251
rsg_complete,target_miss_rate,0.27091633466135456,0.013801201653935264,0.2788844621513944,0.2788844621513944,0.2549800796812749
rsg_complete,ti_to_target_intrusion_rate,0.08418194161575017,0.01542133970346307,0.10183299389002037,0.07739307535641547,0.07331975560081466
rsg_complete,metallic_to_target_intrusion_rate,0.11174242424242424,0.00867912063438606,0.11931818181818182,0.11363636363636363,0.10227272727272728
rsg_complete,direct_accuracy,0.7596053997923157,0.013316011010625307,0.7507788161993769,0.7531152647975078,0.7749221183800623
rsg_complete,mapped_accuracy,0.7663551401869159,0.011759866721605502,0.7554517133956387,0.764797507788162,0.778816199376947
rsg_complete,fused_accuracy,0.7645379023883697,0.009799888934671264,0.7554517133956387,0.7632398753894081,0.7749221183800623
rsg_complete,oracle_accuracy,0.7871235721703012,0.012322372052238658,0.7764797507788161,0.7842679127725857,0.8006230529595015
rsg_complete,expert_prediction_disagreement_rate,0.056074766355140186,0.0031152647975077885,0.0529595015576324,0.059190031152647975,0.056074766355140186
rsg_complete,one_right_one_wrong_rate,0.048286604361370715,0.0020605539805798995,0.04672897196261682,0.050623052959501556,0.04750778816199377
rsg_complete,one_right_gate_selection_accuracy,0.5801457194899817,0.017557346719272733,0.5666666666666667,0.6,0.5737704918032787
rsg_complete,mean_routing_regret_nll,0.08087104776739357,0.001652650236500988,0.08076798598130841,0.08257281697819314,0.07927234034267913
rsg_complete,complementarity_recovery,-0.08619047619047676,0.08944652185584807,0.0,-0.08000000000000297,-0.1785714285714273
rsg_complete,brier_score,0.370170454270061,0.012591076156709282,0.3803586796150705,0.3740588383007859,0.35609384489432655
rsg_complete,expected_calibration_error,0.12900819444444442,0.01081322313225019,0.1401808154205607,0.12824942990654206,0.11859433800623051
rpg_complete,accuracy,0.7632398753894081,0.0015576323987538943,0.764797507788162,0.7632398753894081,0.7616822429906542
rpg_complete,macro_f1,0.7452187994261055,0.006456759183458026,0.7457109693242882,0.7514153898333131,0.7385300391207152
rpg_complete,target_recall,0.749003984063745,0.01195219123505975,0.7370517928286853,0.7609561752988048,0.749003984063745
rpg_complete,target_miss_rate,0.250996015936255,0.01195219123505975,0.26294820717131473,0.23904382470119523,0.250996015936255
rpg_complete,ti_to_target_intrusion_rate,0.09300746775288526,0.01004660460756873,0.09775967413441955,0.09979633401221996,0.0814663951120163
rpg_complete,metallic_to_target_intrusion_rate,0.11553030303030302,0.008679120634386061,0.125,0.10795454545454546,0.11363636363636363
rpg_complete,direct_accuracy,0.7538940809968847,0.0075106314337951225,0.7624610591900312,0.7484423676012462,0.7507788161993769
rpg_complete,mapped_accuracy,0.7622014537902388,0.003919955573868481,0.7616822429906542,0.7585669781931464,0.7663551401869159
rpg_complete,fused_accuracy,0.7632398753894081,0.0015576323987538943,0.764797507788162,0.7632398753894081,0.7616822429906542
rpg_complete,oracle_accuracy,0.7806334371754933,0.0042893851614377865,0.7834890965732088,0.7757009345794392,0.7827102803738317
rpg_complete,expert_prediction_disagreement_rate,0.05581516095534787,0.0054702252091654935,0.050623052959501556,0.061526479750778816,0.05529595015576324
rpg_complete,one_right_one_wrong_rate,0.045171339563862926,0.0028080617410155685,0.042834890965732085,0.04439252336448598,0.048286604361370715
rpg_complete,one_right_gate_selection_accuracy,0.5674521102364906,0.05054248081299266,0.509090909090909,0.5964912280701754,0.5967741935483871
rpg_complete,mean_routing_regret_nll,0.08380460228452752,0.010398543769507806,0.09170406542056075,0.07202361448598131,0.0876861269470405
rpg_complete,complementarity_recovery,0.03270803270803328,0.2873578354177369,0.11111111111111228,0.2727272727272704,-0.2857142857142828
rpg_complete,brier_score,0.3742505973078113,0.01089047535091005,0.37940351295868296,0.3617399536279619,0.38160832533678907
rpg_complete,expected_calibration_error,0.12476645664589822,0.025518977326128456,0.13924376012461054,0.09530115498442365,0.13975445482866047
mrpg_complete,accuracy,0.7577881619937694,0.007429433032842248,0.7663551401869159,0.7531152647975078,0.7538940809968847
mrpg_complete,macro_f1,0.7434486531302279,0.00442600260042042,0.7485569501468604,0.7410304281714759,0.7407585810723475
mrpg_complete,target_recall,0.7583001328021248,0.00829349003771367,0.749003984063745,0.7609561752988048,0.7649402390438247
mrpg_complete,target_miss_rate,0.24169986719787517,0.00829349003771367,0.250996015936255,0.23904382470119523,0.2350597609561753
mrpg_complete,ti_to_target_intrusion_rate,0.10047522063815342,0.015819660825160956,0.08757637474541752,0.11812627291242363,0.09572301425661914
mrpg_complete,metallic_to_target_intrusion_rate,0.10795454545454546,0.01968239554055543,0.08522727272727272,0.11931818181818182,0.11931818181818182
mrpg_complete,direct_accuracy,0.75,0.0054517133956386256,0.7523364485981309,0.7437694704049844,0.7538940809968847
mrpg_complete,mapped_accuracy,0.7585669781931464,0.007137968372205335,0.7663551401869159,0.7523364485981309,0.7570093457943925
mrpg_complete,fused_accuracy,0.7577881619937694,0.007429433032842248,0.7663551401869159,0.7531152647975078,0.7538940809968847
mrpg_complete,oracle_accuracy,0.7780373831775701,0.005451713395638658,0.7834890965732088,0.7725856697819314,0.7780373831775701
mrpg_complete,expert_prediction_disagreement_rate,0.058930425752855654,0.005897101085981591,0.0630841121495327,0.061526479750778816,0.05218068535825545
mrpg_complete,one_right_one_wrong_rate,0.04750778816199377,0.0020605539805798995,0.048286604361370715,0.04906542056074766,0.045171339563862926
mrpg_complete,one_right_gate_selection_accuracy,0.5950703603651324,0.10022918685737574,0.7096774193548387,0.5238095238095238,0.5517241379310345
mrpg_complete,mean_routing_regret_nll,0.08267792575285567,0.005677598970728242,0.07642145327102803,0.08410982943925234,0.08750249454828661
mrpg_complete,complementarity_recovery,-0.03656220322887025,0.09853116163353162,0.0,0.038461538461537194,-0.14814814814814795
mrpg_complete,brier_score,0.3749582374135607,0.014841708417048618,0.3597806151543873,0.3894395187574519,0.3756545783288429
mrpg_complete,expected_calibration_error,0.14071077985462097,0.016751222275982705,0.12181577180685355,0.14657534501557634,0.15374122274143304
mrpg_unconstrained_between,accuracy,0.7616822429906542,0.014083443395658144,0.7601246105919003,0.7484423676012462,0.7764797507788161
mrpg_unconstrained_between,macro_f1,0.745031982732288,0.017040948765747545,0.7458816818036936,0.7275820797912982,0.761632186601872
mrpg_unconstrained_between,target_recall,0.7556440903054449,0.012171515790055341,0.7689243027888446,0.7450199203187251,0.7529880478087649
mrpg_unconstrained_between,target_miss_rate,0.24435590969455512,0.012171515790055341,0.2310756972111554,0.2549800796812749,0.24701195219123506
mrpg_unconstrained_between,ti_to_target_intrusion_rate,0.08893414799728445,0.005879330643478875,0.0855397148676171,0.09572301425661914,0.0855397148676171
mrpg_unconstrained_between,metallic_to_target_intrusion_rate,0.125,0.040972173584818056,0.09090909090909091,0.17045454545454544,0.11363636363636363
mrpg_unconstrained_between,direct_accuracy,0.7523364485981308,0.015161933281878323,0.7577881619937694,0.735202492211838,0.764018691588785
mrpg_unconstrained_between,mapped_accuracy,0.7666147455867082,0.01518857993386302,0.7663551401869159,0.7515576323987538,0.7819314641744548
mrpg_unconstrained_between,fused_accuracy,0.7616822429906542,0.014083443395658144,0.7601246105919003,0.7484423676012462,0.7764797507788161
mrpg_unconstrained_between,oracle_accuracy,0.782969885773624,0.01567982229547404,0.7850467289719626,0.7663551401869159,0.7975077881619937
mrpg_unconstrained_between,expert_prediction_disagreement_rate,0.05685358255451713,0.0007788161993769471,0.056074766355140186,0.05763239875389408,0.05685358255451713
mrpg_unconstrained_between,one_right_one_wrong_rate,0.046988577362409134,0.0017985989694380867,0.045950155763239874,0.045950155763239874,0.04906542056074766
mrpg_unconstrained_between,one_right_gate_selection_accuracy,0.6350103129764146,0.021774046164972898,0.6101694915254238,0.6440677966101694,0.6507936507936508
mrpg_unconstrained_between,mean_routing_regret_nll,0.07983019288681205,0.0043150610325701656,0.07686745015576324,0.07784221728971963,0.08478091121495328
mrpg_unconstrained_between,complementarity_recovery,-0.29795321637426697,0.07617113399341635,-0.3333333333333333,-0.2105263157894658,-0.35000000000000175
mrpg_unconstrained_between,brier_score,0.3665948435581688,0.013081618111146135,0.3639961485345762,0.38078076627583857,0.35500761586409163
mrpg_unconstrained_between,expected_calibration_error,0.12452719470404985,0.0067633322832541575,0.12927994392523365,0.1167841456386293,0.12751749454828662
mrpg_without_between,accuracy,0.7622014537902388,0.008614049856197823,0.7702492211838006,0.7531152647975078,0.7632398753894081
mrpg_without_between,macro_f1,0.7439651332870693,0.009755114114823035,0.7526039648186112,0.7333855103585563,0.7459059246840404
mrpg_without_between,target_recall,0.7622841965471447,0.03341233897851026,0.8007968127490039,0.7450199203187251,0.7410358565737052
mrpg_without_between,target_miss_rate,0.23771580345285526,0.03341233897851026,0.19920318725099606,0.2549800796812749,0.2589641434262948
mrpg_without_between,ti_to_target_intrusion_rate,0.08825526137135098,0.004239645620093958,0.08961303462321792,0.09164969450101833,0.0835030549898167
mrpg_without_between,metallic_to_target_intrusion_rate,0.13825757575757575,0.02562073723194826,0.13636363636363635,0.16477272727272727,0.11363636363636363
mrpg_without_between,direct_accuracy,0.7518172377985463,0.011690893301347536,0.7632398753894081,0.7398753894080997,0.7523364485981309
mrpg_without_between,mapped_accuracy,0.7642782969885773,0.00902665558188666,0.7686915887850467,0.7538940809968847,0.7702492211838006
mrpg_without_between,fused_accuracy,0.7622014537902388,0.008614049856197823,0.7702492211838006,0.7531152647975078,0.7632398753894081
mrpg_without_between,oracle_accuracy,0.7816718587746625,0.009922904908419758,0.7881619937694704,0.7702492211838006,0.7866043613707165
mrpg_without_between,expert_prediction_disagreement_rate,0.05555555555555555,0.004946147165954738,0.04984423676012461,0.05841121495327103,0.05841121495327103
mrpg_without_between,one_right_one_wrong_rate,0.047248182762201454,0.003147548196516652,0.04439252336448598,0.04672897196261682,0.050623052959501556
mrpg_without_between,one_right_gate_selection_accuracy,0.6032388663967612,0.02606231083308675,0.5789473684210527,0.6,0.6307692307692307
mrpg_without_between,mean_routing_regret_nll,0.08215159164070612,0.0049313098164977575,0.0834779914330218,0.07669273598130841,0.08628404750778816
mrpg_without_between,complementarity_recovery,-0.13206349206349116,0.26459284313439485,0.07999999999999727,-0.047619047619046,-0.4285714285714247
mrpg_without_between,brier_score,0.37472679775611933,0.0046399015450040585,0.3727166022626156,0.3800328281814601,0.3714309628242823
mrpg_without_between,expected_calibration_error,0.13073281619937693,0.016217871116204596,0.13549259267912772,0.11266765654205607,0.144038199376947
