epoch,train_loss,train_final_role_loss,train_direct_role_loss,train_species_loss,train_consistency_loss,train_ti_verifier_loss,train_metallic_verifier_loss,train_verifier_loss,train_contrast_loss,train_gate_regret_loss,train_decomposition_loss,train_calibration_loss,train_phr_ti_gate_loss,train_phr_metallic_gate_loss,train_phr_pairwise_regret_loss,train_mean_gate,train_mean_expert_js_divergence,train_gate_selection_accuracy,train_one_right_gate_selection_accuracy,train_mean_routing_regret_nll,train_mean_weighted_gate_error,train_phr_ti_eligible_count,train_phr_ti_gate_selection_accuracy,train_phr_ti_mean_margin_regret,train_phr_ti_mean_weighted_gate_error,train_phr_ti_sign_agreement_count,train_phr_ti_sign_preservation_rate,train_phr_metallic_eligible_count,train_phr_metallic_gate_selection_accuracy,train_phr_metallic_mean_margin_regret,train_phr_metallic_mean_weighted_gate_error,train_phr_metallic_sign_agreement_count,train_phr_metallic_sign_preservation_rate,val_loss,val_final_role_loss,val_direct_role_loss,val_species_loss,val_consistency_loss,val_ti_verifier_loss,val_metallic_verifier_loss,val_verifier_loss,val_contrast_loss,val_gate_regret_loss,val_decomposition_loss,val_calibration_loss,val_phr_ti_gate_loss,val_phr_metallic_gate_loss,val_phr_pairwise_regret_loss,val_mean_gate,val_mean_expert_js_divergence,val_gate_selection_accuracy,val_one_right_gate_selection_accuracy,val_mean_routing_regret_nll,val_mean_weighted_gate_error,val_phr_ti_eligible_count,val_phr_ti_gate_selection_accuracy,val_phr_ti_mean_margin_regret,val_phr_ti_mean_weighted_gate_error,val_phr_ti_sign_agreement_count,val_phr_ti_sign_preservation_rate,val_phr_metallic_eligible_count,val_phr_metallic_gate_selection_accuracy,val_phr_metallic_mean_margin_regret,val_phr_metallic_mean_weighted_gate_error,val_phr_metallic_sign_agreement_count,val_phr_metallic_sign_preservation_rate,accuracy,macro_precision,macro_recall,macro_f1,target_recall,target_miss_rate,ti_to_target_intrusion_rate,metallic_to_target_intrusion_rate,learning_rate
1,3.471252391410742,1.1206771146929158,1.115128155363384,2.5093233396374646,0.06574304884456185,0.49934439856800894,0.5858266783968512,1.0851710779197743,0.6888140475933953,0.7004091521974098,0.0,1.1226813723188662,0.663279220944302,0.627214801589468,1.2904940238236542,0.5810288009857936,0.015466740112202552,0.5676899849018621,0.567238912732475,0.11182101414287536,0.03730554515327138,3447,0.5886277922831448,0.24944702698842386,0.24944702616381112,2558,1.0,1980,0.6131313131313131,0.1980719834114566,0.19807198359324346,1296,1.0,2.487017579539171,0.8889010587585306,0.8935221507913227,2.0729327276116964,0.05881185867936812,0.23916230882253975,0.1732863510880515,0.412448661256802,0.0,0.6945434751168961,0.0,0.8937889946584018,0.3603909461297721,0.20670669323930116,0.5670976386263363,0.5375408335731037,0.013597043491092132,0.6448598130841121,0.589041095890411,0.10006609932821232,0.038918311018000806,740,0.6472972972972973,0.2286480278380819,0.22864802849245353,656,1.0,427,0.6510538641686182,0.20828872025710918,0.20828872027074094,350,1.0,0.6433021806853583,0.6181612012426698,0.6360850461091471,0.618112046398825,0.488,0.512,0.11836734693877551,0.1016949152542373,0.0001
2,2.7300356557916783,0.8505983353311074,0.8565430609177191,1.9822756453581134,0.046642680881637755,0.4056670793079526,0.44918551616591906,0.8548525954238761,0.6054459852503162,0.691328420762627,0.0,0.8539205798165267,0.5989148849894828,0.5250424622534465,1.1239573488427856,0.5021499037002681,0.010895593918147005,0.5411843650394229,0.5205479452054794,0.08844280864535947,0.03561745572037384,3447,0.6620249492312156,0.2005775192947553,0.20057751888729336,3184,1.0,1980,0.6823232323232323,0.1857052058828148,0.1857052038416735,1762,1.0,2.21644730805608,0.7932667973628297,0.8259317549961007,1.8077540011420798,0.04162400297101042,0.22656696036782964,0.15200450505794394,0.37857146607566844,0.0,0.6863561163067446,0.0,0.7965625686066173,0.3127848808639146,0.19458327969286673,0.5073681612995183,0.4747436810458932,0.00996330372035574,0.5381619937694704,0.5486725663716814,0.08248765973720229,0.033732312696706956,740,0.7351351351351352,0.19616401083767415,0.19616400678605714,677,1.0,427,0.711943793911007,0.18677271810083254,0.1867727178185186,389,1.0,0.6783489096573209,0.6657929213002642,0.6892559696210263,0.6687871779494408,0.712,0.28800000000000003,0.20408163265306123,0.1807909604519774,0.0001
3,2.3220019178929654,0.7162645452175739,0.725831977524347,1.7163039901236163,0.038603392791023615,0.3445868279945528,0.34132121316619896,0.6859080404008201,0.5072992605523883,0.6908841150616104,0.0,0.72050882111738,0.5358368197736915,0.4591099233050171,0.9949467446935635,0.47271630754408434,0.00924522331945444,0.5297768830733098,0.58298755186722,0.076708853362974,0.03345915217455527,3447,0.7064113722077169,0.1826713224373107,0.1826713212352846,3214,1.0,1980,0.7550505050505051,0.15803172542346697,0.15803172754773426,1850,1.0,2.023008139705361,0.7201947801952422,0.734206699136633,1.6563950970165455,0.038260831767432044,0.20257294564464381,0.1383857517227577,0.34095869647379606,0.0,0.6945669251810354,0.0,0.720861390372303,0.29371909514023137,0.1793009934024276,0.4730200881712905,0.4774473802508595,0.00933562768500451,0.5194704049844237,0.5964912280701754,0.075889063568166,0.03250770924460141,740,0.731081081081081,0.1697040492215672,0.16970404456865132,688,1.0,427,0.7447306791569087,0.18211145856934632,0.18211145424916556,389,1.0,0.7071651090342679,0.6840681576784625,0.7075678922749075,0.6920470567041155,0.652,0.348,0.14489795918367346,0.12994350282485875,0.0001
4,2.023442864837992,0.609772713727108,0.6254111983755695,1.5265787190147904,0.03901129210487476,0.3046761900411519,0.27190482852903314,0.5765810185001913,0.41464631320685874,0.6911068046238974,0.0,0.6159831053897491,0.5033993932989255,0.40921103578598944,0.9126104294223846,0.46625163897464506,0.009365095761682981,0.5359838953195772,0.5928411633109619,0.07377462230799979,0.033979765773421426,3447,0.729039744705541,0.19049270869177867,0.1904927082612328,3256,1.0,1980,0.7914141414141415,0.14913214097044084,0.14913213387720528,1871,1.0,2.0377661951605774,0.7356654627486553,0.7606912907967315,1.6283382671273015,0.040008848945021255,0.20687416451185292,0.15114386746445177,0.35801802912140934,0.0,0.6881288609400716,0.0,0.7358659573618868,0.27641873567646535,0.18294102343443397,0.45935976022500485,0.4602080957842207,0.009865860707851082,0.5366043613707165,0.6476190476190476,0.0801516238467099,0.03255850320768989,740,0.7486486486486487,0.18487417814699378,0.18487418556294477,691,1.0,427,0.7189695550351288,0.16691571415622283,0.166915707769193,404,1.0,0.7118380062305296,0.6890302492894538,0.7174808668953195,0.695355038925535,0.648,0.352,0.13877551020408163,0.11864406779661017,0.0001
5,1.7696759398802278,0.5241851256190081,0.5383817292143687,1.3654234364336317,0.03840404618115878,0.25553583421876735,0.21660507318039277,0.4721409073238544,0.34692958477716423,0.6873949428789369,0.0,0.5298116149727959,0.471300480490142,0.3771031192186554,0.8484036007337054,0.4688920503473786,0.009220649748800158,0.5247441704412011,0.5944055944055944,0.06750656932620339,0.032528276029200956,3447,0.7449956483899043,0.18122553171047984,0.18122553345164583,3284,1.0,1980,0.804040404040404,0.13793279433039704,0.13793278698065367,1910,1.0,2.1309794807731177,0.7805787199568526,0.7973249523067771,1.6440685330150284,0.040093821110755115,0.22221239175751945,0.19631166649384663,0.41852405842544504,0.0,0.6884652721547635,0.0,0.773383542848896,0.2810522392160053,0.18812090399852052,0.4691731446999998,0.44202071865817466,0.009768435684023257,0.559190031152648,0.61,0.08113093685408493,0.030646137111816074,740,0.7445945945945946,0.18097477578935592,0.18097477567364853,694,1.0,427,0.6908665105386417,0.1971315950225053,0.19713158798758293,402,1.0,0.7032710280373832,0.6778533306498844,0.7000671428225842,0.6795330523604608,0.56,0.43999999999999995,0.1,0.096045197740113,0.0001
6,1.5449612192650846,0.4473605893978515,0.4627896806094255,1.2424864776381268,0.03674269592705998,0.21723744670275053,0.15210337641326632,0.3693408225630978,0.28030013647808505,0.6858935112562021,0.0,0.4534377094243841,0.4264534914519558,0.3305058105642654,0.7569593014162752,0.45112833148220044,0.008837078692517047,0.5218922999496729,0.6212534059945504,0.06120034093881093,0.030904375241009203,3447,0.7917029300841312,0.1653916242448405,0.1653916199201903,3314,1.0,1980,0.8383838383838383,0.13038503298667645,0.13038503720076045,1909,1.0,2.013697094635057,0.7297144483925769,0.747162746259728,1.5735087933198686,0.05015043874860181,0.21999468870252092,0.16559388388725826,0.3855885748179902,0.0,0.6946202132189385,0.0,0.7194394693010693,0.2688487118278337,0.16281337344386496,0.43166208545738294,0.4499089421930714,0.012224331985485316,0.5747663551401869,0.5684210526315789,0.08884183314465734,0.03366768856349023,740,0.768918918918919,0.18214495323812338,0.18214496030073812,705,1.0,427,0.7423887587822015,0.1937397322693809,0.1937397286497198,396,1.0,0.7227414330218068,0.7002576188457017,0.726388724316217,0.7086439375947583,0.668,0.33199999999999996,0.11836734693877551,0.1016949152542373,0.0001
7,1.3751667558976897,0.3814318939316015,0.3980701103783998,1.1332712152663782,0.03654831364710866,0.18928227611879758,0.12898537269110308,0.31826764828125675,0.23360006117535828,0.684609699901209,0.0,0.38836200031092694,0.4127890802913615,0.31693181852239666,0.7297208996311848,0.464145867529281,0.00878790480454614,0.5478946485489012,0.5889212827988338,0.05573448981860277,0.029690593802833485,3447,0.7914128227444154,0.16419805086174322,0.164198057177914,3321,1.0,1980,0.8323232323232324,0.12171678820417987,0.121716787598653,1922,1.0,2.0800745152981484,0.7655176701853951,0.7960655663707917,1.5909125377827344,0.050227096217257954,0.23351416759616536,0.17081117583583819,0.40432534450403995,0.0,0.6925813002378398,0.0,0.7531607887733762,0.27595532441807685,0.1604513815630262,0.4364067067238401,0.4497518286898129,0.012222681042476537,0.5475077881619937,0.5544554455445545,0.08903828773828334,0.033505016549577,740,0.7648648648648648,0.19172884911500118,0.19172885485480198,698,1.0,427,0.7822014051522248,0.20655085870546813,0.20655085552741675,398,1.0,0.7250778816199377,0.708043759594075,0.7235999853596822,0.7125970769078264,0.704,0.29600000000000004,0.1306122448979592,0.14124293785310735,0.0001
8,1.2421898902452466,0.33784792225666044,0.3583375881320577,1.0328147951497906,0.03628310362385476,0.15432852196102972,0.12014337859320852,0.27447190042850733,0.19618080104152053,0.6855461870918056,0.0,0.34425565051444523,0.3740499339769039,0.31908216293056907,0.6931320985898218,0.44708878055872325,0.008718302567084843,0.5277637980204664,0.603125,0.05215481013319771,0.02796728932657584,3447,0.8111401218450827,0.15561300195690891,0.1556130028887307,3334,1.0,1980,0.8393939393939394,0.13411291918406884,0.13411292423987456,1924,1.0,2.1392811295399414,0.788817268712127,0.8195030088550948,1.6241651970278066,0.05157025233839531,0.26091424204304675,0.17060947761728756,0.4315237193789066,0.0,0.6815843884818651,0.0,0.7597446503390405,0.282481680963641,0.16180015687259186,0.4442818367221274,0.4202975009066108,0.012442246604814428,0.5552959501557633,0.5802469135802469,0.09104561608792862,0.030963706545650234,740,0.7716216216216216,0.20931057147681714,0.20931057364709763,705,1.0,427,0.7962529274004684,0.22174256190273745,0.22174255890831454,409,1.0,0.7390965732087228,0.7189100336998626,0.738973084121193,0.7246859704696197,0.744,0.256,0.1489795918367347,0.15819209039548024,0.0001
9,1.1412323128355166,0.29847305852121764,0.3164946929637747,0.9541060156399043,0.034108429974686515,0.15223219499649407,0.0994735900742842,0.251705785292424,0.18896767012668703,0.6843789705012673,0.0,0.3037086925317009,0.3832560929550538,0.3165856646678528,0.6998417575554127,0.43844217100493,0.008267413431456505,0.5247441704412011,0.5986394557823129,0.04798419921678314,0.025999052974967192,3447,0.8076588337684943,0.15408211429896546,0.15408211342725214,3330,1.0,1980,0.85,0.13286721435460178,0.13286722088082523,1942,1.0,2.147349983732277,0.7949304768693781,0.8216111198114087,1.6246799130306067,0.046214625866056604,0.2431476370451792,0.1942340513441793,0.4373816890276481,0.0,0.6893414745449649,0.0,0.7742111226456745,0.2588876636228829,0.16541524858118217,0.4243029122969072,0.4372915485090463,0.011119606572817393,0.5475077881619937,0.5416666666666666,0.08454541678904598,0.028658449560224855,740,0.7675675675675676,0.19031101118873905,0.19031101202692446,708,1.0,427,0.7798594847775175,0.2375447221745931,0.23754473157097264,406,1.0,0.7406542056074766,0.7185084129659737,0.7276155157209054,0.7225049614557573,0.672,0.32799999999999996,0.08979591836734693,0.12429378531073447,0.0001
10,1.0235008595874098,0.26212365881565974,0.27819263759104923,0.8831705411415215,0.03357418593456083,0.12349119973180678,0.08263142402871002,0.20612262352123653,0.13832712170220018,0.6837300400349182,0.0,0.2671947170175816,0.32941527301943996,0.2867780062377033,0.6161932791315295,0.45189939282560804,0.00809459653832861,0.552256332830062,0.6363636363636364,0.04449657079266002,0.024694789839987425,3447,0.8398607484769365,0.14519200675040353,0.14519200324713444,3356,1.0,1980,0.8601010101010101,0.13029154387838912,0.13029155022577746,1950,1.0,2.119826868687092,0.7913105872654098,0.8252573611557112,1.5926400614304705,0.05113666273386586,0.2534874032709945,0.1679696525183051,0.42145705728637883,0.0,0.6902252391119984,0.0,0.7716707072780696,0.2690414912604097,0.14113017963100447,0.41017166912741376,0.44577109857209934,0.012030871464240174,0.5498442367601246,0.5595238095238095,0.08705270253537954,0.02930889867880801,740,0.777027027027027,0.19155059547440426,0.19155058625637555,709,1.0,427,0.7985948477751756,0.20127752308125238,0.20127753822867153,406,1.0,0.7461059190031153,0.7274658078988876,0.7471994187228301,0.7348433764724788,0.7,0.30000000000000004,0.1326530612244898,0.11864406779661017,0.0001
11,0.9365714237686372,0.23344277217171772,0.2541568541742775,0.8246105758161117,0.03399671049220833,0.11193536549889087,0.05990807677995219,0.1718434417128783,0.12448277586406746,0.678886475098691,0.0,0.23889756280690747,0.32266516294320985,0.2535931225481739,0.5762582871762324,0.43516354920519734,0.008126348007969825,0.544707263881899,0.6346863468634686,0.04194790974444156,0.023674334540528898,3447,0.838410211778358,0.1352241230144565,0.1352241181514097,3368,1.0,1980,0.8828282828282829,0.11426685066761995,0.11426685262704452,1942,1.0,2.2333852190094943,0.8369088689811133,0.8647656779144411,1.6585800458337658,0.05176427633707583,0.2554866109301577,0.21087966390487933,0.4663662700768781,0.0,0.7102133524009372,0.0,0.8156864454395303,0.25497113312144887,0.1611692440286975,0.4161403767787779,0.4116749577572413,0.012351185829469214,0.5568535825545171,0.4936708860759494,0.0936848186414737,0.029890530573220858,740,0.7837837837837838,0.18424828335441448,0.18424829219308925,710,1.0,427,0.7798594847775175,0.2387265634550702,0.2387265591198423,402,1.0,0.7281931464174455,0.7044239368073573,0.7166742607817616,0.7081478493481328,0.668,0.33199999999999996,0.11836734693877551,0.15819209039548024,0.0001
12,0.8355992082140826,0.20050430698065605,0.21910742127096428,0.7426100101192572,0.03140586122559223,0.0967023996078509,0.052939556901183134,0.14964195653843693,0.1025885948523844,0.6858602007290118,0.0,0.2060183798520882,0.3102656602559524,0.21180028916830146,0.5220659501879352,0.4415836889166157,0.00762716063077849,0.5933568193256165,0.5932203389830508,0.03807539060054431,0.021820360041705147,3447,0.8494342906875544,0.13115127654197703,0.1311512692446728,3369,1.0,1980,0.9090909090909091,0.10680043672521909,0.10680043405840263,1945,1.0,2.1604121147286484,0.807840553991427,0.8455173104212291,1.6071299061968318,0.04962891602244611,0.27010683713312555,0.17748367415038968,0.4475905089943765,0.0,0.6925385861753304,0.0,0.7894812290240485,0.25217733873385134,0.14397534143144838,0.3961526802581419,0.4362904526687857,0.01189664831604871,0.5817757009345794,0.5409836065573771,0.08686795835916464,0.028106757267743365,740,0.7810810810810811,0.18349232166200072,0.18349233236869264,714,1.0,427,0.8032786885245902,0.21483488973291193,0.21483488497256129,406,1.0,0.7468847352024922,0.7304992944767859,0.7343541649976391,0.7308027722367142,0.712,0.28800000000000003,0.12040816326530612,0.14689265536723164,0.0001
13,0.8141594504054172,0.19576446174815323,0.2141339998780391,0.7051675053495545,0.028897674348985884,0.08829289832682223,0.05540417792856492,0.14369707641758447,0.10133319483916677,0.6837904899337511,0.0,0.2008974437214868,0.33131604327829145,0.2589545599907522,0.5902706039689808,0.43443865128795167,0.0069820191015043265,0.5655091427612816,0.5900900900900901,0.035838595697690205,0.020503380070939978,3447,0.8352190310414853,0.1365605845646449,0.13656058588607975,3365,1.0,1980,0.8954545454545455,0.11502568821112315,0.11502568275072268,1952,1.0,2.377943931338943,0.9231615329271536,0.9535362081735677,1.6832040243802413,0.048248217246753405,0.3095904204434486,0.20881595255986923,0.5184063709937935,0.0,0.6885279116229476,0.0,0.8965992965616542,0.2629069519748569,0.1562482239301331,0.4191551757193057,0.4549588935037733,0.011563907391409499,0.5942367601246106,0.5441176470588235,0.09047444067169934,0.026490809549578453,740,0.768918918918919,0.18117977998949386,0.18117978011729938,709,1.0,427,0.7915690866510539,0.23528253241710417,0.23528254629046075,411,1.0,0.7313084112149533,0.711644288032894,0.7321472413839688,0.7189106245286891,0.72,0.28,0.1326530612244898,0.12429378531073447,0.0001
14,0.7340872794504715,0.16745644822314248,0.18509428858797017,0.6588158396101902,0.030141226838254886,0.07410872758286019,0.04673918843031511,0.12084791609213429,0.08801930293340358,0.6824545932684023,0.0,0.17300829802797738,0.2786454387662835,0.22599323111889527,0.5046386692052399,0.44077007086799763,0.007272175520901027,0.5936923335010904,0.609375,0.03365077711385503,0.019951799086576842,3447,0.8755439512619669,0.1231592895286409,0.12315928896134094,3386,1.0,1980,0.8924242424242425,0.11478167073895233,0.11478167312663567,1958,1.0,2.202120912037906,0.8380109053627353,0.8546377619049538,1.6088375762986988,0.0540509974479536,0.28047045974301704,0.18107872240454237,0.46154918368090514,0.0,0.6926134661350666,0.0,0.8067389320570546,0.25577495478650675,0.15013234591186975,0.4059073009130739,0.43111814197001985,0.01298943695090196,0.6090342679127726,0.5416666666666666,0.09332122039773598,0.02912837870705205,740,0.8013513513513514,0.18162571133391278,0.1816257074845508,712,1.0,427,0.8126463700234192,0.2188901375691282,0.21889014153553576,408,1.0,0.7523364485981309,0.7378395557573016,0.7353992474373946,0.735951487772891,0.684,0.31599999999999995,0.10408163265306122,0.11864406779661017,0.0001
15,0.7108864815037955,0.16321744324226664,0.18167197754310693,0.6094981607295307,0.02868459955941479,0.07357201539073749,0.058436762657674425,0.13200877792758292,0.07550851012985685,0.6844229309716054,0.0,0.1672898494063398,0.26436920184313983,0.26199052929178296,0.5263597304899807,0.43851532696967677,0.007033117424353296,0.5920147626237209,0.5714285714285714,0.03282996626940896,0.018888175670724774,3447,0.8752538439222513,0.11468316610088755,0.11468316172873634,3395,1.0,1980,0.8944444444444445,0.11788611571219834,0.11788611064770244,1953,1.0,2.2128893261386597,0.8423443162506243,0.8664752937087389,1.6497676584208123,0.05132675956574927,0.2628093320108236,0.16768181876415775,0.43049114741344363,0.0,0.6935966514352697,0.0,0.8110570182495771,0.24781679550063945,0.14522761087922664,0.39304440331607593,0.4295103461176993,0.012404294475045385,0.5856697819314641,0.49295774647887325,0.09202945711658816,0.028412551549989302,740,0.7945945945945946,0.19068450778722762,0.19068453143841613,695,1.0,427,0.7962529274004684,0.22362091481266871,0.2236209247762229,407,1.0,0.7383177570093458,0.7223427870612747,0.7251880709056355,0.7221299211222914,0.732,0.268,0.12040816326530612,0.14124293785310735,0.0001
16,0.6390895744314772,0.13911785047349465,0.1573072660891247,0.5710977264107363,0.028641352821513325,0.06569748719964495,0.03509166330737418,0.10078915008814808,0.06661085593273737,0.6762658950167001,0.0,0.14370150286676178,0.24359721783782948,0.2318993984835497,0.47549661593016435,0.41619298187273696,0.006942199869574208,0.6099647710115752,0.6310160427807486,0.029251555071901258,0.01779470134497784,3447,0.8877284595300261,0.10678888342070655,0.10678887585026674,3392,1.0,1980,0.8974747474747474,0.11561528416444557,0.11561528662986797,1954,1.0,2.4057443814114245,0.9155189728021993,0.9216777072389643,1.7243656380525632,0.058837071040825126,0.32018701971916197,0.23613410315409628,0.5563211193383668,0.0,0.6981469515328095,0.0,0.868504579738943,0.2692401576729207,0.16840192257800948,0.4376420800188249,0.46145334853747183,0.013836298166546055,0.5872274143302181,0.5064935064935064,0.10080823551178698,0.029680206738844674,740,0.772972972972973,0.20450266131476777,0.20450265351151983,712,1.0,427,0.7985948477751756,0.2733580450978854,0.2733580354053675,409,1.0,0.7390965732087228,0.7179944290229093,0.7211206509851896,0.719459052737864,0.648,0.352,0.11632653061224489,0.14689265536723164,0.0001
17,0.6321797673483459,0.14010881953287638,0.1589648767523349,0.5493940484141807,0.0276987213698275,0.06612505618829047,0.04322799819268694,0.10935305405112546,0.08054409549927245,0.6771121955501855,0.0,0.14511286998141074,0.2303280345126899,0.21387870246917884,0.4442067377180526,0.4371709801985341,0.006748482038770943,0.614829726555947,0.6265822784810127,0.029465900319593733,0.017668251816598153,3447,0.896431679721497,0.10337646653125139,0.10337646743955728,3404,1.0,1980,0.9191919191919192,0.1069684991819991,0.10696849708405981,1963,1.0,2.2104090908977474,0.8349804594950326,0.8420802574094118,1.6419605597900082,0.06156016734495434,0.2814910964865522,0.1740687344443761,0.45555983243562354,0.0,0.7055393897484397,0.0,0.7918372367888782,0.24522930114440086,0.1491548780386693,0.39438418094707056,0.43170215332201706,0.014666293897282289,0.6105919003115264,0.5822784810126582,0.0960490678827499,0.02956933980102877,740,0.8108108108108109,0.18139132643873626,0.18139132553587087,718,1.0,427,0.7868852459016393,0.2525211021269233,0.2525210988061443,400,1.0,0.7585669781931464,0.7373888466767724,0.7488134732394782,0.7418783161284941,0.724,0.276,0.11224489795918367,0.14689265536723164,0.0001
18,0.5558452340125077,0.1147492026056825,0.1323089858261136,0.5062015875536531,0.027216732674468145,0.0554476133961358,0.023555444934789695,0.07900305854235044,0.0490569180429972,0.6792434999815191,0.0,0.11982237293408873,0.21218176525054291,0.18646569222941772,0.39864745765119525,0.43910512295150855,0.006694009678600061,0.6587820835430297,0.5933333333333334,0.027314494424561436,0.01672397463233104,3447,0.9019437191760952,0.09635402740759887,0.0963540247250382,3393,1.0,1980,0.9196969696969697,0.09137447526810145,0.09137449070025927,1961,1.0,2.5852266620624103,1.0016060230145203,1.0331297774807873,1.8189688304503016,0.05707762497433714,0.3483720125291044,0.24609084373972498,0.5944628517688876,0.0,0.7014073107472832,0.0,0.9592513935959599,0.25566214880096577,0.17207654085114737,0.4277386893735868,0.43289875912239245,0.013521519663081176,0.602803738317757,0.5569620253164557,0.10145051618283195,0.027887330049328626,740,0.7959459459459459,0.2107773991251314,0.2107774021757173,713,1.0,427,0.7775175644028103,0.2620684921881075,0.2620685101125563,402,1.0,0.735981308411215,0.7146863448801618,0.7303930520067445,0.7191577191372043,0.684,0.31599999999999995,0.14081632653061224,0.12994350282485875,0.0001
19,0.5582907624371478,0.12055555071367391,0.13881857570331382,0.46963965375838196,0.026348973980157533,0.05589270101186164,0.04038740954788414,0.0962801101961078,0.056863174755004374,0.6808093731044583,0.0,0.12439864558164475,0.2174257926706639,0.2192595561060444,0.43668534944289844,0.43689549445226034,0.006365441161636888,0.6337862774702231,0.6159420289855072,0.02630794712884994,0.015620379591987253,3447,0.9033942558746736,0.09949291839521278,0.09949292148617031,3417,1.0,1980,0.9161616161616162,0.11047845027512974,0.1104784424360284,1965,1.0,2.467703671470238,0.9433781619987384,0.9703038948532948,1.7825597340815535,0.05946646875635114,0.32753295640060764,0.21879763131804555,0.5463305881712586,0.0,0.6943033643043672,0.0,0.9046017537792895,0.26014958658600895,0.15912464279623417,0.4192742291965589,0.41043426403978905,0.013914477758854247,0.5989096573208723,0.5714285714285714,0.09689021484401561,0.02836359510791739,740,0.7743243243243243,0.18876946208042067,0.18876945114867022,715,1.0,427,0.7868852459016393,0.25824110059010896,0.2582411115910472,410,1.0,0.7468847352024922,0.7280806505555313,0.7359412436290269,0.7295668821420617,0.72,0.28,0.14489795918367346,0.1751412429378531,0.0001
20,0.5485397517691121,0.12157152084494033,0.14114875527655912,0.45598897625387685,0.027908276611552544,0.0525514084208612,0.03551383402868369,0.08806524233231057,0.061361668347299815,0.6819765798358824,0.0,0.1255077787819794,0.22022441403015092,0.2050683782307059,0.4252927929657935,0.41980050306225397,0.0068102606627909726,0.5916792484482469,0.6298342541436464,0.027454035817986944,0.016433077356802304,3447,0.9004931824775166,0.1017220981888125,0.10172210058992746,3393,1.0,1980,0.9116161616161617,0.10766540141117693,0.10766539569803354,1950,1.0,2.432379829549344,0.9185155444195338,0.9468866716664157,1.7636112602328957,0.04943010553926508,0.343102299992488,0.20885677679769718,0.551959079175022,0.0,0.7016953751676922,0.0,0.896044439151651,0.2780362914470126,0.16441268712932075,0.44244897746222783,0.4331527140653022,0.01159678094301735,0.5661993769470405,0.5507246376811594,0.09164779652768966,0.026216084369023545,740,0.7527027027027027,0.19565560443175806,0.1956556100915021,716,1.0,427,0.7822014051522248,0.21826845142266232,0.21826845069698136,409,1.0,0.7461059190031153,0.7317027975230714,0.7225545922058842,0.7257545908196759,0.616,0.384,0.07551020408163266,0.14124293785310735,0.0001
21,0.5222109316319672,0.11470868247999398,0.1328568104895154,0.4269472839417943,0.02613135425955422,0.05127219109664906,0.03675048382734284,0.08802267507867283,0.06114922769842965,0.6819379067004997,0.0,0.11955349495663496,0.21306765962668942,0.185744510158319,0.39881217002748665,0.4475007833545189,0.006342937244457665,0.6626404965609797,0.6573426573426573,0.026051067070670723,0.015675895048093885,3447,0.9036843632143893,0.10291918528609113,0.1029191870399221,3400,1.0,1980,0.9186868686868687,0.10093359333096129,0.10093358258817953,1962,1.0,2.5334071548556985,0.9753714205111113,0.9972921732662251,1.7869286865831535,0.07298136382970112,0.34933496510894313,0.23126505494024896,0.580600016295614,0.0,0.6894184334255825,0.0,0.9156448414021192,0.3076652927190715,0.1794181285988876,0.48708342206069616,0.42792322485478496,0.016922337699311795,0.6277258566978193,0.5789473684210527,0.1105991745237588,0.03251647772785624,740,0.768918918918919,0.26051624780772503,0.26051625434439596,696,1.0,427,0.7681498829039812,0.27824458051516526,0.2782445737693296,402,1.0,0.7375389408099688,0.7155861379383599,0.7301090144458466,0.7212611110907924,0.668,0.33199999999999996,0.1326530612244898,0.14689265536723164,5e-05
22,0.4677635458137261,0.09946331737140865,0.11657404685116438,0.3775154655960818,0.025314512852884954,0.04461564480758593,0.029331535216405642,0.07394718029485531,0.03852597080773437,0.6773592616023483,0.0,0.1027337813772095,0.20534383400467254,0.18771033376177831,0.3930541664946901,0.4367506568003093,0.0061552857977587245,0.6688475088072471,0.7045454545454546,0.0235104534589776,0.0143711913915002,3447,0.906875543951262,0.09252223006739006,0.09252222514959882,3412,1.0,1980,0.9217171717171717,0.09058562427608653,0.09058562715590532,1967,1.0,2.4710017588465383,0.9444355151943886,0.9618180812426446,1.764076601586238,0.06692650166813087,0.3449726877801158,0.22653125012960762,0.5715039386727696,0.0,0.6901831474631004,0.0,0.8892960138967104,0.25629325645085066,0.16981180592489392,0.42610506177227075,0.4283545634178358,0.015799306489915982,0.6261682242990654,0.49295774647887325,0.10465003226212437,0.02998071747771787,740,0.7851351351351351,0.23943281087118226,0.23943280517381735,703,1.0,427,0.765807962529274,0.2715799447838261,0.2715799572825217,410,1.0,0.7461059190031153,0.7248310752619207,0.744089648384177,0.7318118819973167,0.676,0.32399999999999995,0.1469387755102041,0.14124293785310735,5e-05
23,0.3802985146359257,0.07035933856737832,0.08528731021117072,0.3251580662964135,0.023096479063035257,0.027939184047199327,0.013098488910416659,0.04103767280566065,0.02337576442021036,0.6797029014362462,0.0,0.07500416243652273,0.18156435554248737,0.14745527556370097,0.3290196307612193,0.4373610022233609,0.005650656342955648,0.6953531286696863,0.6454545454545455,0.02006505643908582,0.013057273155562182,3447,0.9231215549753409,0.08669763009466744,0.08669762831932688,3415,1.0,1980,0.9323232323232323,0.08381061289045545,0.08381061171267187,1976,1.0,2.4479871345829,0.9375935490605801,0.948284635476977,1.7501501901498837,0.0756507247767623,0.3165565152745766,0.23716292252932383,0.5537194417398988,0.0,0.7010974614791038,0.0,0.8807192187744695,0.26036107570304307,0.17676709822126638,0.43712817752194183,0.428428575013564,0.017336253506373637,0.6246105919003115,0.6,0.11028415759115674,0.032214117064544766,740,0.7945945945945946,0.24350986622676657,0.24350986648556133,702,1.0,427,0.7704918032786885,0.31660248204821445,0.3166024979781452,403,1.0,0.7515576323987538,0.7289093723613848,0.7489895852674417,0.7366580841428003,0.696,0.30400000000000005,0.12653061224489795,0.10734463276836158,5e-05
24,0.3794431855686158,0.07263096454204118,0.08892233480337362,0.32244719454174653,0.0239635835358124,0.033467651673849165,0.01120430955469668,0.04467196128251601,0.029492689285110094,0.6793326975874924,0.0,0.07635547515680438,0.177881642728619,0.09954998161874348,0.27743162448984965,0.4384165372955101,0.005843185091735551,0.7017278980036906,0.6833333333333333,0.020294916716292896,0.013149655194179618,3447,0.9202204815781839,0.08950427230766347,0.08950426752246429,3416,1.0,1980,0.9585858585858585,0.06977695725632437,0.06977695796867257,1969,1.0,2.482165530091877,0.9569216871581901,0.969505896519092,1.7756067447573225,0.07859844710921572,0.321133385299969,0.22670682790076993,0.5478402108209341,0.0,0.6983944651122406,0.0,0.8828922424848392,0.25474259403542937,0.17970298599695492,0.434445581285753,0.4161246645951939,0.01779843387353027,0.6191588785046729,0.6025641025641025,0.11162627577703861,0.03152877770870868,740,0.8,0.24727437727757404,0.2472743705984834,706,1.0,427,0.8009367681498829,0.3286622737902947,0.32866228553755755,397,1.0,0.7445482866043613,0.7224243284652904,0.7356479195197222,0.7274458084582218,0.708,0.29200000000000004,0.1306122448979592,0.14689265536723164,5e-05
25,0.36663955145585336,0.06890909050789241,0.08351305084022734,0.30419495738786534,0.02183469590140237,0.03218193524062472,0.018351585251279823,0.05053352062907423,0.028824655547218355,0.678720619560108,0.0,0.0725692528484502,0.15566372831652497,0.10983587530355808,0.2654996037563208,0.44234013684422674,0.005380704925952806,0.7070961248112733,0.7009345794392523,0.01878663386363378,0.012310351544778948,3447,0.9283434870902234,0.08074843578315107,0.08074843351079432,3420,1.0,1980,0.9570707070707071,0.06611495452998864,0.06611495299243625,1972,1.0,2.4152819384295623,0.9221889788511201,0.92942446966966,1.7394903682845404,0.0719687757415935,0.3167404094678306,0.22229799498278777,0.5390384014481185,0.0,0.6992227576232031,0.0,0.86267595234504,0.2696794621251825,0.17385365556333668,0.4435331159477293,0.4247023876164561,0.016353094813601116,0.6285046728971962,0.49295774647887325,0.10598561285021489,0.03073337258493507,740,0.7945945945945946,0.22887187507506965,0.22887187965582398,709,1.0,427,0.7868852459016393,0.28459416884728284,0.2845941730315443,404,1.0,0.7492211838006231,0.7299633682716729,0.7366184158233562,0.7328025656460483,0.672,0.32799999999999996,0.11224489795918367,0.11864406779661017,2.5e-05
