image_id,split_group_id,true_class_id,predicted_class_id,temperature,prob_0,prob_1,prob_2,prob_3
VTM-000005,DG-c56c77bc69b9,0,0,1.0,0.5152628933528457,0.08892567805157268,0.10390642668510071,0.29190500191048085
VTM-000008,DG-866dc24795ee,0,1,1.0,0.29230572910547614,0.3090241544132626,0.18391200659505244,0.21475810988620875
VTM-000037,DG-134533c2ee9a,0,2,1.0,0.18958206834018543,0.12967872963156976,0.4351934119024601,0.24554579012578462
VTM-000074,DG-05c8d12a3443,0,0,1.0,0.42895003729701003,0.24994150288198513,0.09405006875228793,0.22705839106871678
VTM-000087,DG-9eeca622f783,0,0,1.0,0.3929078249171115,0.28419950177176545,0.13800714677392792,0.18488552653719514
VTM-000088,DG-6aab048ce8a7,0,3,1.0,0.3667474381220725,0.17243658554939534,0.07563694719067313,0.385179029137859
VTM-000118,DG-14b376873e31,0,0,1.0,0.5555009643079621,0.10186485166734864,0.1300153905443447,0.2126187934803445
VTM-000142,DG-6f8fb1c77e4c,0,0,1.0,0.3755891704881766,0.1314362331139773,0.2658227471248794,0.22715184927296653
VTM-000221,DG-a4bd6daf961b,0,3,1.0,0.2569557741518349,0.16841018986396833,0.23172034973119293,0.34291368625300384
VTM-000252,DG-ed7133e0dd49,0,0,1.0,0.3129340872013362,0.253861073546296,0.21177121803093682,0.22143362122143107
VTM-000281,DG-84fcc1d3f52a,0,0,1.0,0.3232171726086125,0.29791537745417435,0.22520984288926305,0.1536576070479501
VTM-000298,DG-92e88f8c1435,0,1,1.0,0.27551353696900116,0.34903479654271957,0.20627618208200799,0.16917548440627134
VTM-000326,DG-328ad092690f,0,0,1.0,0.4948216048488278,0.12272517165400286,0.25481119803440005,0.12764202546276918
VTM-000381,DG-32afcf6adb10,0,0,1.0,0.34651270528945216,0.29403129649574067,0.1909076360747315,0.16854836214007562
VTM-000383,DG-f0a06cb9e4f5,0,0,1.0,0.647470270085627,0.05513999324001296,0.12649421255047746,0.1708955241238825
VTM-000401,DG-1b2524fd0729,0,1,1.0,0.3121725710152125,0.3290347880469719,0.22877592590915594,0.13001671502865966
VTM-000471,DG-cea97ec6d8bc,0,0,1.0,0.4083494353782589,0.14159250630393103,0.1809755191269271,0.2690825391908828
VTM-000476,DG-59d980326e53,0,0,1.0,0.5392638859093654,0.13019327714392723,0.12725333854580786,0.2032894984008995
VTM-000502,DG-798518079cf8,0,0,1.0,0.6252818056071241,0.10196025761652416,0.14890204591858602,0.12385589085776576
VTM-000526,DG-0e1dac20bf87,0,0,1.0,0.4813347309536357,0.08397481762475545,0.06185294062264883,0.37283751079895994
VTM-000553,DG-2a97609617c5,0,0,1.0,0.47593739506820104,0.19007123317600874,0.1447698465716349,0.18922152518415536
VTM-000611,DG-8aca82ee2d9a,0,0,1.0,0.44818523044559117,0.13992737075260622,0.20308281989383126,0.20880457890797133
VTM-000653,DG-43118d65bbc5,0,0,1.0,0.38676542112426504,0.2953880415213652,0.13656366339929565,0.18128287395507406
VTM-000679,DG-1b90ed208216,0,3,1.0,0.3311246879306283,0.17319743446859695,0.15364019035405263,0.34203768724672207
VTM-000693,DG-215e87cde7ce,0,1,1.0,0.27916859446659836,0.38316807591979923,0.1935448524124384,0.14411847720116414
VTM-000714,DG-d5b2d2d0f47d,0,0,1.0,0.581917804142127,0.12492483495194005,0.1355810622590332,0.15757629864689976
VTM-000724,DG-71445ecdb56e,0,0,1.0,0.495440044689926,0.13720143016084194,0.10957460685770168,0.25778391829153047
VTM-000730,DG-3a2fcad1ab5c,0,1,1.0,0.25489307353149093,0.34158340030330175,0.21010767595257446,0.19341585021263297
VTM-000740,DG-be20a789f2d6,0,0,1.0,0.42896533316539487,0.20214478459459628,0.186542590010909,0.18234729222909968
VTM-000784,DG-dee47a6e3020,0,3,1.0,0.21535436956907308,0.24747622637056416,0.2218959583259488,0.31527344573441396
VTM-000787,DG-c6f678882da1,0,0,1.0,0.65004390092951,0.07288822118366971,0.14461471431234124,0.1324531635744791
VTM-000789,DG-1c975bac96ef,0,0,1.0,0.41804796665704386,0.24219060863365488,0.1358528043170396,0.2039086203922618
VTM-000793,DG-8e11b27e79d2,0,3,1.0,0.21686074662077734,0.21479936538376398,0.21336877849032398,0.35497110950513466
VTM-000820,DG-cb62257007e8,0,0,1.0,0.421437850610047,0.12386506830413571,0.10936291108046343,0.3453341700053539
VTM-000829,DG-3a19371a5a2f,0,0,1.0,0.5170314743984957,0.08586884860456732,0.05066014281822062,0.3464395341787163
VTM-000878,DG-b4b902bcc281,0,3,1.0,0.25230569844271705,0.15955801096637492,0.1397131191018216,0.4484231714890864
VTM-000950,DG-52149f250b6b,0,0,1.0,0.5615216832959591,0.18043218654285384,0.10320438449982046,0.15484174566136677
VTM-000968,DG-4504ea2bbae4,0,0,1.0,0.4885956845971465,0.1445050109394875,0.12424090890703895,0.24265839555632704
VTM-000984,DG-20a1ed1c7f25,0,0,1.0,0.31531405501774107,0.30732303867328253,0.2302292991544701,0.1471336071545064
VTM-000988,DG-9909953eb71a,0,0,1.0,0.6062371823579089,0.11525758800275372,0.1259435470647847,0.15256168257455277
VTM-001009,DG-3a6609277b62,0,0,1.0,0.5742567686364712,0.11033514895362592,0.08817845925420849,0.22722962315569442
VTM-001017,DG-aa250e46435d,0,0,1.0,0.38560490911432016,0.2406662062831346,0.12350700974775326,0.2502218748547919
VTM-001032,DG-e8a4e7f08a76,0,0,1.0,0.6861146527817228,0.09363142572181968,0.03420778529170098,0.18604613620475677
VTM-001046,DG-02686e525e12,0,1,1.0,0.3115336989100496,0.314016740807345,0.18475939124498927,0.18969016903761612
VTM-001055,DG-cc8a31d9a8d1,0,0,1.0,0.46618063998448905,0.21178361783480248,0.12466506462093116,0.1973706775597773
VTM-001076,DG-5d50abc742d1,0,0,1.0,0.5014431248904891,0.10619659392039141,0.1442297148471908,0.24813056634192848
VTM-001150,DG-96f2335172fb,0,0,1.0,0.483607216420539,0.1766623701089179,0.12169042516757095,0.2180399883029722
VTM-001164,DG-a3b1959b14cb,0,0,1.0,0.3645037938223061,0.2658715785247509,0.20793508018696547,0.16168954746597755
VTM-001182,DG-f78cf8579796,0,0,1.0,0.4579816279278141,0.14625797635340143,0.2432631338527335,0.1524972618660509
VTM-001216,DG-a0b56d2c7eb4,0,3,1.0,0.18248752725004078,0.10329922156497984,0.1684146399657795,0.5457986112191999
VTM-001247,DG-fa5b00803530,0,0,1.0,0.6329300406685545,0.1106478413179743,0.11647219211260806,0.13994992590086316
VTM-001248,DG-54453e287950,0,1,1.0,0.2646239417286367,0.3304068576874671,0.2354734506836817,0.1694957499002147
VTM-001277,DG-9aa6cf537ad2,0,3,1.0,0.2671243561338608,0.19156731854011289,0.2451981213071332,0.296110204018893
VTM-001283,DG-f241854c4277,0,1,1.0,0.2791202602214502,0.41592130082732837,0.15472787749621025,0.15023056145501112
VTM-001312,DG-060ca0c5c72d,0,0,1.0,0.49357684184713835,0.12460337355525912,0.1474119279476755,0.23440785664992694
VTM-001342,DG-4329fd0fa254,0,0,1.0,0.3859471289974049,0.23131477099228925,0.19119854420001653,0.19153955581028942
VTM-001357,DG-7f4dc6574ffe,0,0,1.0,0.4747828139322804,0.08658009866804697,0.20864867767106626,0.22998840972860649
VTM-001382,DG-1509292b6cc8,0,0,1.0,0.4034103562238673,0.2771401893958223,0.18510050747062007,0.13434894690969051
VTM-001395,DG-537642b233cd,0,2,1.0,0.2942316838936743,0.24933081372367086,0.30828613467473465,0.14815136770792026
VTM-001419,DG-d98fb1bcefac,0,0,1.0,0.6258927761350435,0.12237558788726617,0.10687483923260661,0.14485679674508373
VTM-001471,DG-127eae5e258a,0,0,1.0,0.3990724787573823,0.1764629359258969,0.16701852602231018,0.2574460592944106
VTM-001509,DG-e325dc5be40a,0,0,1.0,0.38256184024637374,0.1772483224079195,0.27858756714268174,0.16160227020302517
VTM-001607,DG-080fb8d0d108,0,0,1.0,0.335623241465693,0.2945331752476663,0.18183391706448404,0.1880096662221567
VTM-001621,DG-101ac59f319a,0,0,1.0,0.43451396197319175,0.23134769731773586,0.15604839275192986,0.17808994795714259
VTM-001632,DG-34e20a4b6942,0,2,1.0,0.13790874184442972,0.18527345644604368,0.5288447383822157,0.14797306332731083
VTM-001671,DG-a5ee170f9ded,0,0,1.0,0.3951182494322398,0.16609426917206035,0.20466868279372966,0.23411879860197024
VTM-001706,DG-09c9971334d4,2,2,1.0,0.0992717635387271,0.19712280552697034,0.5709337134459667,0.13267171748833606
VTM-001728,DG-df4c8a563a24,2,2,1.0,0.20549870653979144,0.2253037089577893,0.3005317274400359,0.2686658570623833
VTM-001740,DG-4b56e6a07cac,2,2,1.0,0.1684503720208858,0.2040031826621831,0.4753148880815914,0.15223155723533963
VTM-001767,DG-dc4471ec2abc,2,2,1.0,0.11662382064902505,0.17507787816885656,0.5871154828401045,0.12118281834201387
VTM-001818,DG-37314de86155,2,2,1.0,0.14977791850621405,0.1526091947939815,0.48840159582741793,0.20921129087238646
VTM-001873,DG-2fc4fa8ac5ba,2,2,1.0,0.07649026979062788,0.13343928157820364,0.6531725295768334,0.13689791905433524
VTM-001936,DG-eeae9d39a9dc,2,1,1.0,0.14460559988344043,0.46308971723149683,0.2114015871435201,0.1809030957415426
VTM-001949,DG-407a74f71db2,2,2,1.0,0.12768021227124435,0.16643245269429782,0.558377476982183,0.14750985805227476
VTM-001963,DG-b51f8446301b,2,1,1.0,0.21700293697680775,0.35894767545856604,0.25730807105651154,0.16674131650811472
VTM-001966,DG-dd004fef834a,2,2,1.0,0.11115012764160727,0.14801158699843564,0.6220844004578857,0.11875388490207131
VTM-001998,DG-2c0e69601f5e,2,2,1.0,0.08939076922193993,0.13186311627357405,0.6477036679270692,0.13104244657741668
VTM-002028,DG-946770892149,2,2,1.0,0.2565071795394952,0.18300476162190185,0.3508458830670374,0.20964217577156546
VTM-002044,DG-6975427a2b00,2,1,1.0,0.13685192604327637,0.3629931729004711,0.3610272269340361,0.13912767412221652
VTM-002050,DG-b3c27b551590,2,2,1.0,0.11439654995732183,0.1390468227047853,0.628098802153426,0.1184578251844669
VTM-002065,DG-da3cfad91132,2,2,1.0,0.13809268369336092,0.14773430523325107,0.5828727247209794,0.1313002863524086
VTM-002070,DG-4d2397e45b8d,2,2,1.0,0.14339126119069429,0.18306184493864658,0.5099621220660046,0.1635847718046546
VTM-002098,DG-5f080264a9e9,2,0,1.0,0.3451395774475677,0.2038435900896833,0.2253855727226508,0.22563125974009823
VTM-002111,DG-c547e96f8a5e,2,0,1.0,0.33363282748344586,0.22806246911584707,0.24714656461197396,0.19115813878873306
VTM-002137,DG-d17fb3fe6588,2,2,1.0,0.14146420252041647,0.1658879167365466,0.5467289873962995,0.1459188933467375
VTM-002205,DG-024f820c5d42,2,1,1.0,0.09859884282008025,0.5466887595796575,0.18875842372149654,0.1659539738787657
VTM-002208,DG-8a9eea001fb7,2,2,1.0,0.1031225012106396,0.19939940554836738,0.5360498002315681,0.16142829300942485
VTM-002209,DG-013a772a41b4,2,0,1.0,0.26627869017592953,0.2362561306634805,0.2354810961418495,0.26198408301874054
VTM-002212,DG-47fc26f33286,2,0,1.0,0.2911291040644617,0.2033262816875158,0.273171036080962,0.23237357816706056
VTM-002265,DG-4d5ee2eb3642,2,2,1.0,0.11416935834974655,0.14611709818225124,0.6019102545875112,0.137803288880491
VTM-002322,DG-2c899b501f1d,2,2,1.0,0.124509592803934,0.15595710563682794,0.5958756096244046,0.12365769193483338
VTM-002358,DG-c8215fda6914,2,1,1.0,0.09154225570121867,0.4792192859364361,0.23413220790782505,0.19510625045452035
VTM-002388,DG-7927329cc85d,2,1,1.0,0.18845339119216636,0.3705302232265833,0.23462275208656275,0.20639363349468773
VTM-002391,DG-ebc7edc66f19,2,1,1.0,0.12917039664259775,0.46436691088878673,0.2439722273598047,0.16249046510881074
VTM-002445,DG-83eb15527c67,2,2,1.0,0.13910408079928308,0.146040917998123,0.6091945055627327,0.10566049563986128
VTM-002466,DG-7e0145e05115,2,2,1.0,0.1520228574778482,0.2112589315709344,0.4667989358817664,0.169919275069451
VTM-002468,DG-4b5608916bb1,2,2,1.0,0.11083167172387758,0.16635747692937924,0.5867831772265157,0.1360276741202274
VTM-002508,DG-290ae7f2f62f,2,2,1.0,0.1087186037574957,0.16447554901385086,0.6160218293451614,0.11078401788349203
VTM-002530,DG-8b08316d8e8a,2,2,1.0,0.1159358393037911,0.25199827417911613,0.4576942968227399,0.1743715896943529
VTM-002581,DG-f47265c51350,2,2,1.0,0.10102418346814765,0.23310132377366247,0.5163216577451223,0.1495528350130677
VTM-002588,DG-bf1e0b7b2b2d,2,2,1.0,0.06501918483385737,0.12924530227149011,0.6722053914280066,0.13353012146664606
VTM-002596,DG-6357e7195437,2,2,1.0,0.11114033896836435,0.18088423106083384,0.5518040629199409,0.15617136705086088
VTM-002607,DG-8fe6033ae663,2,2,1.0,0.12205394531783206,0.14241525696992594,0.5909240836845826,0.1446067140276594
VTM-002682,DG-899b21bec40d,2,2,1.0,0.13953999408098836,0.27452891800805224,0.42843339576578165,0.1574976921451778
VTM-002717,DG-3e6877aaa98b,2,2,1.0,0.12272256054940606,0.14704770723814242,0.5343200422196233,0.19590968999282823
VTM-002718,DG-d20c64f46ebb,2,2,1.0,0.14119385696934478,0.1312253771817161,0.5808963249228516,0.14668444092608748
VTM-002721,DG-c37da979c6a0,2,2,1.0,0.1464462976995481,0.25351616004174,0.3070861874844894,0.29295135477422246
VTM-002735,DG-8a8a435e8e4b,2,2,1.0,0.1295556597370454,0.1326886232106033,0.6000969249448026,0.13765879210754875
VTM-002736,DG-7c1b30efe9b2,2,2,1.0,0.2671928953652318,0.18070415414410484,0.32355795652686964,0.22854499396379366
VTM-002749,DG-07647b295c72,2,2,1.0,0.17042494923047685,0.18746105024317367,0.4652833487493325,0.17683065177701712
VTM-002750,DG-1b5a4a187e76,2,2,1.0,0.18645929632109925,0.20768036592388223,0.44155612523325677,0.1643042125217618
VTM-002778,DG-06b16132942b,2,2,1.0,0.06709159229258901,0.10648275394132559,0.7036917854507436,0.12273386831534192
VTM-002841,DG-6c3015bf0dd0,2,2,1.0,0.1822714117198376,0.13297472161203736,0.5673908434225877,0.1173630232455374
VTM-002899,DG-9aa0f6f11f4d,2,0,1.0,0.43080716654308765,0.20434504022227915,0.1960247568323584,0.16882303640227492
VTM-002914,DG-ecd4fac4287f,2,2,1.0,0.16046366577670884,0.1295464592837047,0.56264802449526,0.14734185044432657
VTM-002934,DG-2ed01f8ef8d1,2,0,1.0,0.34002963694931476,0.17429817421420232,0.1809152394957634,0.3047569493407194
VTM-002948,DG-c8c2af62c64d,2,2,1.0,0.15170172451557867,0.1680353009791547,0.5404217143516951,0.13984126015357162
VTM-002980,DG-e16a6abaf9b2,2,2,1.0,0.16247322769135406,0.1773251363053555,0.48330380095465186,0.1768978350486384
VTM-002992,DG-fc957ab58e9b,2,0,1.0,0.37240990372963784,0.19822781156381897,0.24996550925975364,0.17939677544678972
VTM-003021,DG-36932a249f8e,2,2,1.0,0.16162291237781323,0.19905364775784504,0.5239141544373574,0.11540928542698425
VTM-003034,DG-00b42aa15c42,2,2,1.0,0.1441668310295276,0.13406100017583578,0.600292297170325,0.12147987162431162
VTM-003040,DG-fea5d767b540,2,0,1.0,0.408111221864058,0.20453134288220948,0.15970927248344333,0.2276481627702893
VTM-003152,DG-9c840e161e3d,2,2,1.0,0.11125584783659333,0.10622799734133055,0.6865144070439403,0.09600174777813579
VTM-003177,DG-490ca7f8b15a,2,2,1.0,0.14995697581786488,0.2848921286115695,0.4053393173713322,0.15981157819923342
VTM-003192,DG-3d7227aa9b91,2,2,1.0,0.13731547674684824,0.13597510431684864,0.5694691318404027,0.15724028709590038
VTM-003196,DG-00e1e7a9cabb,2,0,1.0,0.39555790505829397,0.19099478440900672,0.24616458198138655,0.16728272855131282
VTM-003227,DG-04c20cda0e71,2,0,1.0,0.28668187389337213,0.24392410376781404,0.2719727729402844,0.1974212493985295
VTM-003306,DG-1ee4428aac3b,2,3,1.0,0.24103306040447772,0.2535382247838754,0.2067985752102789,0.29863013960136814
VTM-003307,DG-38f00c502b7d,2,3,1.0,0.1887933561512493,0.12753154420374496,0.3365888075455024,0.34708629209950337
VTM-003311,DG-e85c640a9c96,2,2,1.0,0.19240150074657983,0.20774703561469277,0.33684818964770485,0.2630032739910224
VTM-003334,DG-a710b9a2298b,2,2,1.0,0.26543054142299355,0.22107253324673923,0.308552954718088,0.20494397061217925
VTM-003335,DG-34dd699c74d9,2,2,1.0,0.13684663818966025,0.18524305248984235,0.5488316667266367,0.12907864259386062
VTM-003345,DG-9c58387a1341,2,0,1.0,0.3855654339307383,0.22546074210140069,0.24395820767850449,0.14501561628935652
VTM-003392,DG-adb8ff4a3305,2,2,1.0,0.11346332537490507,0.17008569491872635,0.6118258574873378,0.10462512221903096
VTM-003422,DG-5f94cd40772b,2,2,1.0,0.17017770909782373,0.15810313454769154,0.46095276563713716,0.2107663907173477
VTM-003469,DG-8e7d2619575d,2,2,1.0,0.09180115957279135,0.13586836927784718,0.6183144945669318,0.15401597658242974
VTM-003484,DG-ba79d4ae3e6f,2,2,1.0,0.1789794571930087,0.25827392603289023,0.403171998514539,0.15957461825956196
VTM-003492,DG-badb6c58fb4c,2,2,1.0,0.20422432627854145,0.18775345834554238,0.4266915991071892,0.18133061626872687
VTM-003504,DG-441ba4d71a75,2,2,1.0,0.16752501172642828,0.22390093393968805,0.4740194053173904,0.13455464901649333
VTM-003550,DG-89773fbc8e7a,2,2,1.0,0.09610764656068668,0.08920984210419808,0.7150928589193182,0.09958965241579691
VTM-003584,DG-28164c360700,2,2,1.0,0.0786587389770212,0.1753232596981483,0.610648635529016,0.1353693657958146
VTM-003587,DG-7e62e8adad39,2,2,1.0,0.1635582796193828,0.20283250837346836,0.4550939763697971,0.17851523563735186
VTM-003610,DG-d551c2a1ee4f,2,2,1.0,0.2149545723068423,0.2236986702476348,0.3647470183202464,0.19659973912527653
VTM-003667,DG-99dab9bc8ee8,2,2,1.0,0.11452328786900964,0.1440002356417078,0.6147185831044686,0.126757893384814
VTM-003694,DG-1dc142df98e6,2,2,1.0,0.192378499524644,0.19987542821091397,0.46402259616086944,0.1437234761035725
VTM-003704,DG-3462001fa780,2,2,1.0,0.15093974965804555,0.22640947686580704,0.4544589007803335,0.16819187269581387
VTM-003714,DG-10893e86d676,2,2,1.0,0.13080196153961654,0.19809869579881578,0.5098167573067771,0.16128258535479073
VTM-003774,DG-d1bfbb45f49d,2,2,1.0,0.16481148125032402,0.16384953510936717,0.5171168652289082,0.15422211841140043
VTM-003781,DG-a453b1efc70f,2,2,1.0,0.10468488063362912,0.09040553458752587,0.6657285790119742,0.13918100576687073
VTM-003795,DG-9447598af4cc,2,2,1.0,0.09204514981234638,0.1293018177422705,0.6413562598277698,0.13729677261761328
VTM-003817,DG-bdbd224e45a1,2,1,1.0,0.2891809493516449,0.2980533371123934,0.26169631986116265,0.15106939367479894
VTM-003825,DG-b2fbba78e76c,2,2,1.0,0.12443636380404453,0.1176688459389775,0.6107433878744212,0.14715140238255683
VTM-003875,DG-b9ac843632dd,2,2,1.0,0.16315773652038273,0.12445724759965142,0.5775006228616939,0.1348843930182719
VTM-003884,DG-9a0ced165273,2,2,1.0,0.162251870520747,0.14126686361224836,0.5157854233745068,0.18069584249249765
VTM-003928,DG-7baf62e4bd78,2,2,1.0,0.1807048039081243,0.1255466844369971,0.49182220227530293,0.20192630937957573
VTM-003963,DG-4838f0e63554,2,2,1.0,0.1531170140858317,0.22811162758963996,0.46384817072129403,0.15492318760323429
VTM-003989,DG-2da0a4904941,2,2,1.0,0.30094831745319667,0.11493451294435783,0.3678110374320762,0.21630613217036923
VTM-003990,DG-067e404da2ae,2,0,1.0,0.3485492459086123,0.14448278028068004,0.3005910536532312,0.20637692015747658
VTM-004004,DG-f8ce8cd92306,2,2,1.0,0.13015994027051067,0.2873331834773232,0.42640597422958204,0.15610090202258425
VTM-004017,DG-bb59d8a61e69,2,2,1.0,0.057364590293078305,0.09876347857187637,0.7546893394112311,0.08918259172381428
VTM-004057,DG-a2f9f7b4b664,2,2,1.0,0.14607973994638138,0.22947514669004873,0.44929791178925255,0.1751472015743173
VTM-004097,DG-aa684bb9f534,2,2,1.0,0.09871950535075193,0.11888559199272568,0.6423960643270915,0.13999883832943089
VTM-004103,DG-e2ced24584b8,2,2,1.0,0.16609322921286854,0.11361588063323597,0.5616037517410111,0.1586871384128844
VTM-004139,DG-fededd0ce8aa,3,3,1.0,0.23355203878717745,0.1639613293354248,0.2469045189476648,0.355582112929733
VTM-004194,DG-3be83e28c412,3,3,1.0,0.10180522740105301,0.15501634437614056,0.1563591214093808,0.5868193068134258
VTM-004213,DG-8ecbbdd1dd86,3,3,1.0,0.31977409841925997,0.08457481995933142,0.04983834119578002,0.5458127404256287
VTM-004261,DG-ebf4b2913dc1,3,3,1.0,0.3267272620137099,0.13842131476433878,0.06023190687963388,0.4746195163423174
VTM-004268,DG-65aea3032445,3,2,1.0,0.19775691924459626,0.2647502514418111,0.27351584427483855,0.263976985038754
VTM-004304,DG-03519b037d6a,3,3,1.0,0.2248202733187185,0.15516441561800892,0.30185278636741775,0.3181625246958547
VTM-004329,DG-f4f4ec97614c,3,2,1.0,0.25352750470543445,0.11147610592432489,0.4134818051947553,0.22151458417548553
VTM-004380,DG-bfacba130f10,3,3,1.0,0.22825947260426033,0.09463002732075246,0.1063619800340619,0.5707485200409254
VTM-004383,DG-a154ff2570aa,3,3,1.0,0.15756895353104328,0.17932800418898293,0.2122562105011496,0.45084683177882434
VTM-004410,DG-8595231a9602,3,3,1.0,0.12493284533027368,0.11212607107396821,0.15072842939318923,0.612212654202569
VTM-004429,DG-2b0e9254349c,3,3,1.0,0.16784242108425948,0.16886829103948822,0.14647632229646018,0.5168129655797921
VTM-004443,DG-f81a10ce8a95,3,3,1.0,0.3458674270683239,0.12204454921219138,0.09163101026077139,0.44045701345871324
VTM-004465,DG-b25c7d12c261,3,3,1.0,0.29199489241286025,0.09661854401539915,0.0855339260008756,0.5258526375708651
VTM-004536,DG-cd5ac65925db,3,3,1.0,0.19010369110155761,0.1940491621334886,0.25007757952860005,0.36576956723635373
VTM-004539,DG-2df5601df0a0,3,3,1.0,0.14079870412334608,0.13903931450887067,0.1369656915659152,0.5831962898018682
VTM-004551,DG-790ba3916d97,3,3,1.0,0.20917044369165294,0.1708241096070089,0.19542277694658325,0.42458266975475495
VTM-004571,DG-e11f0c422035,3,3,1.0,0.08277694618424943,0.13128539749557833,0.09953654983061211,0.68640110648956
VTM-004590,DG-82a5d3fbebab,3,3,1.0,0.08204832632841993,0.06050106330296538,0.05094550187496946,0.8065051084936453
VTM-004619,DG-7124eccb0fa9,3,3,1.0,0.24580439302221174,0.04540708151190709,0.04139290783299606,0.6673956176328851
VTM-004642,DG-78b46abc4f6e,3,3,1.0,0.17905549095454276,0.09747776675232313,0.14176789046146512,0.5816988518316691
VTM-004644,DG-3e4a9e2df8b3,3,3,1.0,0.18935210198920585,0.14491778608684774,0.12147713730954451,0.5442529746144018
VTM-004710,DG-5de1646fc38c,3,1,1.0,0.15126447564946877,0.432042002482735,0.17682134616181022,0.23987217570598593
VTM-004712,DG-d59d955b7917,3,0,1.0,0.3150610813144803,0.22725740670304687,0.1592161811193655,0.29846533086310745
VTM-004723,DG-b28200684618,3,3,1.0,0.09698258767748846,0.12394420434642361,0.10263862208703205,0.6764345858890559
VTM-004725,DG-db918e7bf2a1,3,3,1.0,0.09493827750623307,0.16611192181917037,0.1043240075177594,0.6346257931568373
VTM-004731,DG-2744cabbd30d,3,3,1.0,0.11496055170017432,0.234120768942058,0.1332561738417339,0.5176625055160338
VTM-004752,DG-c05dfd1427d0,3,0,1.0,0.5128288301188949,0.10183471266331151,0.16571483157339634,0.2196216256443972
VTM-004770,DG-6ac201f1fceb,3,0,1.0,0.3401906540189219,0.18277598640602824,0.2675312299422117,0.20950212963283835
VTM-004830,DG-62a3af97b3a6,3,3,1.0,0.1852576986165363,0.1580356775800047,0.13114086426352,0.5255657595399391
VTM-004869,DG-4f7f500cdd02,3,3,1.0,0.0981328809554483,0.11983745003231154,0.13793812773474576,0.6440915412774942
VTM-004880,DG-6ce5b842832c,3,3,1.0,0.14203957561783223,0.11934180492257616,0.10025583186869416,0.6383627875908974
VTM-004897,DG-2c16ff8f2499,3,3,1.0,0.18317723862492774,0.09683258570088359,0.11051587723522177,0.6094742984389668
VTM-004907,DG-78b3d3ddbae7,3,3,1.0,0.19064552257267356,0.27794411027600335,0.15786714288318857,0.3735432242681345
VTM-004908,DG-8549029ec9c5,3,1,1.0,0.26108431233694973,0.29449892573068814,0.16721072595934564,0.2772060359730165
VTM-004969,DG-0552f6f86183,3,3,1.0,0.12316566621923682,0.09076694853631305,0.07227170727380677,0.7137956779706434
VTM-005037,DG-254019202fdb,3,3,1.0,0.14280572019759644,0.23287307232381013,0.17452523550473445,0.449795971973859
VTM-005055,DG-9e10fc231ca0,3,3,1.0,0.31807512756039497,0.06879382410714553,0.04534943222075402,0.5677816161117054
VTM-005061,DG-5ea940153c87,3,3,1.0,0.11850423972000197,0.25999528396204424,0.14004841495631962,0.48145206136163426
VTM-005067,DG-b4d0b6499ae1,3,0,1.0,0.33588800012785763,0.20011891469417076,0.17472549488929306,0.28926759028867854
VTM-005101,DG-90d1f8ac69ec,3,3,1.0,0.0988627250686369,0.11264110396850102,0.1469943681848735,0.6415018027779885
VTM-005110,DG-86ac20a333a4,3,3,1.0,0.22177533695262758,0.20439372214583768,0.12738285135095156,0.44644808955058324
VTM-005144,DG-b447ded5a7f9,3,3,1.0,0.09732748595449724,0.0995361327074755,0.08142885055704797,0.7217075307809794
VTM-005172,DG-e25575bbef0a,3,0,1.0,0.404259366705597,0.16507259636261104,0.08710237231322607,0.34356566461856597
VTM-005175,DG-bd581c571442,3,1,1.0,0.1800344180197757,0.43989042888940005,0.1418676034697685,0.23820754962105561
VTM-005211,DG-1387f1c5cef6,3,3,1.0,0.11320950564139694,0.12163342577919171,0.14690130934514709,0.6182557592342643
VTM-005229,DG-97123b8e5595,3,0,1.0,0.3311352943951421,0.17012327106264996,0.17578060489775896,0.32296082964444905
VTM-005281,DG-31cf2bbd23f5,3,2,1.0,0.20304625746169078,0.15179400641820198,0.39156715721384305,0.2535925789062642
VTM-005330,DG-f6d3862025a9,1,2,1.0,0.27232210249428357,0.20104367194819764,0.29111037165469933,0.23552385390281955
VTM-005414,DG-d053a42b81b9,1,1,1.0,0.15280060030078463,0.535118218062443,0.16485750901191198,0.14722367262486036
VTM-005519,DG-bb2273a44b63,1,1,1.0,0.12143086884442852,0.5252214481040588,0.21933199849392176,0.13401568455759091
VTM-005533,DG-12c55890ddbd,1,0,1.0,0.3543281730193711,0.3322248941105474,0.15176430384614212,0.16168262902393932
VTM-005569,DG-d331eac9870d,1,1,1.0,0.2786750934362334,0.3355863388520597,0.18886897602521938,0.19686959168648752
VTM-005583,DG-312837bb557b,1,1,1.0,0.21718152587079256,0.43338278374119055,0.21893898988781638,0.13049670050020057
VTM-005618,DG-2e359b7e1db7,1,1,1.0,0.3026764056021394,0.3455308625131648,0.12608951584236736,0.22570321604232854
VTM-005622,DG-7de80ecb7118,1,1,1.0,0.1337218545351681,0.48521156720894054,0.2389400109016635,0.1421265673542278
VTM-005645,DG-42e3c86f9ebb,1,1,1.0,0.1328537538070834,0.5251763247919573,0.19259988119771218,0.1493700402032472
VTM-005688,DG-4b0f92196d21,1,1,1.0,0.16083265198150903,0.45702484825914724,0.228541854467966,0.15360064529137785
VTM-005736,DG-5f4656c0dfee,1,1,1.0,0.1209834920394272,0.5673568786138343,0.12046690748819527,0.19119272185854322
VTM-005754,DG-e4a92d901d9c,1,1,1.0,0.13667431891123097,0.5250790616156529,0.1855436490153207,0.1527029704577955
VTM-005768,DG-309bcd1b5c9e,1,2,1.0,0.11831026706257856,0.27829205890982106,0.42996169053912786,0.17343598348847247
VTM-005793,DG-a5253d85d0bc,1,1,1.0,0.13386379498019138,0.5524154937778797,0.1611752924513972,0.1525454187905319
VTM-005797,DG-7ee1f605e2f4,1,1,1.0,0.21193848483343683,0.3220073866060739,0.28871697319761336,0.17733715536287595
VTM-005834,DG-2a54a445b613,1,1,1.0,0.13276979433635255,0.49737417889948154,0.20543720116448655,0.1644188255996793
VTM-005845,DG-bd8af52d1134,1,1,1.0,0.10677879628284875,0.5199024005317653,0.19586741394404764,0.17745138924133824
VTM-005865,DG-265b58a54a61,1,1,1.0,0.13878247857055792,0.5280127181389618,0.20039800436013755,0.13280679893034275
VTM-005875,DG-5d3983d4a819,1,0,1.0,0.323584989748699,0.21867906206625048,0.21054832467128692,0.24718762351376372
VTM-005889,DG-96752d8bab5e,1,2,1.0,0.2026528318971592,0.2553095959344765,0.30332255497159016,0.23871501719677407
VTM-005894,DG-c3c008ed6d1a,1,1,1.0,0.19146965412735345,0.37117861138805824,0.26600521366582547,0.17134652081876275
VTM-005910,DG-8c72ea78dd48,1,1,1.0,0.1284369491271224,0.500867071988879,0.2145494959878597,0.15614648289613897
VTM-005911,DG-a8c6e39bedf3,1,3,1.0,0.2087474771943903,0.2229392842349193,0.23936258892794857,0.32895064964274184
VTM-005923,DG-ab1238a20f5e,1,3,1.0,0.27857029989659193,0.257719919106479,0.1804776348665028,0.28323214613042613
VTM-005930,DG-46bea66675d6,1,1,1.0,0.2575847526096309,0.31891676738490704,0.18655960610458447,0.23693887390087753
VTM-005963,DG-84a0a194dc30,1,1,1.0,0.1802692870582853,0.3711020558837295,0.2561432729602555,0.1924853840977297
VTM-005995,DG-b092d388e7e4,1,3,1.0,0.2714923548132857,0.2136804997946154,0.21707811858645684,0.29774902680564214
VTM-006027,DG-39ce6d397743,1,1,1.0,0.20369367926055396,0.4485804811450022,0.20570173789299967,0.14202410170144433
VTM-006046,DG-2a7fde7bf924,1,1,1.0,0.1609234126429766,0.5214774489579113,0.12987592145550408,0.18772321694360788
VTM-006051,DG-601f95d04581,1,1,1.0,0.14775124270378884,0.5100979160901853,0.19341903455247103,0.14873180665355498
VTM-006097,DG-f2e4d3c510f0,1,0,1.0,0.28962830459387034,0.262708454781575,0.25233821614160296,0.19532502448295166
VTM-006109,DG-c0166bf88dab,1,1,1.0,0.1623094298609332,0.5508010711268628,0.15650893171614053,0.13038056729606348
VTM-006137,DG-dd4a829df941,1,1,1.0,0.2605040664586631,0.3817981016686356,0.15200940285881837,0.20568842901388282
VTM-006165,DG-7dec16db5cba,1,1,1.0,0.20738964274550822,0.480770978621484,0.14170340975681434,0.17013596887619334
VTM-006177,DG-c73319b31e52,1,1,1.0,0.10776524431379655,0.5711644357435254,0.15850443660669036,0.16256588333598784
VTM-006194,DG-0c7ea643bdd7,1,1,1.0,0.12648593586680204,0.519182496505943,0.1759699216972666,0.17836164592998838
VTM-006245,DG-028e13aa74bd,1,1,1.0,0.1211133208233449,0.5536775501069767,0.17180147953264724,0.15340764953703104
VTM-006256,DG-2d4ccef1110f,1,1,1.0,0.17828878193205905,0.3848467469167917,0.2921053076175147,0.1447591635336346
VTM-006261,DG-5447bd9f4019,1,1,1.0,0.11591511207227391,0.5261851773569948,0.08867097835345085,0.2692287322172805
VTM-006271,DG-af9b715bbab3,1,1,1.0,0.1886370247201725,0.3141898631193902,0.30187863298322914,0.1952944791772083
VTM-006317,DG-3f80c4ea4257,1,1,1.0,0.20849390699435305,0.3657736894795388,0.2655858351865805,0.1601465683395276
VTM-006318,DG-e2e846a4eaf2,1,1,1.0,0.15456899999299994,0.33715314706744753,0.3187096699667718,0.18956818297278077
VTM-006332,DG-9405e3d7cf41,1,1,1.0,0.15445708269059527,0.470276984160834,0.23471728684088652,0.14054864630768416
VTM-006434,DG-69a95924ce20,1,2,1.0,0.15140980271592297,0.26658990628691814,0.40877329145511626,0.1732269995420427
VTM-006447,DG-dd8018eb38c7,1,1,1.0,0.18944138055280194,0.37890390678862657,0.23437604655614008,0.19727866610243155
VTM-006491,DG-f5501b5261fe,1,1,1.0,0.13063490683263268,0.5759868331670434,0.18858709502337975,0.10479116497694421
VTM-006512,DG-893640c33530,1,1,1.0,0.12463671105902961,0.568221890341484,0.14195340345309665,0.16518799514638977
VTM-006537,DG-595ca7af18ac,1,2,1.0,0.1505425306276215,0.23468652508681584,0.3885854778269613,0.22618546645860135
VTM-006539,DG-c00b5cc39d02,1,2,1.0,0.18593641105155695,0.2648302303525075,0.36026215643951665,0.18897120215641894
VTM-006565,DG-76bdada12601,1,1,1.0,0.1854951500026406,0.4825703626460325,0.1709091631059762,0.1610253242453508
VTM-006583,DG-27f071b46645,1,0,1.0,0.44532750899811874,0.2247562153106109,0.1434601834751101,0.18645609221616039
VTM-006637,DG-1d8ffe350acf,1,1,1.0,0.2642842651390973,0.3193513427503425,0.16857730607710572,0.24778708603345456
VTM-006660,DG-a4e5f29727db,1,3,1.0,0.3275108624775254,0.17325339358273564,0.13568518969316645,0.3635505542465725
VTM-006693,DG-f391de15836c,1,0,1.0,0.32990773748533087,0.3027612207011398,0.15160222744539062,0.21572881436813873
VTM-006705,DG-334327407d16,1,0,1.0,0.3759560237745194,0.18679771254193234,0.15772029329397932,0.27952597038956895
VTM-006714,DG-fc602967d82d,1,1,1.0,0.1603469022016139,0.4921584097569729,0.16092888229026786,0.18656580575114548
VTM-006725,DG-83daee72ea6f,1,0,1.0,0.35701293945518137,0.28068599327785054,0.15881215683999306,0.2034889104269752
VTM-006794,DG-a7c729a56102,1,0,1.0,0.3224667977970824,0.23380498958166537,0.2005768621438247,0.24315135047742745
VTM-006804,DG-ffa9af1548d4,1,1,1.0,0.16783019499450408,0.4443073524406148,0.19284579372999994,0.19501665883488128
VTM-006824,DG-af9d2e2ef619,1,1,1.0,0.13949476013769455,0.489959313135397,0.20143276090800108,0.16911316581890737
VTM-006829,DG-2a1d805075bd,1,1,1.0,0.16235747081839838,0.4533037298621271,0.25138239899359693,0.13295640032587766
VTM-006883,DG-601c7764236b,1,1,1.0,0.16131469724583455,0.400462764562232,0.2915497884713541,0.1466727497205795
VTM-006936,DG-f6d03d16a81e,1,1,1.0,0.26016296654827126,0.3860503227642842,0.18948617788271033,0.1643005328047342
VTM-006943,DG-ec734403d442,1,0,1.0,0.34765572839047004,0.26175246197202906,0.20063311547624885,0.1899586941612521
VTM-007009,DG-39d7b0912ce5,1,1,1.0,0.10698594435228077,0.5627954233767315,0.20523259541421085,0.12498603685677678
VTM-007043,DG-7f60aba9a6ae,1,1,1.0,0.17138269193205416,0.40631937699097004,0.2267955659250453,0.1955023651519304
VTM-007076,DG-f79fe0f52c94,1,2,1.0,0.19169751559391948,0.24596276157195138,0.3941902659018515,0.16814945693227737
VTM-007083,DG-7184dc0ff98c,1,1,1.0,0.16948235351876928,0.47795172197863134,0.1930760068712624,0.15948991763133713
VTM-007113,DG-19b2c7b5ce4e,1,1,1.0,0.170799403541829,0.47446351553531957,0.14806323396363041,0.206673846959221
VTM-007117,DG-2a28894a69c2,1,1,1.0,0.14655072711338007,0.4368473272441534,0.2597069371583514,0.15689500848411514
VTM-007146,DG-93e1adefaa54,1,0,1.0,0.40783746083074046,0.2311968043085946,0.15025821555162802,0.21070751930903672
VTM-007175,DG-22cde3cc3600,1,1,1.0,0.10648090532841965,0.5218505659516929,0.21438381696360334,0.157284711756284
VTM-007214,DG-a2492682f54e,1,0,1.0,0.42676851937586185,0.13907492271296612,0.15080271358419278,0.28335384432697913
VTM-007246,DG-373878db0c3f,1,1,1.0,0.21652526989571538,0.30374820556897564,0.30153188872556513,0.17819463580974385
VTM-007293,DG-dd47f65657ec,1,0,1.0,0.46954595929977266,0.23763960530525127,0.1065795355667837,0.1862348998281924
VTM-007304,DG-f070b42c1dd7,1,1,1.0,0.18475049383695968,0.5337387286530468,0.11731394002879554,0.16419683748119804
VTM-007305,DG-59fd9a04a5bb,1,0,1.0,0.33381387463289347,0.32401860814185623,0.16620107426543648,0.17596644295981376
VTM-007306,DG-aec8d4a9d063,1,1,1.0,0.22045995879230174,0.40681078261607856,0.1856228108305121,0.18710644776110755
VTM-007363,DG-334a894001d0,1,1,1.0,0.17106214438929995,0.5344668384238236,0.15412758111586364,0.14034343607101282
VTM-007368,DG-596feded19b8,1,2,1.0,0.22491486476439174,0.3106976789530126,0.3200097402726075,0.14437771600998822
VTM-007418,DG-f4d7d037a256,1,1,1.0,0.16261358580892188,0.5079269144834028,0.18117133836770283,0.14828816133997258
VTM-007451,DG-4b3bcaba91d2,1,1,1.0,0.2251613400934833,0.29295112603035023,0.19847308879331327,0.28341444508285324
VTM-007475,DG-2a816dbc2852,1,1,1.0,0.18270911046496596,0.514974822529771,0.1388289574513769,0.16348710955388615
VTM-007477,DG-23ba772e5c5f,1,1,1.0,0.15320252514512364,0.5450760609512201,0.17171634309759434,0.13000507080606183
VTM-007499,DG-4371018f907d,1,1,1.0,0.13519725070101915,0.42026752744302515,0.2731579062621934,0.17137731559376237
VTM-007530,DG-5cdcce28f20a,1,1,1.0,0.14654767934764118,0.45542173591433693,0.14278782425726597,0.25524276048075584
VTM-007556,DG-daac523b226e,1,1,1.0,0.2542438030359076,0.4584828251322459,0.15239983008421765,0.13487354174762878
VTM-007563,DG-38da1b311950,1,1,1.0,0.11466893289546808,0.48622614950071424,0.24148424645061078,0.15762067115320694
VTM-007588,DG-6fbe36d4f648,1,0,1.0,0.3799292966154667,0.34490743594853296,0.1371569533063444,0.13800631412965597
VTM-007637,DG-f6393442f9b2,1,1,1.0,0.12044777422324619,0.6202373120884329,0.15671486432953693,0.10260004935878396
VTM-007724,DG-d3662a365ef5,1,3,1.0,0.20664184604248442,0.3069202505197885,0.15893200235434532,0.32750590108338173
VTM-007780,DG-7dbfd0834471,1,1,1.0,0.15663732479407527,0.42244249142941687,0.22297070733378963,0.1979494764427181
VTM-007807,DG-ccb009827c69,1,3,1.0,0.13440634528736942,0.22462864592658094,0.194212129642402,0.4467528791436477
VTM-007833,DG-b6f4751d4e1b,1,0,1.0,0.3803223042728445,0.23497311574702945,0.11053080344541727,0.27417377653470876
VTM-007837,DG-b7e19b7ae55a,1,0,1.0,0.41059320671565647,0.22502639379412298,0.12009314570969798,0.2442872537805227
VTM-007846,DG-3f41bbd63637,1,1,1.0,0.234760113374917,0.4435801552031434,0.18798220862939627,0.13367752279254327
VTM-007864,DG-505e1ebc97c2,1,1,1.0,0.11182119328029416,0.53147480899374,0.15875018413335676,0.19795381359260925
VTM-007883,DG-71881dcb8e83,1,1,1.0,0.24623601441571058,0.3192011249761881,0.18113290071556706,0.2534299598925344
VTM-007884,DG-4fc1852d5c10,1,3,1.0,0.27838297647111476,0.26526411791517046,0.1518769495808733,0.30447595603284144
VTM-007892,DG-08fea9933438,1,3,1.0,0.33174078698570025,0.15952205859528087,0.0708376527020596,0.4378995017169591
VTM-007917,DG-14ec324c7a4e,1,1,1.0,0.10698130425928896,0.5842925232628869,0.1592737740847311,0.14945239839309288
VTM-007923,DG-b28bc96837ee,1,1,1.0,0.20968521867986403,0.32541415104005283,0.2337111066409343,0.23118952363914885
VTM-007930,DG-2b72251d88f8,1,1,1.0,0.13880787214409016,0.536476643785362,0.17726322642477244,0.1474522576457754
VTM-007945,DG-03c0a8989100,1,2,1.0,0.17037518008444028,0.3102559024590592,0.3294093382614997,0.18995957919500067
VTM-007993,DG-92537f835a14,1,0,1.0,0.442517609940038,0.1631299874520029,0.2195282698896997,0.1748241327182594
VTM-008033,DG-2792994947c6,1,1,1.0,0.12459116728325093,0.5215616503150291,0.21045417039302308,0.14339301200869695
VTM-008080,DG-b896793f1f25,1,1,1.0,0.1851259502755269,0.5483617027858818,0.1340347376735251,0.132477609265066
VTM-008085,DG-755ffa8befb1,1,1,1.0,0.11474619326728416,0.4814879376448319,0.2495088863413203,0.15425698274656366
VTM-008088,DG-b11339615a59,1,1,1.0,0.167450308380854,0.32559007008611845,0.2195482461260623,0.2874113754069653
VTM-008094,DG-c1bace1c897f,1,1,1.0,0.10203360673259679,0.4408142498698679,0.2692448642556146,0.18790727914192065
VTM-008112,DG-3b64eee940e6,1,1,1.0,0.21049640327865604,0.3945841885579382,0.24142715057658798,0.15349225758681767
VTM-008127,DG-5b2d2bc5deb3,1,1,1.0,0.18874640449880345,0.44062326356511017,0.21936444725571233,0.1512658846803741
VTM-008142,DG-871920f3d222,1,0,1.0,0.3216202970141302,0.2661358379366196,0.17347227639681817,0.238771588652432
VTM-008185,DG-3288a13bdef9,1,0,1.0,0.3824337303667429,0.18925938715455898,0.0877745094670187,0.3405323730116795
VTM-008201,DG-8f056936797a,1,1,1.0,0.19428319911782024,0.4080679325510744,0.2513894017217938,0.14625946660931147
VTM-008235,DG-90c6c9ca2797,1,3,1.0,0.18201596544641693,0.21879970939055865,0.18723379372459706,0.4119505314384274
VTM-008276,DG-47f14ce473fa,1,1,1.0,0.19325633499300213,0.3488726582377996,0.293084133712781,0.1647868730564172
VTM-008317,DG-3ad8475704ce,1,1,1.0,0.1162557792793527,0.534170104168346,0.20971465137414716,0.13985946517815417
VTM-008320,DG-787325895365,1,1,1.0,0.16441805074634186,0.423443344672292,0.26910906146457503,0.14302954311679117
VTM-008323,DG-c0ede3d4e248,1,2,1.0,0.17560516548511984,0.32821339879229344,0.3394990785315444,0.1566823571910423
VTM-008347,DG-6455fda523c2,1,1,1.0,0.12327333660825254,0.43405957896285524,0.24321524073995276,0.19945184368893948
VTM-008379,DG-d6d91b3b592b,1,1,1.0,0.2685326719335046,0.3658130373098765,0.23131495332908378,0.1343393374275352
VTM-008390,DG-7ceeb0464230,1,1,1.0,0.13187139246137836,0.34844494979741397,0.33112931697766906,0.18855434076353864
VTM-008429,DG-314d212adcd6,1,2,1.0,0.19029894452565838,0.2927543469187795,0.3321971748961267,0.18474953365943525
VTM-008430,DG-80f6a340dbe8,1,1,1.0,0.18619883601676035,0.3819453985902741,0.29465302245305663,0.13720274293990894
VTM-008458,DG-e3f31ddd4567,1,1,1.0,0.17004023565613885,0.3549596815928465,0.2954161078654088,0.17958397488560576
VTM-008513,DG-549be0b52c87,1,1,1.0,0.19356893812506928,0.43257616981098607,0.22787923911615499,0.14597565294778966
VTM-008534,DG-aaff4f2a5ff6,1,1,1.0,0.15780726355355984,0.4574911866255507,0.21994244522364237,0.164759104597247
VTM-008543,DG-c6d167ed06ef,1,2,1.0,0.17091149620208868,0.23928120655336108,0.4464162569874085,0.1433910402571418
VTM-008576,DG-ab154a0192dc,1,0,1.0,0.4226980467998726,0.283873300901748,0.14438324524526436,0.149045407053115
