image_id,relative_path,mineral_label,four_class_label,four_class_id,mindat_photo_id,split_group_id,split,review_decision,review_reason,expert_note,reviewer,review_date
VTM-000079,raw_positive/ilmenite_ti_mineral/ilmenite_mindat_p1298637_166_raw.jpg,ilmenite,target_mineral,0,1298637,DG-865801959617,train,exclude,microscope_image,,,
VTM-000088,raw_positive/ilmenite_ti_mineral/ilmenite_mindat_p1298697_153_raw.jpg,ilmenite,target_mineral,0,1298697,DG-6aab048ce8a7,train,exclude,microscope_image,,,
VTM-000102,raw_positive/ilmenite_ti_mineral/ilmenite_mindat_p1335727_328_raw.jpg,ilmenite,target_mineral,0,1335727,DG-8f39b68c7460,train,exclude,microscope_image,,,
VTM-000103,raw_positive/ilmenite_ti_mineral/ilmenite_mindat_p1335730_326_raw.jpg,ilmenite,target_mineral,0,1335730,DG-edd7bbc96d6a,train,exclude,microscope_image,,,
VTM-000104,raw_positive/ilmenite_ti_mineral/ilmenite_mindat_p1335735_339_raw.jpg,ilmenite,target_mineral,0,1335735,DG-c81168f6c3c0,train,exclude,microscope_image,,,
VTM-000105,raw_positive/ilmenite_ti_mineral/ilmenite_mindat_p1335740_335_raw.jpg,ilmenite,target_mineral,0,1335740,DG-d22c52e943d5,val,exclude,microscope_image,,,
VTM-000310,raw_positive/ilmenite_ti_mineral/ilmenite_mindat_p847906_138_raw.jpg,ilmenite,target_mineral,0,847906,DG-c6200b22741f,train,exclude,microscope_image,,,
VTM-000783,raw_positive/magnetite_proxy/magnetite_mindat_p134642_1327_raw.jpg,magnetite,target_mineral,0,134642,DG-9ccb51cb0fa8,val,exclude,wrong_label,,,
VTM-000819,raw_positive/magnetite_proxy/magnetite_mindat_p1378981_1135_raw.jpg,magnetite,target_mineral,0,1378981,DG-a8a0f6dcdc40,test,exclude,microscope_image,,,
VTM-000924,raw_positive/magnetite_proxy/magnetite_mindat_p1517575_1139_raw.jpg,magnetite,target_mineral,0,1517575,DG-47aebd820b64,train,exclude,microscope_image,,,
VTM-001567,raw_positive/magnetite_proxy/magnetite_mindat_p838345_634_raw.jpg,magnetite,target_mineral,0,838345,DG-7832d33d6fe4,train,exclude,microscope_image,,,
VTM-003460,raw_negative/gangue_negative/quartz/quartz_mindat_p1125400_page7_008_raw.jpg,quartz,gangue_negative,2,1125400,DG-e96452f60267,train,exclude,,,,
VTM-003623,raw_negative/gangue_negative/quartz/quartz_mindat_p846285_page2_020_raw.jpg,quartz,gangue_negative,2,846285,DG-bd9ebc11a8fc,train,exclude,microscope_image,,,
VTM-004203,raw_negative/metallic_hard_negative/chalcopyrite/chalcopyrite_mindat_p1245983_page4_001_raw.jpg,chalcopyrite,metallic_hard_negative,3,1245983,DG-b8fbe6502090,train,exclude,microscope_image,,,
VTM-004209,raw_negative/metallic_hard_negative/chalcopyrite/chalcopyrite_mindat_p1301081_page7_004_raw.jpg,chalcopyrite,metallic_hard_negative,3,1301081,DG-17021d22a929,train,exclude,microscope_image,,,
VTM-004223,raw_negative/metallic_hard_negative/chalcopyrite/chalcopyrite_mindat_p1361594_page7_024_raw.jpg,chalcopyrite,metallic_hard_negative,3,1361594,DG-b1014726e89c,val,exclude,microscope_image,,,
VTM-004244,raw_negative/metallic_hard_negative/chalcopyrite/chalcopyrite_mindat_p1504887_page7_023_raw.jpg,chalcopyrite,metallic_hard_negative,3,1504887,DG-c9125a3f4c4d,val,exclude,microscope_image,,,
VTM-004261,raw_negative/metallic_hard_negative/chalcopyrite/chalcopyrite_mindat_p1694148_page7_029_raw.jpg,chalcopyrite,metallic_hard_negative,3,1694148,DG-ebf4b2913dc1,train,exclude,microscope_image,,,
VTM-004265,raw_negative/metallic_hard_negative/chalcopyrite/chalcopyrite_mindat_p1694337_page7_030_raw.jpg,chalcopyrite,metallic_hard_negative,3,1694337,DG-f9d478a48d2c,train,exclude,microscope_image,,,
VTM-004266,raw_negative/metallic_hard_negative/chalcopyrite/chalcopyrite_mindat_p1694340_page7_033_raw.jpg,chalcopyrite,metallic_hard_negative,3,1694340,DG-b39923e015fb,train,exclude,microscope_image,,,
VTM-004353,raw_negative/metallic_hard_negative/chalcopyrite/chalcopyrite_mindat_p531950_page3_048_raw.jpg,chalcopyrite,metallic_hard_negative,3,531950,DG-9167d2f948cb,test,exclude,microscope_image,,,
VTM-004377,raw_negative/metallic_hard_negative/chalcopyrite/chalcopyrite_mindat_p624795_page4_046_raw.jpg,chalcopyrite,metallic_hard_negative,3,624795,DG-2a2b23af86d3,train,exclude,microscope_image,,,
VTM-004394,raw_negative/metallic_hard_negative/chalcopyrite/chalcopyrite_mindat_p663340_page4_068_raw.jpg,chalcopyrite,metallic_hard_negative,3,663340,DG-b045eb6ffb0d,train,exclude,microscope_image,,,
VTM-004454,raw_negative/metallic_hard_negative/goethite/goethite_mindat_p022128_page2_001_raw.jpg,goethite,metallic_hard_negative,3,22128,DG-49fe477852af,train,exclude,rendered_or_illustration,,,
VTM-004813,raw_negative/metallic_hard_negative/hematite/hematite_mindat_p1334126_page5_073_raw.jpg,hematite,metallic_hard_negative,3,1334126,DG-33991845aaf1,test,exclude,microscope_image,,,
VTM-004814,raw_negative/metallic_hard_negative/hematite/hematite_mindat_p1334129_page5_065_raw.jpg,hematite,metallic_hard_negative,3,1334129,DG-9055b7cc284e,train,exclude,microscope_image,,,
VTM-005096,raw_negative/metallic_hard_negative/pyrite/pyrite_mindat_p1060214_page3_020_raw.jpg,pyrite,metallic_hard_negative,3,1060214,DG-a634e7073d04,train,exclude,microscope_image,,,
VTM-005121,raw_negative/metallic_hard_negative/pyrite/pyrite_mindat_p1211223_page5_011_raw.jpg,pyrite,metallic_hard_negative,3,1211223,DG-31988d6f57e2,val,exclude,,,,
VTM-005129,raw_negative/metallic_hard_negative/pyrite/pyrite_mindat_p1381744_page5_016_raw.jpg,pyrite,metallic_hard_negative,3,1381744,DG-1a89d206e5ed,test,exclude,microscope_image,,,
VTM-005157,raw_negative/metallic_hard_negative/pyrite/pyrite_mindat_p1457410_page3_018_raw.jpg,pyrite,metallic_hard_negative,3,1457410,DG-3abb9689924c,train,exclude,microscope_image,,,
VTM-006690,raw_negative/ti_bearing_negative/perovskite/perovskite_mindat_p201305_117_raw.jpg,perovskite,ti_bearing_negative,1,201305,DG-c08a159b0112,val,exclude,microscope_image,,,
VTM-008376,raw_negative/ti_bearing_negative/titanite/titanite_mindat_p1242962_page3_007_raw.jpg,titanite,ti_bearing_negative,1,1242962,DG-b454db917c27,train,exclude,,,,
