image_id,split_group_id,true_class_id,raw_head,gamma,contradiction,predicted_class_id,prob_0,prob_1,prob_2,prob_3
VTM-000038,DG-1ee5bef13bea,0,0.10356647796716155,0.10356647796716155,0.29120224714279175,1,0.37535142911155267,0.4007697305859675,0.057065739499808824,0.16681310080267092
VTM-000080,DG-7e62cc22da7f,0,0.10356647796716155,0.10356647796716155,0.0,0,0.8145148353487204,0.06293175320396582,0.021954835474441485,0.10059857597287226
VTM-000082,DG-de208172c6cc,0,0.10356647796716155,0.10356647796716155,0.0,0,0.9518259297887265,0.02842991320615839,0.004010845978643784,0.01573331102647142
VTM-000139,DG-12575b2ba68a,0,0.10356647796716155,0.10356647796716155,0.362606406211853,1,0.2566736208754637,0.6772382236244254,0.040632682090099494,0.025455473410011458
VTM-000176,DG-b3499d2a428c,0,0.10356647796716155,0.10356647796716155,0.2644476294517517,1,0.21000038525754114,0.36013561296707663,0.3102303295294923,0.11963367224588993
VTM-000183,DG-ebc8a7e5c710,0,0.10356647796716155,0.10356647796716155,0.9632239677011967,1,0.018689448298537418,0.9438749165086289,0.023888836250739624,0.013546798942093975
VTM-000210,DG-3d63ccadf9a9,0,0.10356647796716155,0.10356647796716155,0.458263635635376,1,0.2524266351549768,0.3900587517452656,0.17544228417408667,0.1820723289256709
VTM-000215,DG-ae6566d890f4,0,0.10356647796716155,0.10356647796716155,0.5730212926864624,3,0.10709569365822218,0.06817795802472014,0.030209988108253993,0.7945163602088037
VTM-000242,DG-4a27f89e504e,0,0.10356647796716155,0.10356647796716155,0.0,0,0.5829684947105188,0.20392943639904082,0.19257383383063414,0.020528235059806214
VTM-000270,DG-884962e327f9,0,0.10356647796716155,0.10356647796716155,0.129280686378479,3,0.31923386057941955,0.055421381096444795,0.030021463899583215,0.5953232944245525
VTM-000272,DG-fbc2aa6bbfb3,0,0.10356647796716155,0.10356647796716155,0.0,0,0.6997624534823248,0.04994138829991846,0.053364712998716174,0.19693144521904057
VTM-000307,DG-a7eccdebae54,0,0.10356647796716155,0.10356647796716155,0.7275654971599579,1,0.20285635999036575,0.6830683207342612,0.04641709379840455,0.0676582254769684
VTM-000316,DG-c8ae06855609,0,0.10356647796716155,0.10356647796716155,0.0,0,0.3376664215434304,0.22647870071440412,0.2652941033899876,0.17056077435217792
VTM-000335,DG-d539beaf1653,0,0.10356647796716155,0.10356647796716155,0.0,0,0.38964560279122673,0.053425086185446856,0.3215090145593008,0.23542029646402562
VTM-000341,DG-69bedbf179ff,0,0.10356647796716155,0.10356647796716155,0.7085903584957123,2,0.06877972372708323,0.19399263027811472,0.6984889722205532,0.03873867377424897
VTM-000374,DG-f4e221fe8b8b,0,0.10356647796716155,0.10356647796716155,0.0,0,0.905459823868355,0.07094523926060141,0.00294234389441518,0.020652592976628414
VTM-000384,DG-15f64d115742,0,0.10356647796716155,0.10356647796716155,0.7437378764152527,1,0.17685664410390184,0.710941529377027,0.06580185745539897,0.046399969063672
VTM-000385,DG-061393da1ed4,0,0.10356647796716155,0.10356647796716155,0.0,0,0.33981249871154895,0.2454538346727399,0.18535700171907205,0.2293766648966392
VTM-000400,DG-8e132efe57df,0,0.10356647796716155,0.10356647796716155,0.6098084151744843,1,0.24318683725166454,0.5996335483016494,0.09458274822207124,0.06259686622461479
VTM-000458,DG-e1e4d3c4e48b,0,0.10356647796716155,0.10356647796716155,0.8630826026201248,1,0.10904608088595978,0.7135526588120247,0.12576448041043278,0.051636779891582614
VTM-000466,DG-cc133e156077,0,0.10356647796716155,0.10356647796716155,0.0,0,0.885547591994259,0.08878629285684658,0.003118441454691525,0.022547673694202967
VTM-000514,DG-0795f955937a,0,0.10356647796716155,0.10356647796716155,0.8454800546169281,1,0.08270743571791715,0.8267446036764617,0.07522994392326059,0.015318016682360608
VTM-000547,DG-575100d9511f,0,0.10356647796716155,0.10356647796716155,0.0,0,0.37123485607842344,0.13122102334885172,0.26631169276055633,0.23123242781216843
VTM-000559,DG-9f5635bb8293,0,0.10356647796716155,0.10356647796716155,0.0,0,0.2764030828559642,0.2290953108816769,0.2639183903577803,0.2305832159045786
VTM-000637,DG-9632525a2dbe,0,0.10356647796716155,0.10356647796716155,0.0,0,0.5819617058097388,0.35136835610880335,0.03396987760031674,0.032700060481141005
VTM-000643,DG-2523c6ff20cc,0,0.10356647796716155,0.10356647796716155,0.35779064893722534,1,0.282131501149271,0.5958734667882326,0.07777853834892325,0.04421649371357312
VTM-000663,DG-539d9d2e2678,0,0.10356647796716155,0.10356647796716155,0.20234650373458862,0,0.5690021097345997,0.3995942391894091,0.012071255223353507,0.01933239585263761
VTM-000668,DG-8ede4cd6bd3f,0,0.10356647796716155,0.10356647796716155,0.0,0,0.7313258161017046,0.18273676110381645,0.013783951489467268,0.07215347130501178
VTM-000694,DG-1bf50f8d6297,0,0.10356647796716155,0.10356647796716155,0.0,0,0.6338169433239441,0.3099379251686374,0.015323136839423534,0.04092199466799497
VTM-000706,DG-d50e4e968b94,0,0.10356647796716155,0.10356647796716155,0.9287967905402184,1,0.04475542940310523,0.9435014665975184,0.007341767062486415,0.0044013369368900695
VTM-000725,DG-a9d6909612d1,0,0.10356647796716155,0.10356647796716155,0.0,0,0.798455054413489,0.03802220474774607,0.009079315540798112,0.15444342529796679
VTM-000741,DG-6d75fcffa01b,0,0.10356647796716155,0.10356647796716155,1.1961894482374191,2,0.04933677540817905,0.27010633858180966,0.5817042788705821,0.09885260713942909
VTM-000745,DG-ffae84effe1f,0,0.10356647796716155,0.10356647796716155,0.0,0,0.7046585328941632,0.0882124786902189,0.07574598214873282,0.1313830062668851
VTM-000746,DG-edb187b2348f,0,0.10356647796716155,0.10356647796716155,0.06977170705795288,3,0.3294685056495991,0.005948048676109996,0.006934289009140662,0.6576491566651502
VTM-000750,DG-a1ca1e131bfd,0,0.10356647796716155,0.10356647796716155,0.0,0,0.9412543086378066,0.048324884500426844,0.0034994769696939944,0.006921329892072494
VTM-000755,DG-0a97a24d561e,0,0.10356647796716155,0.10356647796716155,0.0,0,0.9711027358103641,0.023136811376330283,0.001092060203174113,0.0046683926101313885
VTM-000791,DG-71fa8931270d,0,0.10356647796716155,0.10356647796716155,0.0,0,0.8616419600790874,0.10973250467670603,0.011856786143247542,0.016768749100958998
VTM-000842,DG-c74887b4285c,0,0.10356647796716155,0.10356647796716155,0.2137494683265686,1,0.3065574960751312,0.6212659818875185,0.04824376345516524,0.02393275858218519
VTM-000892,DG-c3abb5c8c502,0,0.10356647796716155,0.10356647796716155,0.0,0,0.8335774666212582,0.14934281686731188,0.00841824358657175,0.008661472924858166
VTM-000954,DG-71c8be037d4d,0,0.10356647796716155,0.10356647796716155,0.0,0,0.7688618628794465,0.10644228599447836,0.014349152609154871,0.11034669851692035
VTM-000956,DG-d1c217138732,0,0.10356647796716155,0.10356647796716155,0.0,0,0.4150091508803997,0.26497164732544676,0.03677545675636686,0.28324374503778665
VTM-000972,DG-d46fe4ce2bc4,0,0.10356647796716155,0.10356647796716155,0.6477736234664917,1,0.12002935801708843,0.8641012155639959,0.006583097580481731,0.009286328838433932
VTM-001033,DG-d935291a3191,0,0.10356647796716155,0.10356647796716155,0.8939261808991432,3,0.032612071624296864,0.017408166203752278,0.026073583363795255,0.9239061788081554
VTM-001036,DG-2e9fb03bc4e2,0,0.10356647796716155,0.10356647796716155,0.0,0,0.8866200114605719,0.061473048412044276,0.01438647042517634,0.03752046970220746
VTM-001064,DG-ee7ac01f5930,0,0.10356647796716155,0.10356647796716155,1.5672231568023562,1,0.0015044212302458887,0.9406467845485786,0.047198746243026266,0.010650047978149212
VTM-001086,DG-4e2428adb821,0,0.10356647796716155,0.10356647796716155,0.0,0,0.9083842338194681,0.04921691355417246,0.01886795890613451,0.023530893720224856
VTM-001096,DG-c0e19fef8e58,0,0.10356647796716155,0.10356647796716155,0.0,0,0.6937291453265164,0.1861181268275051,0.02986127406320504,0.09029145378277353
VTM-001102,DG-d106697a7181,0,0.10356647796716155,0.10356647796716155,0.0,0,0.43746391125997325,0.12290726188432265,0.08448733546814163,0.35514149138756257
VTM-001114,DG-b1837ec85f5d,0,0.10356647796716155,0.10356647796716155,0.0,0,0.8183624940792618,0.1373010293721765,0.02380971098935542,0.02052676555920624
VTM-001135,DG-929ae7d5a34a,0,0.10356647796716155,0.10356647796716155,0.0,0,0.7799850783188678,0.1971893158700197,0.017309499744159317,0.005516106066953139
VTM-001148,DG-fef0381b1e15,0,0.10356647796716155,0.10356647796716155,0.0,0,0.9017138144408556,0.0726939336877399,0.004816958081392333,0.020775293790012132
VTM-001162,DG-de4e00a07c62,0,0.10356647796716155,0.10356647796716155,0.0,0,0.7376401021380108,0.17284528247298164,0.0077040370035421305,0.08181057838546545
VTM-001169,DG-f7dd87750c37,0,0.10356647796716155,0.10356647796716155,0.0,0,0.49234226479970133,0.27275419273559687,0.015786470684833007,0.21911707177986883
VTM-001231,DG-0d3eb9899a40,0,0.10356647796716155,0.10356647796716155,0.0,0,0.7673643162132715,0.1810769871110861,0.019791640635627362,0.031767056040015076
VTM-001276,DG-ed5f37afc816,0,0.10356647796716155,0.10356647796716155,0.1824049949645996,1,0.35167835307095957,0.6074604703579032,0.03287925741006177,0.007981919161075558
VTM-001331,DG-40e4034ec913,0,0.10356647796716155,0.10356647796716155,0.0,0,0.6080670695452584,0.3793773988549593,0.0037293480461218793,0.008826183553660478
VTM-001362,DG-d76f1b228ed8,0,0.10356647796716155,0.10356647796716155,0.0,0,0.7014555127858865,0.12662033641564835,0.024138617966143906,0.14778553283232126
VTM-001364,DG-2ba5b917d366,0,0.10356647796716155,0.10356647796716155,0.0,0,0.9422638773857206,0.048592941905020504,0.000773959670548223,0.00836922103871078
VTM-001459,DG-5c9cb9231012,0,0.10356647796716155,0.10356647796716155,0.0,0,0.6127126265018468,0.10625162898272421,0.08126602434670098,0.19976972016872804
VTM-001482,DG-04b85f13742f,0,0.10356647796716155,0.10356647796716155,0.0,0,0.9015873598770788,0.05776702984039522,0.00844351767839541,0.03220209260413064
VTM-001511,DG-0a48ffc30225,0,0.10356647796716155,0.10356647796716155,0.0,0,0.7214422794151597,0.2257214978461464,0.016308617501035565,0.03652760523765828
VTM-001553,DG-d6e92e9385f2,0,0.10356647796716155,0.10356647796716155,0.0,0,0.45366509576742603,0.1048861751328624,0.015333315863005185,0.4261154132367065
VTM-001555,DG-831072f754e2,0,0.10356647796716155,0.10356647796716155,0.0,0,0.49083440864345584,0.28247852433344006,0.022012561906920983,0.20467450511618313
VTM-001579,DG-8806d0c4c47f,0,0.10356647796716155,0.10356647796716155,0.0,0,0.6717417985651637,0.3157184287430369,0.0029925127347943422,0.009547259957005052
VTM-001661,DG-2e96be8541ff,0,0.10356647796716155,0.10356647796716155,0.5229750871658325,1,0.19071969198239694,0.7049735489875223,0.049945207845108704,0.05436155118497205
VTM-001679,DG-f5c3df527ae6,0,0.10356647796716155,0.10356647796716155,0.0,0,0.9486524813563519,0.04674485361907667,0.0006712046257711213,0.003931460398800177
VTM-001708,DG-7ca8671e0077,2,0.10356647796716155,0.10356647796716155,0.6687907874584198,2,0.08724080493452047,0.06783736500377884,0.6438883108771885,0.20103351918451226
VTM-001710,DG-3ebacc9068ca,2,0.10356647796716155,0.10356647796716155,0.9109323024749756,2,0.01034609652723812,0.03697747777874541,0.9425705565962582,0.010105869097758185
VTM-001804,DG-dbdac47e8afd,2,0.10356647796716155,0.10356647796716155,0.13286298513412476,0,0.378370973606799,0.3666795144632967,0.061251668980706594,0.1936978429491976
VTM-001808,DG-d55d7d3c197a,2,0.10356647796716155,0.10356647796716155,0.9070547223091125,2,0.023894684053160323,0.02792679399719912,0.9045444724226589,0.04363404952698152
VTM-001822,DG-099f9cd73fd2,2,0.10356647796716155,0.10356647796716155,1.3954459987580776,2,0.005201212667862944,0.45049655084848167,0.5290510987899387,0.015251137693716632
VTM-001825,DG-0be1a7cb809b,2,0.10356647796716155,0.10356647796716155,0.8535872995853424,2,0.06622860832463924,0.33671624698131714,0.5066413541391869,0.09041379055485689
VTM-001836,DG-115e5815fd01,2,0.10356647796716155,0.10356647796716155,1.0139793157577515,2,0.03248479963028966,0.03563306675472199,0.7602633670198107,0.17161876659517772
VTM-001869,DG-e811b714b7c7,2,0.10356647796716155,0.10356647796716155,0.7974523305892944,2,0.06110969947917429,0.3298510452066314,0.48697010102338056,0.1220691542908137
VTM-001870,DG-8ad7e95d79c6,2,0.10356647796716155,0.10356647796716155,0.5337592363357544,3,0.1726829911255751,0.048967469798324004,0.06870336590794136,0.7096461731681594
VTM-001913,DG-3707ecbb95e5,2,0.10356647796716155,0.10356647796716155,0.3044828772544861,2,0.03386870385691672,0.038254631846537386,0.8918089867028446,0.036067677593701344
VTM-001957,DG-945099f25988,2,0.10356647796716155,0.10356647796716155,1.0356362834572792,2,0.0012554867579872716,0.013912929975054892,0.9835682119892782,0.001263371277679558
VTM-001971,DG-e8b349f69d0f,2,0.10356647796716155,0.10356647796716155,0.9004137441515923,2,0.003130947815184998,0.030247880352298414,0.9644476856996287,0.002173486132888035
VTM-001975,DG-ee19746cff09,2,0.10356647796716155,0.10356647796716155,0.0,2,0.20068699307270418,0.22991975002072915,0.3442407547580077,0.225152502148559
VTM-002040,DG-e69c3cb2f2a9,2,0.10356647796716155,0.10356647796716155,0.8396596014499664,2,0.00411445239690668,0.02135467850211771,0.9698727980889252,0.004658071012050318
VTM-002062,DG-ad9872c2eee4,2,0.10356647796716155,0.10356647796716155,0.9306702762842178,2,0.0056168105874945615,0.04500371051248077,0.9456114696880881,0.0037680092119366684
VTM-002071,DG-b0dfd574378f,2,0.10356647796716155,0.10356647796716155,1.0368918180465698,2,0.027140667110707426,0.07404118005930924,0.8391365222591326,0.059681630570850706
VTM-002072,DG-527cdfca6bd0,2,0.10356647796716155,0.10356647796716155,0.9769776463508606,1,0.020692448435321267,0.8963940303746727,0.06806270721711552,0.014850813972890443
VTM-002109,DG-49d4aea7403d,2,0.10356647796716155,0.10356647796716155,0.0,0,0.37015338559677313,0.24951694938621297,0.18641530237517928,0.19391436264183465
VTM-002156,DG-7a1ad7931b41,2,0.10356647796716155,0.10356647796716155,1.0827305018901825,2,0.03056994954830557,0.06188555641436853,0.8186920841084601,0.08885240992886584
VTM-002176,DG-6e31a3638f5b,2,0.10356647796716155,0.10356647796716155,0.6673729419708252,2,0.06704568840856737,0.20182581886940593,0.6645176652829615,0.06661082743906512
VTM-002197,DG-3283712210b1,2,0.10356647796716155,0.10356647796716155,0.3185039162635803,2,0.22225869863154868,0.18009978600508003,0.5262391987927811,0.07140231657059017
VTM-002217,DG-7575d56e708e,2,0.10356647796716155,0.10356647796716155,0.024517357349395752,2,0.1257927755221224,0.06598511938199494,0.6470276678780009,0.1611944372178817
VTM-002243,DG-6818c6de34f1,2,0.10356647796716155,0.10356647796716155,0.0,2,0.24539018709600882,0.1153672767096086,0.49808607716630143,0.14115645902808122
VTM-002291,DG-aac96cc1c2f8,2,0.10356647796716155,0.10356647796716155,1.2991410195827484,2,0.00938652339402721,0.023629914616479526,0.9375327089867068,0.029450853002786347
VTM-002301,DG-22e177bc3108,2,0.10356647796716155,0.10356647796716155,1.3198371455073357,2,0.020619589623847395,0.02584192903751392,0.497171458304231,0.45636702303440774
VTM-002312,DG-30ddba3da988,2,0.10356647796716155,0.10356647796716155,0.07211846113204956,2,0.09533856928988069,0.09238218961034844,0.7518365022673986,0.060442738832372195
VTM-002373,DG-01059fd87aa8,2,0.10356647796716155,0.10356647796716155,0.7403872907161713,1,0.10742963897093892,0.6106911935399408,0.15534295472865903,0.1265362127604611
VTM-002455,DG-64878c17d768,2,0.10356647796716155,0.10356647796716155,1.8450155020691454,1,0.003525810357214686,0.6544211090460341,0.2891627900600226,0.05289029053672862
VTM-002486,DG-a5424ad614df,2,0.10356647796716155,0.10356647796716155,0.9383481740951538,1,0.038039852917794284,0.6296018096354575,0.27502190257439346,0.05733643487235463
VTM-002528,DG-ed2777a70763,2,0.10356647796716155,0.10356647796716155,1.0149651020765305,2,0.030649300001778648,0.4007576905270747,0.5282059825893805,0.040387026881766167
VTM-002531,DG-6b7b56376b97,2,0.10356647796716155,0.10356647796716155,0.9222863167524338,2,0.04933345602495868,0.16374583014143784,0.6933388176381908,0.09358189619541259
VTM-002532,DG-f5727e40eaf0,2,0.10356647796716155,0.10356647796716155,0.8413676023483276,2,0.003055877645890229,0.005308892606413352,0.9882722775337365,0.003362952213959937
VTM-002584,DG-ad6e3cb93a53,2,0.10356647796716155,0.10356647796716155,0.6796403229236603,2,0.020484890256405007,0.035405854261239045,0.8992596534786569,0.044849602003699
VTM-002586,DG-1d926f95ceb5,2,0.10356647796716155,0.10356647796716155,0.9835100173950195,2,0.004872092477583039,0.12493988773158868,0.8685158338814367,0.0016721859093916057
VTM-002597,DG-cc5e27ccf24b,2,0.10356647796716155,0.10356647796716155,0.9912227261811495,2,0.006755870087557413,0.345274139587615,0.6457435694434108,0.002226420881416878
VTM-002611,DG-c5130ece1099,2,0.10356647796716155,0.10356647796716155,0.0,0,0.4977019809355876,0.13349985368888156,0.08751384514705769,0.28128432022847316
VTM-002659,DG-99661671ac1a,2,0.10356647796716155,0.10356647796716155,0.3813338279724121,3,0.1711152094856143,0.15273220431028942,0.10546657967839405,0.5706860065257023
VTM-002680,DG-47a86bb0dab5,2,0.10356647796716155,0.10356647796716155,0.6151677370071411,1,0.243907061280256,0.37772571611194267,0.23885587401017572,0.1395113485976256
VTM-002699,DG-6455db2f607c,2,0.10356647796716155,0.10356647796716155,0.8893876746296883,2,0.03269240695795379,0.3278114539340956,0.6133723766401411,0.026123762467809244
VTM-002713,DG-f9ddda4e534a,2,0.10356647796716155,0.10356647796716155,1.1350316405296326,2,0.010876108454669244,0.056932329212824075,0.8971133452901099,0.03507821704239688
VTM-002746,DG-c06e2c0d2b91,2,0.10356647796716155,0.10356647796716155,0.8661172986030579,2,0.028378036099123618,0.03190361820203676,0.8534545470232817,0.08626379867555793
VTM-002763,DG-617149045788,2,0.10356647796716155,0.10356647796716155,0.9279377833008766,2,0.01596430610166272,0.23905089206596128,0.7269847422071943,0.018000059625181634
VTM-002770,DG-70b0db616525,2,0.10356647796716155,0.10356647796716155,0.3702641725540161,3,0.11050238132456709,0.13460413548951863,0.2196015465199902,0.5352919366659239
VTM-002784,DG-25ad1511006d,2,0.10356647796716155,0.10356647796716155,1.037944883108139,2,0.0003381830323276455,0.0007152562110786173,0.9981842705744229,0.0007622901821706936
VTM-002838,DG-626f201437a9,2,0.10356647796716155,0.10356647796716155,0.3661000728607178,3,0.23456017275253693,0.23824517695707323,0.12473409533628932,0.40246055495410055
VTM-002842,DG-90adf83c726e,2,0.10356647796716155,0.10356647796716155,1.6720031797885895,2,0.019048964783369322,0.17702430033640112,0.6119057638527999,0.19202097102742946
VTM-002854,DG-27812b02f1ff,2,0.10356647796716155,0.10356647796716155,1.1649177074432373,2,0.001505491831973764,0.00631123016844134,0.9896826210608033,0.0025006569387815603
VTM-002912,DG-1ebef98da093,2,0.10356647796716155,0.10356647796716155,0.9083361625671387,2,0.003967484256064178,0.015168361657709337,0.9766402260115105,0.00422392807471603
VTM-002920,DG-7879a2b4b0de,2,0.10356647796716155,0.10356647796716155,0.8136260956525803,2,0.006145967559238746,0.023990064857083496,0.9603439517155264,0.009520015868151278
VTM-002942,DG-618a9ab1f8b5,2,0.10356647796716155,0.10356647796716155,0.9604449160397053,1,0.0666429235863517,0.7724377615938519,0.06837809326688629,0.09254122155291002
VTM-002952,DG-188c4dc528eb,2,0.10356647796716155,0.10356647796716155,0.5909563899040222,2,0.03404599666473411,0.042592048264302365,0.8649567627135065,0.058405192357457066
VTM-002968,DG-88a12c89209d,2,0.10356647796716155,0.10356647796716155,1.089953025104478,1,0.002690069481403538,0.9743297640421489,0.017558860672746587,0.005421305803700927
VTM-002993,DG-c2c02d350098,2,0.10356647796716155,0.10356647796716155,1.005873404443264,2,0.005270658268554739,0.025092547294205205,0.961133290381932,0.008503504055307958
VTM-003002,DG-e275db91131f,2,0.10356647796716155,0.10356647796716155,0.9856924656778574,1,0.01237843680474207,0.8405542018350878,0.11835007421900229,0.028717287141167846
VTM-003025,DG-27782542d229,2,0.10356647796716155,0.10356647796716155,0.28610605001449585,2,0.2108369394392493,0.1962110417965346,0.5342809883588145,0.05867103040540164
VTM-003055,DG-593b1da49274,2,0.10356647796716155,0.10356647796716155,0.14121896028518677,2,0.2671581200891925,0.11067651309423102,0.5857052492347719,0.03646011758180455
VTM-003120,DG-2f32ec5e4ac7,2,0.10356647796716155,0.10356647796716155,1.434341087937355,2,0.003986015736805845,0.015687302034802883,0.9673630133045534,0.012963668923837806
VTM-003135,DG-12fa4efe713b,2,0.10356647796716155,0.10356647796716155,1.4753534235060215,2,0.008592693435498438,0.25381173714722793,0.7133857476161741,0.024209821801099703
VTM-003165,DG-78af7f9ebac1,2,0.10356647796716155,0.10356647796716155,0.7153204381465912,2,0.07766033625407034,0.2681406090089822,0.6056556618723323,0.04854339286461509
VTM-003186,DG-f84f5b035ab4,2,0.10356647796716155,0.10356647796716155,0.6521604657173157,2,0.008275059235628523,0.013383814184687955,0.968359467913986,0.009981658665697644
VTM-003187,DG-20fae7745a04,2,0.10356647796716155,0.10356647796716155,1.8684920705854893,3,0.005853093017359115,0.11914664109974821,0.028638833177594303,0.8463614327052983
VTM-003235,DG-1793687c7efc,2,0.10356647796716155,0.10356647796716155,0.0,0,0.679418801273421,0.183608612517845,0.030471720231698703,0.1065008659770353
VTM-003239,DG-13991e92ce5f,2,0.10356647796716155,0.10356647796716155,0.767475888133049,2,0.011498779278601986,0.035291349099315535,0.9336797617547713,0.019530109867311202
VTM-003283,DG-a3d10cf5ba30,2,0.10356647796716155,0.10356647796716155,1.2273170202970505,2,0.016366490428850793,0.08791492244210641,0.8638594476564854,0.03185913947255735
VTM-003286,DG-e8ae61f6ec60,2,0.10356647796716155,0.10356647796716155,0.9766116887331009,1,0.031625843834603734,0.8823419219869951,0.07970576319905086,0.006326470979350292
VTM-003315,DG-74e3049fc5be,2,0.10356647796716155,0.10356647796716155,0.0,0,0.35529376147023944,0.2394433631908659,0.08760006298724361,0.317662812351651
VTM-003375,DG-257747e2a50a,2,0.10356647796716155,0.10356647796716155,1.1845025271177292,2,0.0010105656146247016,0.002684215946086129,0.9947667671343257,0.001538451304963698
VTM-003406,DG-7e26913c34ae,2,0.10356647796716155,0.10356647796716155,0.9084755629301071,2,0.004478022407915419,0.037421660616469204,0.9532022718398717,0.004898045135743699
VTM-003424,DG-7f0121f17922,2,0.10356647796716155,0.10356647796716155,0.6811136305332184,2,0.05689077379639712,0.22092004565781193,0.6672421280987338,0.05494705244705712
VTM-003430,DG-d2cc19a75028,2,0.10356647796716155,0.10356647796716155,1.5657694563269615,3,0.040477223146782926,0.09949286677266492,0.10879694928261473,0.7512329607979373
VTM-003487,DG-5906bab20952,2,0.10356647796716155,0.10356647796716155,1.190662942826748,2,0.000573398979967161,0.0019992766320096555,0.9966158930076043,0.0008114313804190368
VTM-003509,DG-e1ddce8c445d,2,0.10356647796716155,0.10356647796716155,1.7932060128077865,2,0.005173684928594267,0.4180208441284825,0.5242873298798938,0.052518141063029586
VTM-003532,DG-03b82eb36253,2,0.10356647796716155,0.10356647796716155,1.2802320718765259,2,0.01373179668932278,0.04236325898021827,0.8782065260168493,0.06569841831360958
VTM-003569,DG-53a4f289f76f,2,0.10356647796716155,0.10356647796716155,0.9018281921744347,2,0.003097311972184618,0.016774787396078638,0.9776683538015268,0.002459546830209928
VTM-003589,DG-bfce40ac1278,2,0.10356647796716155,0.10356647796716155,1.7178228553384542,2,0.0010844601686204043,0.013912641240854796,0.979238755380203,0.005764143210321786
VTM-003590,DG-e77a97e4ff35,2,0.10356647796716155,0.10356647796716155,1.5574884116649628,2,0.006196952301991001,0.0295730719852122,0.9324028386859663,0.0318271370268304
VTM-003620,DG-91e27b457d02,2,0.10356647796716155,0.10356647796716155,0.6921441853046417,2,0.08376938031439314,0.3773050012197182,0.5097952437227664,0.029130374743122054
VTM-003654,DG-70c02cf51a2e,2,0.10356647796716155,0.10356647796716155,1.04308120906353,2,0.0039593600905091526,0.2649354450095135,0.7254949868832713,0.0056102080167061
VTM-003702,DG-6d9f1b8f2d43,2,0.10356647796716155,0.10356647796716155,0.7384268045425415,1,0.1410598876003354,0.385200381945431,0.3307255986838302,0.14301413177040348
VTM-003759,DG-fed68cb30af4,2,0.10356647796716155,0.10356647796716155,0.8121903836727142,1,0.05532898781641474,0.44953726443700903,0.4348205003129752,0.060313247433601065
VTM-003801,DG-c55753fc49af,2,0.10356647796716155,0.10356647796716155,0.8575239479541779,1,0.07116699351239072,0.6131305134602457,0.23182604761482298,0.08387644541254045
VTM-003941,DG-e2396c0d64f2,2,0.10356647796716155,0.10356647796716155,0.0,0,0.6674586845982609,0.18849444137138804,0.049972273088119454,0.09407460094223165
VTM-003942,DG-288158a36116,2,0.10356647796716155,0.10356647796716155,0.7832151502370834,2,0.07480921076091616,0.3172854468991235,0.5783785827009769,0.029526759638983446
VTM-003946,DG-d67239230354,2,0.10356647796716155,0.10356647796716155,0.0,0,0.6692939677426363,0.22822724600939143,0.046389985883230386,0.056088800364741925
VTM-003948,DG-4eab2d6706b2,2,0.10356647796716155,0.10356647796716155,1.454703813418746,2,0.0004789002184419309,0.02189888843468633,0.9756358848416284,0.0019863265052432614
VTM-003975,DG-e3ec539d209e,2,0.10356647796716155,0.10356647796716155,1.1959816068410873,2,0.014239759978257159,0.12303686870796102,0.8383477751619133,0.02437559615186852
VTM-004018,DG-9836822b50db,2,0.10356647796716155,0.10356647796716155,1.1312544345855713,2,0.036458884072733136,0.16923232704834448,0.6787066976405013,0.11560209123842101
VTM-004024,DG-372e8bba0e98,2,0.10356647796716155,0.10356647796716155,0.9967455493751913,2,0.00011964865271582437,0.010065236909073303,0.9896884588018836,0.00012665563632719613
VTM-004038,DG-8eea071c79a8,2,0.10356647796716155,0.10356647796716155,1.0090116262435913,1,0.10153456118435927,0.3747159231580781,0.16629152103608802,0.3574579946214747
VTM-004053,DG-1a0e890cb42c,2,0.10356647796716155,0.10356647796716155,1.4988315682858229,2,0.001095075877738019,0.02259307472995542,0.972909826890698,0.0034020225016084408
VTM-004055,DG-e9120d8e1974,2,0.10356647796716155,0.10356647796716155,0.9975055968388915,1,0.0038351875387943714,0.8198417587290114,0.1712315328141912,0.005091520918002931
VTM-004076,DG-628d38eee682,2,0.10356647796716155,0.10356647796716155,0.9834046345204115,2,0.007474948994755618,0.30057796837185924,0.681686265196696,0.010260817436689332
VTM-004105,DG-f4cecdf6975b,2,0.10356647796716155,0.10356647796716155,0.9977486487478018,1,0.0033137478951389414,0.5048721810923527,0.4904451922872439,0.001368878725264502
VTM-004125,DG-c66a54c24bfe,2,0.10356647796716155,0.10356647796716155,1.1821202263236046,2,0.010849548347137104,0.09576804655295497,0.8748911721222705,0.018491232977637426
VTM-004127,DG-e7424cc3fb94,2,0.10356647796716155,0.10356647796716155,0.9022928923368454,2,0.022121783789882582,0.060659380571366245,0.8934578234468576,0.023761012191893294
VTM-004128,DG-5aded02064b8,2,0.10356647796716155,0.10356647796716155,1.0728164315223694,1,0.06420566440137378,0.43647106532849,0.3545953170621984,0.14472795320793783
VTM-004131,DG-cbe20095ab05,2,0.10356647796716155,0.10356647796716155,0.7155141532421112,1,0.13578041408021035,0.6995150660446904,0.12793486157224113,0.0367696583028582
VTM-004161,DG-ba6b7b5ebdb9,3,0.10356647796716155,0.10356647796716155,1.7246061563491821,2,0.005435218602351377,0.03712506375217136,0.7381429067866088,0.21929681085886846
VTM-004168,DG-b2c30cdfb5d2,3,0.10356647796716155,0.10356647796716155,0.6074005365371704,3,0.12495735032937036,0.41446038604624935,0.032343616015101745,0.42823864760927866
VTM-004173,DG-d065df26b1de,3,0.10356647796716155,0.10356647796716155,1.406924083828926,2,0.03130275735556123,0.17674515450444842,0.4943624243486261,0.29758966379136426
VTM-004181,DG-255e009485c4,3,0.10356647796716155,0.10356647796716155,1.7808311060070992,1,0.01628509368825298,0.5734059222960969,0.06167028403149931,0.34863869998415087
VTM-004195,DG-fa817120e9a2,3,0.10356647796716155,0.10356647796716155,1.8007036000490189,3,0.00990659224282061,0.12524178105690878,0.010516886962672741,0.8543347397375979
VTM-004250,DG-07719d84ae22,3,0.10356647796716155,0.10356647796716155,0.0,0,0.5841620533674213,0.06685272860771733,0.0827096913339567,0.2662755266909046
VTM-004287,DG-2ab3ac641bbf,3,0.10356647796716155,0.10356647796716155,0.9740886352956295,1,0.0265471871952875,0.7179767315665512,0.23817780787131687,0.017298273366844655
VTM-004321,DG-3fd5a86d3dac,3,0.10356647796716155,0.10356647796716155,1.5550077855587006,2,0.01140406341900622,0.15066435320205318,0.7325552984346638,0.10537628494427681
VTM-004335,DG-a68fde7659c5,3,0.10356647796716155,0.10356647796716155,1.1539436280727386,2,0.014649221303797437,0.058569927470046516,0.7733525982704328,0.15342825295572332
VTM-004340,DG-4cf2c53aefa2,3,0.10356647796716155,0.10356647796716155,0.9900762438774109,3,0.09058308044840767,0.22467151266219115,0.2351394196584137,0.4496059872309875
VTM-004355,DG-7319b7336f77,3,0.10356647796716155,0.10356647796716155,0.0,2,0.2740682161549958,0.16767841225699248,0.3572654755424179,0.20098789604559383
VTM-004390,DG-ea9c51520a5e,3,0.10356647796716155,0.10356647796716155,1.3484878540039062,1,0.0717568770739274,0.41564276069782025,0.14272874471290506,0.36987161751534725
VTM-004398,DG-e5eea438b686,3,0.10356647796716155,0.10356647796716155,0.5644438564777374,1,0.18356940877069544,0.7381672631261237,0.011300943337180352,0.0669623847660006
VTM-004508,DG-dac486af346c,3,0.10356647796716155,0.10356647796716155,0.8658363372087479,3,0.0179363955812074,0.00026696877981859346,0.00436682155910856,0.9774298140798654
VTM-004516,DG-696a98255871,3,0.10356647796716155,0.10356647796716155,0.0,0,0.5682139571460116,0.12571413030315062,0.2223843649963665,0.08368754755447126
VTM-004533,DG-9bd2111bf3d3,3,0.10356647796716155,0.10356647796716155,0.8819787502288818,3,0.08158695523534663,0.07813501404656906,0.028367840186416984,0.8119101905316672
VTM-004573,DG-e0f5a9a819cf,3,0.10356647796716155,0.10356647796716155,0.2742924690246582,3,0.245120352307407,0.02683634110966432,0.004765760680445652,0.723277545902483
VTM-004616,DG-e2642667ab18,3,0.10356647796716155,0.10356647796716155,1.235768586397171,1,0.09055170553810067,0.5455046406083875,0.1703023015264323,0.19364135232707952
VTM-004641,DG-863365ae316e,3,0.10356647796716155,0.10356647796716155,0.7478362917900085,3,0.05290162700905743,0.057094980728164234,0.07504149411378112,0.8149618981489972
VTM-004648,DG-1e9e9230cbd5,3,0.10356647796716155,0.10356647796716155,1.584463432431221,3,0.040417349208749405,0.43530268889946716,0.03226513123297287,0.4920148306588105
VTM-004661,DG-c7e61f41eeb1,3,0.10356647796716155,0.10356647796716155,1.5411043800413609,3,0.01158057701611851,0.0438749729833168,0.3606004662974203,0.5839439837031443
VTM-004687,DG-2eded55bf079,3,0.10356647796716155,0.10356647796716155,0.6343724131584167,3,0.09612159104722061,0.056355397110942396,0.20104636028018547,0.6464766515616515
VTM-004694,DG-0008e0345f39,3,0.10356647796716155,0.10356647796716155,0.0,2,0.3147738536911324,0.0857698494064266,0.375780882458395,0.2236754144440459
VTM-004746,DG-bb611c7b112e,3,0.10356647796716155,0.10356647796716155,0.07940131425857544,3,0.22056928695231853,0.06303293482758114,0.06603727440782432,0.650360503812276
VTM-004761,DG-53a25b9fcb1b,3,0.10356647796716155,0.10356647796716155,0.1640641689300537,2,0.11206888915582278,0.053382698911260136,0.7224026822595784,0.11214572967333869
VTM-004764,DG-35a355eecef9,3,0.10356647796716155,0.10356647796716155,0.6526155173778534,3,0.10702543726360664,0.009784629826007321,0.004455954952277474,0.8787339779581085
VTM-004784,DG-4c41fb92d363,3,0.10356647796716155,0.10356647796716155,0.0,0,0.5986128860449852,0.13525786465758263,0.0781114854636085,0.18801776383382374
VTM-004809,DG-a0cbe12073be,3,0.10356647796716155,0.10356647796716155,0.20980358123779297,3,0.18390877720413806,0.060698437288659715,0.05315847541299355,0.7022343100942086
VTM-004891,DG-b95ec32b1c20,3,0.10356647796716155,0.10356647796716155,0.0,0,0.4754111209432712,0.1512960337917112,0.2993228172762851,0.0739700279887325
VTM-004900,DG-35e20867b96a,3,0.10356647796716155,0.10356647796716155,0.3189706802368164,3,0.17649394979104843,0.031204486100046717,0.15496107143639418,0.6373404926725106
VTM-004923,DG-3fffef619485,3,0.10356647796716155,0.10356647796716155,0.6281413435935974,2,0.07767437312569782,0.26018397914166086,0.5227160007779844,0.13942564695465706
VTM-004952,DG-e44dc10e808d,3,0.10356647796716155,0.10356647796716155,0.08902162313461304,1,0.47026970302035875,0.4847150949667475,0.008166128702426683,0.036849073310467086
VTM-004957,DG-cdebbcc0a265,3,0.10356647796716155,0.10356647796716155,0.4212481379508972,1,0.36223102132187773,0.5485610051177835,0.014910773150164949,0.07429720041017376
VTM-004977,DG-57784ee11384,3,0.10356647796716155,0.10356647796716155,0.0,0,0.5654867023607858,0.1295377797275602,0.03726130759637827,0.2677142103152757
VTM-005019,DG-8ff188388243,3,0.10356647796716155,0.10356647796716155,0.0,0,0.9205201256071858,0.03763655129942316,0.01151910858904586,0.03032421450434528
VTM-005034,DG-891230d82461,3,0.10356647796716155,0.10356647796716155,0.36431294679641724,1,0.2803274325382514,0.5490828304746767,0.13546797323591078,0.035121763751161224
VTM-005073,DG-3f4220185ca1,3,0.10356647796716155,0.10356647796716155,0.9959598579443991,3,0.0014604352453286267,0.0003710234619698949,0.0020760245753872774,0.9960925167173142
VTM-005080,DG-2989287b2cbe,3,0.10356647796716155,0.10356647796716155,0.7092297971248627,3,0.03065227882502566,0.0055763847371508475,0.0006856390809658014,0.9630856973568577
VTM-005117,DG-1134d44749ac,3,0.10356647796716155,0.10356647796716155,0.6044740378856659,3,0.10523472526624951,0.04247228586072822,0.12126872481287473,0.7310242640601473
VTM-005125,DG-d0908f4d6dc2,3,0.10356647796716155,0.10356647796716155,0.0,3,0.3514838832715795,0.06004416709163646,0.22180373211537363,0.36666821752141043
VTM-005131,DG-b50710c59c87,3,0.10356647796716155,0.10356647796716155,0.0,3,0.37801497152114855,0.14484061995580197,0.07541202833458191,0.4017323801884676
VTM-005192,DG-368e9820e2a8,3,0.10356647796716155,0.10356647796716155,0.9073901772499084,2,0.021525025697805622,0.02294004049042115,0.878264467994771,0.07727046581700225
VTM-005240,DG-ccd77170ce69,3,0.10356647796716155,0.10356647796716155,0.1034277081489563,3,0.2802136418362736,0.17488569338954993,0.045970927242324544,0.4989297375318519
VTM-005250,DG-362b1416f911,3,0.10356647796716155,0.10356647796716155,1.032641351222992,1,0.0019515408177596739,0.7002861595135706,0.29479602870149274,0.0029662709671769306
VTM-005268,DG-4da10a842c0c,3,0.10356647796716155,0.10356647796716155,1.1294851899147034,2,0.04289120591835781,0.08791278426567044,0.4623520770771453,0.40684393273882646
VTM-005280,DG-b24ae1531823,3,0.10356647796716155,0.10356647796716155,0.05144810676574707,3,0.30059925057937403,0.18160602180357457,0.07152877828953823,0.4462659493275132
VTM-005311,DG-f5b4026c0acd,3,0.10356647796716155,0.10356647796716155,0.6671731472015381,3,0.0743905970864051,0.06710885064859487,0.3217151082235635,0.5367854440414367
VTM-005335,DG-90c2e4fb3f94,1,0.10356647796716155,0.10356647796716155,0.9123570024967194,2,0.013763223242124008,0.028797422344091748,0.9181739534251879,0.03926540098859623
VTM-005344,DG-2d1b9a2cf135,1,0.10356647796716155,0.10356647796716155,0.0,0,0.74188891999571,0.18060342013751557,0.014429727006927325,0.06307793285984711
VTM-005349,DG-8fb50dfebaa4,1,0.10356647796716155,0.10356647796716155,0.45641541481018066,1,0.2393157321610424,0.5292931161208593,0.1727299910831896,0.058661160634908754
VTM-005383,DG-647629dbee07,1,0.10356647796716155,0.10356647796716155,0.4407431483268738,1,0.3928023688738589,0.5936010667482573,0.0018208320104221817,0.011775732367461655
VTM-005385,DG-2131992c4dec,1,0.10356647796716155,0.10356647796716155,1.0434987805783749,1,0.019536664961087774,0.77070217346766,0.16857089879954104,0.04119026277171123
VTM-005386,DG-9e3198cf05b8,1,0.10356647796716155,0.10356647796716155,0.9688652455806732,1,0.01200132985566753,0.9730959104654414,0.0029945128883462797,0.011908246790544898
VTM-005398,DG-15429501b83e,1,0.10356647796716155,0.10356647796716155,0.9373587369918823,1,0.04927812158346706,0.923809207458277,0.01312762432024562,0.013785046638010426
VTM-005407,DG-20b3976bd8e5,1,0.10356647796716155,0.10356647796716155,0.9680079258978367,1,0.027585866957754546,0.9232136591401683,0.02872313186342053,0.02047734203865664
VTM-005416,DG-485fcedd2e0e,1,0.10356647796716155,0.10356647796716155,1.877987016690895,1,0.0017042208643967144,0.9266411417700202,0.0013780061507059195,0.07027663121487729
VTM-005419,DG-c946b46376e0,1,0.10356647796716155,0.10356647796716155,1.3587488867342472,1,0.017854433218981298,0.7032208224439429,0.204243870169402,0.0746808741676739
VTM-005433,DG-45f7b30a13f5,1,0.10356647796716155,0.10356647796716155,0.9059251174330711,1,0.042571927147994154,0.8814568515896746,0.03928985275228639,0.03668136851004483
VTM-005459,DG-1267086ce19b,1,0.10356647796716155,0.10356647796716155,0.9878170043230057,1,0.04299418643015118,0.7488371002825727,0.07209965964968716,0.13606905363758906
VTM-005463,DG-48c31bb6bb02,1,0.10356647796716155,0.10356647796716155,1.2703202606644481,1,0.0048915295059917575,0.8941054072408982,0.06947700611712868,0.03152605713598138
VTM-005506,DG-3f2c7de18e99,1,0.10356647796716155,0.10356647796716155,0.2989429235458374,2,0.2272225085290243,0.11997930184749088,0.50170056399049,0.15109762563299484
VTM-005516,DG-343ceddbe082,1,0.10356647796716155,0.10356647796716155,0.9980733146658167,1,0.0030419634891221074,0.6802251834373586,0.31452840964905404,0.0022044434244651626
VTM-005540,DG-5197d7a3e07e,1,0.10356647796716155,0.10356647796716155,0.6119445562362671,1,0.21408528672272517,0.7711495334117371,0.0067551886386606535,0.008009991226877013
VTM-005545,DG-83710705536d,1,0.10356647796716155,0.10356647796716155,0.9965427930001169,1,0.0028993982910005514,0.9848326110914777,0.008063519895780824,0.004204470721741087
VTM-005581,DG-524bc56b61d1,1,0.10356647796716155,0.10356647796716155,0.897067204117775,1,0.05235499004916317,0.885519646738513,0.049341226329054515,0.012784136883269279
VTM-005636,DG-4f20c8bf2054,1,0.10356647796716155,0.10356647796716155,0.07438361644744873,1,0.31919523190968907,0.3790977575772076,0.17299728068409814,0.12870972982900508
VTM-005708,DG-f9a70b631b94,1,0.10356647796716155,0.10356647796716155,1.0353098046034575,1,0.008266584331842831,0.8475101242208314,0.1261438199965508,0.01807947145077499
VTM-005776,DG-680dd5bb102e,1,0.10356647796716155,0.10356647796716155,0.9191949889063835,1,0.05132714120067488,0.8756853304126679,0.0231855999015678,0.049801928485089346
VTM-005806,DG-81249374cf8f,1,0.10356647796716155,0.10356647796716155,1.8946902006864548,3,0.012303114219557331,0.20973330208618315,0.02228906284991715,0.7556745208443424
VTM-005811,DG-641ffb5d9242,1,0.10356647796716155,0.10356647796716155,0.9441224932670593,1,0.053003917560121086,0.8222743249218394,0.039977181485826394,0.08474457603221315
VTM-005862,DG-e760e6bcd816,1,0.10356647796716155,0.10356647796716155,0.9117650911211967,1,0.025177135571971883,0.9329901275971857,0.0005794480842143141,0.041253288746627974
VTM-005913,DG-ab8a3bfc02e4,1,0.10356647796716155,0.10356647796716155,1.423642628476955,2,0.0018118611364297656,0.4938295785813244,0.5001935264201888,0.004165033862057148
VTM-005965,DG-79094b41ea20,1,0.10356647796716155,0.10356647796716155,0.9913240550085902,1,0.007895252622509936,0.987124879928862,0.003660631466700839,0.0013192359819272522
VTM-006050,DG-839a2cfc810b,1,0.10356647796716155,0.10356647796716155,0.5686373114585876,1,0.20428806198849442,0.7560105121240683,0.019917362199325838,0.01978406368811131
VTM-006080,DG-0c340a297abd,1,0.10356647796716155,0.10356647796716155,1.5031145960092545,1,0.019590695890329073,0.8185857030624476,0.060803672328153244,0.10101992871907028
VTM-006140,DG-cc73decfbb96,1,0.10356647796716155,0.10356647796716155,1.4318431473802775,1,0.00470269407957685,0.7920244659443073,0.19046428864491843,0.012808551331197515
VTM-006143,DG-160a05e6c1b1,1,0.10356647796716155,0.10356647796716155,0.3729214072227478,1,0.1679779835680477,0.3997075948064107,0.30797386284180833,0.12434055878373322
VTM-006151,DG-4134baf148b5,1,0.10356647796716155,0.10356647796716155,1.0524604637175798,1,0.007755252847925698,0.9451748756222726,0.032642285689529836,0.01442758584027197
VTM-006157,DG-148c44f2201f,1,0.10356647796716155,0.10356647796716155,0.958807922899723,1,0.017441410088812247,0.9637697280675762,0.006711388660296036,0.012077473183315396
VTM-006171,DG-2105739ba86d,1,0.10356647796716155,0.10356647796716155,0.8087840378284454,1,0.08234309261036718,0.7570993227978022,0.018865182197566298,0.14169240239426423
VTM-006172,DG-ef4ca5523990,1,0.10356647796716155,0.10356647796716155,0.4352583885192871,1,0.2536555012149991,0.6403751514818887,0.020238392599236075,0.08573095470387619
VTM-006178,DG-888c287a8dc5,1,0.10356647796716155,0.10356647796716155,0.9703991618007421,1,0.012034834706740181,0.981674504109586,0.004336502940834992,0.001954158242838948
VTM-006203,DG-f3d7da0c67c9,1,0.10356647796716155,0.10356647796716155,1.1298849079757929,1,0.011719356088589266,0.6978468593224955,0.2728412936946884,0.017592490894226865
VTM-006220,DG-872d3b335023,1,0.10356647796716155,0.10356647796716155,1.2870536670088768,1,0.012730228958825173,0.9341786880236335,0.0179672632936765,0.0351238197238649
VTM-006225,DG-bef03e770623,1,0.10356647796716155,0.10356647796716155,0.9811026025563478,1,0.016029254074276935,0.9429471821392204,0.02952256983720082,0.011500993949301933
VTM-006228,DG-f949a61cf823,1,0.10356647796716155,0.10356647796716155,1.5400518849492073,2,0.002430436541459555,0.15721169879075514,0.8310647647405027,0.009293099927282665
VTM-006236,DG-cd8a475fc5c7,1,0.10356647796716155,0.10356647796716155,0.7643843740224838,1,0.09489286607769302,0.8695653124887772,0.022124464733888405,0.013417356699641447
VTM-006237,DG-7d88b6dc8036,1,0.10356647796716155,0.10356647796716155,0.8686677366495132,1,0.0693915183768109,0.8380617675951663,0.06311343466452428,0.029433279363498554
VTM-006252,DG-b71f7a0eedef,1,0.10356647796716155,0.10356647796716155,0.0,0,0.6533195888743784,0.24158263862002283,0.03834326878055,0.06675450372504882
VTM-006257,DG-897610d3f51d,1,0.10356647796716155,0.10356647796716155,0.1652621626853943,3,0.26430164759873537,0.07382824472795955,0.02085292343868145,0.6410171842346236
VTM-006294,DG-887458a1177d,1,0.10356647796716155,0.10356647796716155,0.8712167143821716,1,0.05373681479131777,0.8640008616926029,0.011751509321073144,0.07051081419500616
VTM-006295,DG-4626d47e0927,1,0.10356647796716155,0.10356647796716155,0.9941126443445683,1,0.0037443828916861556,0.988907025174454,0.005804424017668691,0.0015441679161914668
VTM-006328,DG-d5fa4c89bcb2,1,0.10356647796716155,0.10356647796716155,1.1956015788018703,1,0.021306447861903458,0.8841574153928972,0.055589149883600336,0.038946986861598976
VTM-006405,DG-ccad4f1667a9,1,0.10356647796716155,0.10356647796716155,0.9396505691111088,1,0.057630434701597795,0.8168928957898397,0.11808895283297062,0.007387716675591816
VTM-006536,DG-443c72da28ce,1,0.10356647796716155,0.10356647796716155,0.30330246686935425,1,0.37487123577369097,0.5751579262942619,0.008942014098070938,0.041028823833976116
VTM-006543,DG-63af5b864d85,1,0.10356647796716155,0.10356647796716155,0.925770603120327,1,0.048229966416365753,0.8940697047397987,0.038552487925017705,0.01914784091881779
VTM-006633,DG-a588e121a3ce,1,0.10356647796716155,0.10356647796716155,0.1064157485961914,0,0.43758859360203706,0.408104487452811,0.09742230862952891,0.056884610315622974
VTM-006678,DG-5bc6578c5ed8,1,0.10356647796716155,0.10356647796716155,1.3446855880320072,2,0.00017044801674084443,0.012726704041534807,0.9868781394113483,0.0002247085303761179
VTM-006698,DG-7654035341ef,1,0.10356647796716155,0.10356647796716155,0.9841265212744474,1,0.018446641020814353,0.9764513483985673,0.004069224429050328,0.0010327861515679487
VTM-006710,DG-ba6a623938de,1,0.10356647796716155,0.10356647796716155,0.9782343376427889,1,0.014241702857786847,0.9308609238052009,0.040620243694366606,0.014277129642645646
VTM-006805,DG-4a9769625722,1,0.10356647796716155,0.10356647796716155,0.9969194976147264,1,0.0032796404373428077,0.9897260547961843,0.0028998177754460007,0.004094486991026751
VTM-006810,DG-a04672801e58,1,0.10356647796716155,0.10356647796716155,0.7666012793779373,1,0.09689161469231779,0.765326470685985,0.07107197048341668,0.0667099441382805
VTM-006817,DG-685240310321,1,0.10356647796716155,0.10356647796716155,0.7288469672203064,1,0.14396600085242336,0.6556095010095813,0.15589354901419566,0.04453094912379969
VTM-006836,DG-cf583ba46706,1,0.10356647796716155,0.10356647796716155,0.0,0,0.7993157682831443,0.08327726021757229,0.060264611536381324,0.057142359962902095
VTM-006860,DG-76ded5ef04a3,1,0.10356647796716155,0.10356647796716155,0.08640313148498535,0,0.4409373255354591,0.4157209465932964,0.13081506830327605,0.012526659567968359
VTM-006874,DG-3e8ecc4a324c,1,0.10356647796716155,0.10356647796716155,0.0,0,0.5032796811743734,0.4623900827399991,0.01137428436263114,0.022955951722996373
VTM-006877,DG-15ab3b656d7d,1,0.10356647796716155,0.10356647796716155,0.0,0,0.6914939239389026,0.22207606562420448,0.07051445309397666,0.015915557342916126
VTM-006879,DG-ab868c095f43,1,0.10356647796716155,0.10356647796716155,0.9947444559074938,1,0.00608494030312925,0.8447014861094613,0.14160091982075299,0.007612653766656491
VTM-006885,DG-6501daf28f81,1,0.10356647796716155,0.10356647796716155,0.8238686770200729,1,0.1009954833049703,0.7356393481377401,0.10054032444741672,0.06282484410987277
VTM-006899,DG-d3ca4a74edc3,1,0.10356647796716155,0.10356647796716155,0.9063492119312286,1,0.06650850523049477,0.9219213242166467,0.0008990497178925395,0.010671120834965958
VTM-006920,DG-6d5b246b0f5d,1,0.10356647796716155,0.10356647796716155,0.14699214696884155,1,0.41896378104575316,0.48825425281701057,0.04147490651165262,0.051307059625583594
VTM-006923,DG-b519c5aec4f7,1,0.10356647796716155,0.10356647796716155,1.1645047068595886,2,0.062220121550293064,0.38318735509857094,0.4097115435933995,0.14488097975773637
VTM-006949,DG-44101e66695f,1,0.10356647796716155,0.10356647796716155,1.520552136003971,2,0.017795380187289926,0.30472176879934676,0.6011351293875479,0.07634772162581534
VTM-006956,DG-a61465db87b9,1,0.10356647796716155,0.10356647796716155,0.9963009569328278,1,0.0021656533223652,0.9711166360849428,0.023729477170922653,0.0029882334217691928
VTM-006963,DG-afc05f4307d0,1,0.10356647796716155,0.10356647796716155,1.0729617476463318,1,0.088907181112722,0.5200061557663263,0.028488553419156477,0.3625981097017952
VTM-006979,DG-58d413850ced,1,0.10356647796716155,0.10356647796716155,0.008505463600158691,3,0.23925197957988428,0.14211948674167796,0.1433409221221243,0.47528761155631344
VTM-007112,DG-e26d6b558205,1,0.10356647796716155,0.10356647796716155,1.6588108614087105,1,0.015438654344075493,0.8180995828949214,0.08157048932379299,0.08489127343721008
VTM-007121,DG-a939f20b22e0,1,0.10356647796716155,0.10356647796716155,0.0,0,0.4148194941534286,0.2535962503863626,0.24178606177883247,0.0897981936813762
VTM-007129,DG-f0b4c5c4799c,1,0.10356647796716155,0.10356647796716155,1.2615752489655279,1,0.00011075261038048369,0.9952656637705092,0.00413071626362572,0.0004928673554845461
VTM-007150,DG-cf8a125e50d9,1,0.10356647796716155,0.10356647796716155,0.555831789970398,1,0.2842115434537055,0.5680594057842931,0.07390577620051866,0.07382327456148277
VTM-007155,DG-825926fbeaf0,1,0.10356647796716155,0.10356647796716155,0.9892744198441505,1,0.013260624265872588,0.9741823006397363,0.009458781031533267,0.0030982940628578996
VTM-007160,DG-f5950cc9cf3c,1,0.10356647796716155,0.10356647796716155,0.9806102216243744,1,0.00927875598361781,0.9199300562164866,0.06640639222142608,0.004384795578469482
VTM-007206,DG-3bf993c53651,1,0.10356647796716155,0.10356647796716155,0.914638951420784,1,0.06161507540352685,0.7730143774721718,0.15151024281799305,0.013860304306308227
VTM-007219,DG-b296bdb18f6e,1,0.10356647796716155,0.10356647796716155,0.981719771400094,1,0.006348914328117443,0.9837948455289068,0.0021666622396689173,0.007689577903306769
VTM-007250,DG-d054717f484a,1,0.10356647796716155,0.10356647796716155,1.148390769958496,3,0.09172504336769637,0.2657630204625738,0.10172675784342278,0.540785178326307
VTM-007270,DG-15bd612d24e6,1,0.10356647796716155,0.10356647796716155,0.8545240610837936,1,0.10121684362667958,0.7013267465210047,0.14657794712708247,0.05087846272523326
VTM-007282,DG-72e18c9884fe,1,0.10356647796716155,0.10356647796716155,0.24045199155807495,0,0.3365964304508413,0.3235621437195165,0.24796412312812774,0.09187730270151445
VTM-007285,DG-1edab0fb33e0,1,0.10356647796716155,0.10356647796716155,1.564896121621132,2,0.02817848845916505,0.2797877639941592,0.5459099081143086,0.14612383943236712
VTM-007287,DG-d3276520fd0a,1,0.10356647796716155,0.10356647796716155,0.0,0,0.5660534125497292,0.4119397184595298,0.0055679075708587105,0.016438961419882225
VTM-007314,DG-eafc6da806c0,1,0.10356647796716155,0.10356647796716155,1.850922136567533,1,0.004489162742815334,0.9178730629350424,0.008818385859845967,0.06881938846229613
VTM-007317,DG-8b195d054cfc,1,0.10356647796716155,0.10356647796716155,0.9820503424853086,1,0.007924980352557833,0.6829820371487763,0.30121459321082583,0.007878389287839876
VTM-007336,DG-b45e35735ca1,1,0.10356647796716155,0.10356647796716155,0.9710195735096931,1,0.018001776659658235,0.947697966903675,0.01985877970059511,0.014441476736071676
VTM-007344,DG-ed49674b7d31,1,0.10356647796716155,0.10356647796716155,1.083120509982109,1,0.038317507026713986,0.8071360536706212,0.050181365004395385,0.1043650742982695
VTM-007417,DG-fb93c68f7c60,1,0.10356647796716155,0.10356647796716155,0.7570286244153976,2,0.05883572736449649,0.30353958217992716,0.6186693557598396,0.018955334695736625
VTM-007420,DG-774f243f0066,1,0.10356647796716155,0.10356647796716155,1.251065582036972,1,0.07805446538792744,0.47838646849162025,0.027602490168675872,0.4159565759517764
VTM-007432,DG-92b3cc170806,1,0.10356647796716155,0.10356647796716155,0.9098016768693924,1,0.06293817115091725,0.8826331370232493,0.0016560145458055673,0.052772677280027804
VTM-007445,DG-3a2923998b9f,1,0.10356647796716155,0.10356647796716155,0.9607040323317051,1,0.02365747377027701,0.5363527319382915,0.42116050481233747,0.018829289479094017
VTM-007487,DG-8e6b1faa1a02,1,0.10356647796716155,0.10356647796716155,0.0,0,0.6111220424024759,0.08780350854854516,0.03194417606859296,0.26913027298038594
VTM-007490,DG-bdcea29d26bb,1,0.10356647796716155,0.10356647796716155,1.0007996391505003,1,0.007801262962580211,0.8965568385229402,0.07990941632954682,0.01573248218493274
VTM-007512,DG-fea175dbfc71,1,0.10356647796716155,0.10356647796716155,1.4639489222317934,1,0.005677199424210582,0.9463409743230994,0.03515044575484755,0.012831380497842371
VTM-007516,DG-b0229a65aff6,1,0.10356647796716155,0.10356647796716155,1.3115827701985836,1,0.014110842976426095,0.7085272742122645,0.2591374213300038,0.018224461481305597
VTM-007577,DG-d5f96cfa3972,1,0.10356647796716155,0.10356647796716155,1.1580202979966998,1,0.002822107714530519,0.9027465874709293,0.09030584862335346,0.004125456191186781
VTM-007584,DG-d0af3f3d2314,1,0.10356647796716155,0.10356647796716155,1.7497726567089558,1,0.008722540016382094,0.8981655233483712,0.016609758162934286,0.07650217847231258
VTM-007623,DG-2cf1d3a7ddcf,1,0.10356647796716155,0.10356647796716155,1.4912002757191658,1,0.039631340890065536,0.7144232832284322,0.0556122323878616,0.19033314349364075
VTM-007672,DG-9308f70f286f,1,0.10356647796716155,0.10356647796716155,1.0803396068513393,1,0.005415283381229572,0.9787940616506086,0.005557706355100127,0.010232948613061812
VTM-007691,DG-9e49b8ee0eff,1,0.10356647796716155,0.10356647796716155,0.979609040543437,1,0.016467920473177144,0.68126869429323,0.2890909208863933,0.013172464347199505
VTM-007738,DG-603d299e2d00,1,0.10356647796716155,0.10356647796716155,1.7050055600702763,1,0.01728711023187417,0.6938435581206389,0.17285537608527465,0.11601395556221246
VTM-007747,DG-e705e3ff61f9,1,0.10356647796716155,0.10356647796716155,0.8175584822893143,1,0.07786757830172202,0.4909526057560174,0.40994740622503945,0.021232409717221193
VTM-007778,DG-431157e10144,1,0.10356647796716155,0.10356647796716155,1.2862195447087288,1,0.030209371827106316,0.8326433258686107,0.07115992669235306,0.06598737561193005
VTM-007794,DG-2006ebf947a5,1,0.10356647796716155,0.10356647796716155,1.2663861876353621,1,0.004030632926915088,0.9558755982116887,0.029747541083852035,0.01034622777754422
VTM-007844,DG-7411d6ae34ff,1,0.10356647796716155,0.10356647796716155,0.8022482693195343,1,0.08439163294612692,0.7411067687713109,0.1391928755435327,0.03530872273902954
VTM-007851,DG-8c5f758e015a,1,0.10356647796716155,0.10356647796716155,0.6668165028095245,1,0.1546629135624594,0.7047397453330101,0.07347617799718083,0.0671211631073497
VTM-007885,DG-564459a6ad64,1,0.10356647796716155,0.10356647796716155,0.9357299208641052,1,0.03892725427227148,0.8398449752960876,0.07602927560638618,0.04519849482525464
VTM-007897,DG-a07c307f1a6a,1,0.10356647796716155,0.10356647796716155,0.7839417010545731,1,0.10795157106152846,0.6131313643866444,0.14043269525092908,0.1384843693008981
VTM-007958,DG-75b19ae0bf59,1,0.10356647796716155,0.10356647796716155,0.2817460298538208,1,0.30132473911099134,0.5949005306722291,0.052170122909141144,0.05160460730763837
VTM-007961,DG-ad1c960b6599,1,0.10356647796716155,0.10356647796716155,0.9211337491869926,1,0.08915837859734926,0.8780274663914773,0.027672158234569505,0.005141996776603757
VTM-007976,DG-ca4759340cca,1,0.10356647796716155,0.10356647796716155,0.7862167805433273,2,0.10474888618840054,0.36102696404965273,0.46246769177393915,0.07175645798800755
VTM-008019,DG-a043b5aef864,1,0.10356647796716155,0.10356647796716155,0.20810210704803467,0,0.5196820307702392,0.4301958530155618,0.018754965714382475,0.031367150499816476
VTM-008030,DG-ce30e5849b0f,1,0.10356647796716155,0.10356647796716155,0.8287295699119568,1,0.08523337721534979,0.5477108767165371,0.3524112607932477,0.01464448527486548
VTM-008174,DG-35d148f2d41b,1,0.10356647796716155,0.10356647796716155,0.855762779712677,1,0.053313578651922086,0.6979054438905544,0.18938759131794985,0.05939338613957353
VTM-008187,DG-9c5c7d8c9153,1,0.10356647796716155,0.10356647796716155,0.8943511545658112,1,0.049113865990595675,0.814240630577941,0.11578436857364799,0.020861134857815364
VTM-008188,DG-1047df88ccd1,1,0.10356647796716155,0.10356647796716155,0.9713331889361143,1,0.01574329970726077,0.9117341713715542,0.06846463067651219,0.004057898244672727
VTM-008204,DG-fe2fe1cb4895,1,0.10356647796716155,0.10356647796716155,0.9925175765529275,1,0.008852909382279155,0.9738289406121038,0.015380430741575205,0.001937719264041723
VTM-008302,DG-6fb0b8e098ce,1,0.10356647796716155,0.10356647796716155,0.993301865644753,1,0.005154247423020929,0.9705596117260026,0.023089605019060294,0.0011965358319161578
VTM-008309,DG-0a66088d4b39,1,0.10356647796716155,0.10356647796716155,0.9906001733615994,1,0.006843846131086993,0.6350246379036978,0.34988874976832846,0.008242766196886657
VTM-008312,DG-ae5e342f20ba,1,0.10356647796716155,0.10356647796716155,0.9977206161711365,1,0.003015266097126386,0.9700711171613697,0.0241968268094063,0.0027167899320975453
VTM-008349,DG-d11d438ffb18,1,0.10356647796716155,0.10356647796716155,0.7602037936449051,1,0.21188657402173006,0.6595881277465254,0.10703052372575012,0.021494774505994345
VTM-008360,DG-a5093433625e,1,0.10356647796716155,0.10356647796716155,1.1664760261774063,1,0.042530482787928765,0.7970496585311616,0.04025864097844986,0.12016121770245965
VTM-008370,DG-2fc4aaa41fd8,1,0.10356647796716155,0.10356647796716155,0.26026052236557007,1,0.32999370302775954,0.4786154060476654,0.10310285046615211,0.08828804045842291
VTM-008380,DG-6eaffef04e54,1,0.10356647796716155,0.10356647796716155,0.9980574758956209,1,0.0030219279060525075,0.7409089152246273,0.25134285484284696,0.004726302026473133
VTM-008428,DG-71584711f1e6,1,0.10356647796716155,0.10356647796716155,0.7882244437932968,1,0.09814242440632256,0.7659022060071498,0.07893465173288929,0.05702071785363853
VTM-008466,DG-b35e864c1165,1,0.10356647796716155,0.10356647796716155,1.3830397874116898,2,0.007575116822044549,0.18490656366871658,0.7932207128946461,0.014297606614592898
VTM-008509,DG-3ead6a91b3ad,1,0.10356647796716155,0.10356647796716155,1.3983263785485178,1,0.0029716649988627748,0.8570286228746956,0.1311152542982597,0.008884457828181912
VTM-008520,DG-cc289f754191,1,0.10356647796716155,0.10356647796716155,0.5554856657981873,1,0.2125691912009231,0.6969327506070979,0.05750219245056031,0.03299586574141869
VTM-008532,DG-6244aef85417,1,0.10356647796716155,0.10356647796716155,1.382058560848236,2,0.02984994789325599,0.142771044769698,0.6547502821593848,0.17262872517766129
VTM-008533,DG-a842d91005a1,1,0.10356647796716155,0.10356647796716155,0.0,0,0.41062503156749525,0.06728482319002409,0.30783241782828275,0.21425772741419785
VTM-008539,DG-ee316328426b,1,0.10356647796716155,0.10356647796716155,1.765217580134049,1,0.0007313626909106434,0.757969770495287,0.23435207482065262,0.00694679199314967
